Shipper ID,Tracking ID,Origin Hub Name,Dest Hub Name,Count
11398224,26062603190507YMXN8GUVV-01,MAC-MAC,MAC-SRN,1
11398224,26062603190507YMXN8GUVV-DO,MAC-MAC,MAC-KD5,1
11398224,26062703330435ZEOQPNQXD-01,SUB-SUB,SUB-TBN,1
11398224,26062703330435ZEOQPNQXD-DO,SUB-TBN,SUB-NWE,1
11398224,260627034930835DQEGRJA-01,MAC-MAC,MAC-JPK,1
11398224,260627034930835DQEGRJA-DO,MAC-MAC,MAC-KD5,1
11398224,26062704071581YXHPTZZL8-01,SUB-SUB,SRG-SLT,1
11398224,26062704071581YXHPTZZL8-DO,SRG-SLT,SUB-NWE,1
11398224,26062704080884B1KPET-01,MAC-MAC,BDO-CMS,1
11398224,26062704080884B1KPET-02,MAC-MAC,BDO-CMS,1
11398224,26062704080884B1KPET-DO,BDO-BDO,MAC-KD5,1
11398224,26062704500140K6ZQFQJG5-01,MAC-MAC,BDO-SKI,1
11398224,26062704500140K6ZQFQJG5-DO,BDO-BDO,MAC-KD5,1
11398224,26062704500140RZR74TTKY-01,MAC-MAC,BDO-SKI,1
11398224,26062704500140RZR74TTKY-DO,BDO-BDO,MAC-KD5,1
11398224,26062704583289GSRTVYYCC0-01,MAC-MAC,CBN-MJL,1
11398224,26062704583289GSRTVYYCC0-DO,CBN-MJL,MAC-KD5,1
11398224,26062704583289VODDMVQLO-01,MAC-MAC,CBN-MJL,1
11398224,26062704583289VODDMVQLO-DO,CBN-MJL,MAC-KD5,1
11398224,26062705013144QWB5VNPW-01,SUB-SUB,SOC-NGW,1
11398224,26062705013144QWB5VNPW-DO,SOC-SOC,SUB-NWE,1
11398224,26062705122191L0OBCL7E4-01,SUB-SUB,CBN-TGL,1
11398224,26062705122191L0OBCL7E4-DO,CBN-CBN,SUB-NWE,1
11398224,26062705122191WOTDXDEFJ7-01,SUB-SUB,CBN-TGL,1
11398224,26062705122191WOTDXDEFJ7-DO,CBN-CBN,SUB-NWE,1
11398224,26062705282542PFG7OXOQ-01,SUB-SUB,SOC-NGW,1
11398224,26062705282542PFG7OXOQ-02,SUB-SUB,SOC-NGW,1
11398224,26062705282542PFG7OXOQ-DO,SOC-SOC,SUB-NWE,1
11398224,26062705324442QJRJLJ5Z3-01,MAC-MAC,MAC-KLR,1
11398224,26062705324442QJRJLJ5Z3-DO,MAC-MAC,MAC-KD5,1
11398224,260627053534708MSAVITHT1-01,MAC-MAC,BDO-SMD,1
11398224,260627053534708MSAVITHT1-DO,BDO-BDO,MAC-KD5,1
11398224,26062705353470AI2BIF1XNZ-01,MAC-MAC,BDO-SMD,1
11398224,26062705353470AI2BIF1XNZ-DO,BDO-BDO,MAC-KD5,1
11398224,26062705353470IK0QDHRCWY-01,MAC-MAC,BDO-SMD,1
11398224,26062705353470IK0QDHRCWY-DO,BDO-BDO,MAC-KD5,1
11398224,26062705504318TZP5EKDZNP-01,MAC-MAC,BDO-BJR,1
11398224,26062705504318TZP5EKDZNP-DO,BDO-BJR,MAC-KD5,1
11398224,26062705504318YUYBFPR6Q-01,MAC-MAC,BDO-BJR,1
11398224,26062705504318YUYBFPR6Q-DO,BDO-BJR,MAC-KD5,1
11398224,26062706165673R0ANWBBW6-01,MAC-MAC,CBN-MJL,1
11398224,26062706165673R0ANWBBW6-DO,CBN-MJL,MAC-KD5,1
11398224,2606270616567429ALRTFDLK-01,MAC-MAC,CBN-MJL,1
11398224,2606270616567429ALRTFDLK-DO,CBN-MJL,MAC-KD5,1
11398224,260627070620205ONFNNNXP-01,MAC-MAC,MAC-KRL,1
11398224,260627070620205ONFNNNXP-DO,MAC-KRL,MAC-KD5,1
11398224,26062707062020OVNOYZD2D-01,MAC-MAC,MAC-KRL,1
11398224,26062707062020OVNOYZD2D-DO,MAC-KRL,MAC-KD5,1
11398224,260627070739693KSUJEGJD-01,MAC-MAC,MAC-CST,1
11398224,260627070739693KSUJEGJD-DO,MAC-MAC,MAC-KD5,1
11398224,26062707073969CV6OOJQDE-01,MAC-MAC,MAC-CST,1
11398224,26062707073969CV6OOJQDE-DO,MAC-MAC,MAC-KD5,1
11398224,26062708050095OB7SUGTOEZ-01,MAC-MAC,BDO-KJT,1
11398224,26062708050095OB7SUGTOEZ-DO,BDO-KJT,MAC-KD5,1
11398224,26062708050095Z2KJ3BKZG-01,MAC-MAC,BDO-KJT,1
11398224,26062708050095Z2KJ3BKZG-DO,BDO-KJT,MAC-KD5,1
11398224,26062708080024IB2W1XRFFI-01,SUB-SUB,SUB-TBN,1
11398224,26062708080024IB2W1XRFFI-DO,SUB-TBN,SUB-NWE,1
11398224,26062708080024MTBZZYQFY-01,SUB-SUB,SUB-TBN,1
11398224,26062708080024MTBZZYQFY-DO,SUB-TBN,SUB-NWE,1
11398224,26062708103446NGRW4WIKKH-01,MAC-MAC,MAC-SRN,1
11398224,26062708103446NGRW4WIKKH-DO,MAC-MAC,MAC-KD5,1
11398224,26062708103446UXCQH2SRQ-01,MAC-MAC,MAC-SRN,1
11398224,26062708103446UXCQH2SRQ-DO,MAC-MAC,MAC-KD5,1
11398224,260627093601578D7HUSZU0-01,SUB-SUB,SUB-JOM,1
11398224,260627093601578D7HUSZU0-DO,SUB-SUB,SUB-NWE,1
11398224,26062709360157HWRONXXQS-01,SUB-SUB,SUB-JOM,1
11398224,26062709360157HWRONXXQS-DO,SUB-SUB,SUB-NWE,1
11398224,26062711443092GEXJ1EAVD-01,MAC-MAC,BDO-SNR,1
11398224,26062711443092GEXJ1EAVD-DO,BDO-BDO,MAC-KD5,1
11398224,26062711443092PN1VRCQ0EN-01,MAC-MAC,BDO-SNR,1
11398224,26062711443092PN1VRCQ0EN-DO,BDO-BDO,MAC-KD5,1
11398224,26062712031854BTGP39O7-01,MAC-MAC,BDO-PMN,1
11398224,26062712031854BTGP39O7-DO,BDO-BDO,MAC-KD5,1
11398224,26062713483654ADS8BWI86-01,MAC-MAC,MAC-SRN,1
11398224,26062713483654ADS8BWI86-DO,MAC-MAC,MAC-KD5,1
11398224,26062713483654BCNMYD6PHO-01,MAC-MAC,MAC-SRN,1
11398224,26062713483654BCNMYD6PHO-DO,MAC-MAC,MAC-KD5,1
11398224,26062715304195CQTMUDDV-01,MAC-MAC,MAC-CBD,1
11398224,26062715304195CQTMUDDV-DO,MAC-MAC,MAC-KD5,1
11398224,26062715304195LZ1RK2EWLR-01,MAC-MAC,MAC-CBD,1
11398224,26062715304195LZ1RK2EWLR-02,MAC-MAC,MAC-CBD,1
11398224,26062715304195LZ1RK2EWLR-DO,MAC-MAC,MAC-KD5,1
11398224,260627162905458QNZQDVBW-01,SUB-SUB,SUB-PWH,1
11398224,260627162905458QNZQDVBW-DO,SUB-SUB,SUB-NWE,1
11398224,26062716290545PZ89CZIJ2Z-01,SUB-SUB,SUB-PWH,1
11398224,26062716290545PZ89CZIJ2Z-DO,SUB-SUB,SUB-NWE,1
11398224,26062716290545XCEFNX7DGW-01,SUB-SUB,SUB-PWH,1
11398224,26062716290545XCEFNX7DGW-DO,SUB-SUB,SUB-NWE,1
11398224,26062722252926OTOVX94GX-01,SUB-SUB,SOC-NGW,1
11398224,26062722252926OTOVX94GX-DO,SOC-SOC,SUB-NWE,1
11398224,26062722252926QBXGFEDGO-01,SUB-SUB,SOC-NGW,1
11398224,26062722252926QBXGFEDGO-DO,SOC-SOC,SUB-NWE,1
11398224,26062800211702RMR81KRDG-01,MAC-MAC,CBN-MJL,1
11398224,26062800211702RMR81KRDG-DO,CBN-MJL,MAC-KD5,1
11398224,26062800285799SALWTM36R-01,MAC-MAC,MAC-SKT,1
11398224,26062800285799SALWTM36R-DO,MAC-SKT,MAC-KD5,1
11398224,26062801112189BSINPCB7L-01,MAC-MAC,MAC-JPK,1
11398224,26062801112189BSINPCB7L-DO,MAC-MAC,MAC-KD5,1
11398224,26062801112189XMGYUF8L14-01,MAC-MAC,MAC-JPK,1
11398224,26062801112189XMGYUF8L14-DO,MAC-MAC,MAC-KD5,1
11398224,26062802030016HFRZ0H33C-01,SUB-SUB,SOC-NJK,1
11398224,26062802030016HFRZ0H33C-DO,SOC-SOC,SUB-NWE,1
11398224,26062803062043QZBQWJSU-01,SUB-SUB,SOC-NGW,1
11398224,26062803062043QZBQWJSU-DO,SOC-SOC,SUB-NWE,1
11398224,260628031355977GSU5Z5XF-01,MAC-MAC,CBN-MJL,1
11398224,260628031355977GSU5Z5XF-DO,CBN-MJL,MAC-KD5,1
11398224,26062803135598FM2LLWUWUQ-01,MAC-MAC,CBN-MJL,1
11398224,26062803135598FM2LLWUWUQ-02,MAC-MAC,CBN-MJL,1
11398224,26062803135598FM2LLWUWUQ-DO,CBN-MJL,MAC-KD5,1
11398224,26062803135598VC9XGYVR21-01,MAC-MAC,CBN-MJL,1
11398224,26062803135598VC9XGYVR21-DO,CBN-MJL,MAC-KD5,1
11398224,260628032018090ERRTHNW2-01,MAC-MAC,BDO-SNR,1
11398224,260628032018090ERRTHNW2-02,MAC-MAC,BDO-SNR,1
11398224,260628032018090ERRTHNW2-DO,BDO-BDO,MAC-KD5,1
11398224,260628035308726RLUKL9NQ2-01,SUB-SUB,SRG-KDL,1
11398224,260628035308726RLUKL9NQ2-02,SUB-SUB,SRG-KDL,1
11398224,260628035308726RLUKL9NQ2-DO,SRG-KDL,SUB-NWE,1
11398224,26062803530872IPCV3PYNCD-01,SUB-SUB,SRG-KDL,1
11398224,26062803530872IPCV3PYNCD-DO,SRG-KDL,SUB-NWE,1
11398224,26062803530872YWAVDMB9-01,SUB-SUB,SRG-KDL,1
11398224,26062803530872YWAVDMB9-DO,SRG-KDL,SUB-NWE,1
11398224,26062804151086BTBYDRLF-01,MAC-MAC,BDO-PWA,1
11398224,26062804151086BTBYDRLF-DO,BDO-BDO,MAC-KD5,1
11398224,26062804151086TLYBJPUNC-01,MAC-MAC,BDO-PWA,1
11398224,26062804151086TLYBJPUNC-DO,BDO-BDO,MAC-KD5,1
11398224,26062804321679AJCVNEVDS-01,MAC-MAC,CBN-KNG,1
11398224,26062804321679AJCVNEVDS-DO,CBN-CBN,MAC-KD5,1
11398224,26062804321679D5QKB6MIHA-01,MAC-MAC,CBN-KNG,1
11398224,26062804321679D5QKB6MIHA-DO,CBN-CBN,MAC-KD5,1
11398224,26062804321679TTGCJILUOE-01,MAC-MAC,CBN-KNG,1
11398224,26062804321679TTGCJILUOE-DO,CBN-CBN,MAC-KD5,1
11398224,26062805004199ROKPB12O-01,SUB-SUB,SRG-SLT,1
11398224,26062805004199ROKPB12O-DO,SRG-SLT,SUB-NWE,1
11398224,260628055633758JF4CKYK-01,MAC-MAC,BDO-BJR,1
11398224,260628055633758JF4CKYK-DO,BDO-BJR,MAC-KD5,1
11398224,26062805563375HLELCZXXFU-01,MAC-MAC,BDO-BJR,1
11398224,26062805563375HLELCZXXFU-DO,BDO-BJR,MAC-KD5,1
11398224,26062805563375ISY4UZYJBR-01,MAC-MAC,BDO-BJR,1
11398224,26062805563375ISY4UZYJBR-02,MAC-MAC,BDO-BJR,1
11398224,26062805563375ISY4UZYJBR-DO,BDO-BJR,MAC-KD5,1
11398224,26062806351120TGP27CWHH-01,SUB-SUB,SOC-BJN,1
11398224,26062806351120TGP27CWHH-DO,SOC-SOC,SUB-NWE,1
11398224,26062806351120VRXZGUJL8K-01,SUB-SUB,SOC-BJN,1
11398224,26062806351120VRXZGUJL8K-DO,SOC-SOC,SUB-NWE,1
11398224,260628074209420GV2IYR4-01,MAC-MAC,MAC-SKT,1
11398224,260628074209420GV2IYR4-DO,MAC-SKT,MAC-KD5,1
11398224,26062807530462NXSVQD20F-01,SUB-SUB,SUB-JOM,1
11398224,26062807530462NXSVQD20F-DO,,SUB-NWE,1
11398224,2606280758246653GAMWMKL-01,MAC-MAC,CBN-MJL,1
11398224,2606280758246653GAMWMKL-DO,CBN-MJL,MAC-KD5,1
11398224,26062807582466H5XATZZ0G-01,MAC-MAC,CBN-MJL,1
11398224,26062807582466H5XATZZ0G-DO,CBN-MJL,MAC-KD5,1
11398224,26062808532430MBZSEPLEX-01,SUB-SUB,SOC-NGW,1
11398224,26062808532430MBZSEPLEX-DO,SOC-SOC,SUB-NWE,1
11398224,26062809245862H6R5O6KAA6-01,MAC-MAC,BDO-KJT,1
11398224,26062809245862H6R5O6KAA6-DO,BDO-KJT,MAC-KD5,1
11398224,26062809245862W7VQLG5VM-01,MAC-MAC,BDO-KJT,1
11398224,26062809245862W7VQLG5VM-DO,BDO-KJT,MAC-KD5,1
11398224,26062810021913NZE9SM6OO-01,MAC-MAC,BDO-PWA,1
11398224,26062810021913NZE9SM6OO-DO,BDO-BDO,MAC-KD5,1
11398224,26062810021914MJQFZBQKE7-01,MAC-MAC,BDO-PWA,1
11398224,26062810021914MJQFZBQKE7-DO,BDO-BDO,MAC-KD5,1
11398224,26062811471766J2OJNMLVU-01,SUB-SUB,SOC-NGW,1
11398224,26062811471766J2OJNMLVU-DO,SOC-SOC,SUB-NWE,1
11398224,26062812125629USDDT73QO-01,MAC-MAC,MAC-JPK,1
11398224,26062812125629USDDT73QO-DO,MAC-MAC,MAC-KD5,1
11398224,26062812240461FFBX4FZZY-01,MAC-MAC,MAC-SKT,1
11398224,26062812240461FFBX4FZZY-DO,MAC-SKT,MAC-KD5,1
11398224,26062812240461L5PBGQDF-01,MAC-MAC,MAC-SKT,1
11398224,26062812240461L5PBGQDF-DO,MAC-SKT,MAC-KD5,1
11398224,26062813371765KHSYUGVO2-01,SUB-SUB,SUB-TBN,1
11398224,26062813371765KHSYUGVO2-DO,SUB-TBN,SUB-NWE,1
11398224,260628134705057DO2NN2ET8-01,SUB-SUB,SUB-TBN,1
11398224,260628134705057DO2NN2ET8-DO,SUB-TBN,SUB-NWE,1
11398224,260628134705058F46HOSH-01,SUB-SUB,SUB-TBN,1
11398224,260628134705058F46HOSH-DO,SUB-TBN,SUB-NWE,1
11398224,26062813581439ENRGQNOWD-01,MAC-MAC,CBN-MJL,1
11398224,26062813581439ENRGQNOWD-DO,CBN-MJL,MAC-KD5,1
11398224,26062814254048U5KRLEDEP-01,MAC-MAC,MAC-CBD,1
11398224,26062814254048U5KRLEDEP-02,MAC-MAC,MAC-CBD,1
11398224,26062814254048U5KRLEDEP-DO,MAC-MAC,MAC-KD5,1
11398224,260628143418698A2RODS2IU-01,MAC-MAC,BDO-PWA,1
11398224,260628143418698A2RODS2IU-DO,BDO-BDO,MAC-KD5,1
11398224,26062814341869ANOVW5AT8U-01,MAC-MAC,BDO-PWA,1
11398224,26062814341869ANOVW5AT8U-02,MAC-MAC,BDO-PWA,1
11398224,26062814341869ANOVW5AT8U-DO,BDO-BDO,MAC-KD5,1
11398224,26062814341869WT2YZH684A-01,MAC-MAC,BDO-PWA,1
11398224,26062814341869WT2YZH684A-02,MAC-MAC,BDO-PWA,1
11398224,26062814341869WT2YZH684A-DO,BDO-BDO,MAC-KD5,1
11398224,26062814341869YDCCIXHI-01,MAC-MAC,BDO-PWA,1
11398224,26062814341869YDCCIXHI-DO,BDO-BDO,MAC-KD5,1
11398224,26062814555033UPBGFOGTF-01,MAC-MAC,BDO-SMD,1
11398224,26062814555033UPBGFOGTF-DO,BDO-BDO,MAC-KD5,1
11398224,26062815371612AWONXX0NT-01,MAC-MAC,MAC-CLG,1
11398224,26062815371612AWONXX0NT-DO,MAC-CLG,MAC-KD5,1
11398224,26062815371612G4Q5UJQOJ4-01,MAC-MAC,MAC-CLG,1
11398224,26062815371612G4Q5UJQOJ4-DO,MAC-CLG,MAC-KD5,1
11398224,26062815371612KNP84HU9W7-01,MAC-MAC,MAC-CLG,1
11398224,26062815371612KNP84HU9W7-DO,MAC-CLG,MAC-KD5,1
11398224,26062815561381MZI9FOHLYO-01,MAC-MAC,MAC-JPK,1
11398224,26062815561381MZI9FOHLYO-DO,MAC-MAC,MAC-KD5,1
11398224,26062815561381ZFIQPEPC3-01,MAC-MAC,MAC-JPK,1
11398224,26062815561381ZFIQPEPC3-02,MAC-MAC,MAC-JPK,1
11398224,26062815561381ZFIQPEPC3-DO,MAC-MAC,MAC-KD5,1
11398224,26062822101892IU7UGYGQYM-01,MAC-MAC,BDO-KJT,1
11398224,26062822101892IU7UGYGQYM-DO,BDO-KJT,MAC-KD5,1
11398224,26062822101892TBB5NEN0GT-01,MAC-MAC,BDO-KJT,1
11398224,26062822101892TBB5NEN0GT-02,MAC-MAC,BDO-KJT,1
11398224,26062822101892TBB5NEN0GT-DO,BDO-KJT,MAC-KD5,1
11398224,26062823233707LCZEVPI9B-01,MAC-MAC,CBN-MJL,1
11398224,26062823233707LCZEVPI9B-DO,CBN-MJL,MAC-KD5,1
11398224,26062823464252554KFH45LV-01,MAC-MAC,BDO-PWA,1
11398224,26062823464252554KFH45LV-DO,BDO-BDO,MAC-KD5,1
11398224,26062823464252ZK6SK4KIX-01,MAC-MAC,BDO-PWA,1
11398224,26062823464252ZK6SK4KIX-DO,BDO-BDO,MAC-KD5,1
11398224,26062823515324YIWIHRG9T-01,MAC-MAC,MAC-CLG,1
11398224,26062823515324YIWIHRG9T-DO,MAC-CLG,MAC-KD5,1
11398224,26062823530585AGIQVUQTVN-01,MAC-MAC,BDO-PWA,1
11398224,26062823530585AGIQVUQTVN-DO,BDO-BDO,MAC-KD5,1
11398224,26062823530585LMFDG8KEL-01,MAC-MAC,BDO-PWA,1
11398224,26062823530585LMFDG8KEL-02,MAC-MAC,BDO-PWA,1
11398224,26062823530585LMFDG8KEL-DO,BDO-BDO,MAC-KD5,1
11398224,260629000445398YCH6YZIX-01,MAC-MAC,CBN-MJL,1
11398224,260629000445398YCH6YZIX-DO,CBN-MJL,MAC-KD5,1
11398224,26062900044539UVJ7ZBIZA4-01,MAC-MAC,CBN-MJL,1
11398224,26062900044539UVJ7ZBIZA4-02,MAC-MAC,CBN-MJL,1
11398224,26062900044539UVJ7ZBIZA4-DO,CBN-MJL,MAC-KD5,1
11398224,26062900115944CGW3GWX1P7-01,MAC-MAC,BDO-PWA,1
11398224,26062900115944CGW3GWX1P7-DO,BDO-BDO,MAC-KD5,1
11398224,26062900115944EH9T1P7GFY-01,MAC-MAC,BDO-PWA,1
11398224,26062900115944EH9T1P7GFY-DO,MAC-MAC,MAC-KD5,1
11398224,26062900115944WM3SS28G-01,MAC-MAC,BDO-PWA,1
11398224,26062900115944WM3SS28G-DO,BDO-BDO,MAC-KD5,1
11398224,26062900200306D2LKWIDG-01,MAC-MAC,BDO-BJR,1
11398224,26062900200306D2LKWIDG-02,MAC-MAC,BDO-BJR,1
11398224,26062900200306D2LKWIDG-DO,BDO-BJR,MAC-KD5,1
11398224,26062900200306GBIYJSWYGQ-01,MAC-MAC,BDO-BJR,1
11398224,26062900200306GBIYJSWYGQ-02,MAC-MAC,BDO-BJR,1
11398224,26062900200306GBIYJSWYGQ-DO,BDO-BJR,MAC-KD5,1
11398224,26062900200306PVKJFAIFVW-01,MAC-MAC,BDO-BJR,1
11398224,26062900200306PVKJFAIFVW-02,MAC-MAC,BDO-BJR,1
11398224,26062900200306PVKJFAIFVW-DO,BDO-BJR,MAC-KD5,1
11398224,26062900200306QE07F30TM-01,MAC-MAC,BDO-BJR,1
11398224,26062900200306QE07F30TM-DO,BDO-BJR,MAC-KD5,1
11398224,26062900401211ARDWPGYTF0-01,MAC-MAC,BDO-PWA,1
11398224,26062900401211ARDWPGYTF0-DO,BDO-BDO,MAC-KD5,1
11398224,26062900401211F3SJUQM85-01,MAC-MAC,BDO-PWA,1
11398224,26062900401211F3SJUQM85-DO,BDO-BDO,MAC-KD5,1
11398224,26062900401211YF4VA3LHK-01,MAC-MAC,BDO-PWA,1
11398224,26062900401211YF4VA3LHK-DO,BDO-BDO,MAC-KD5,1
11398224,26062901234001M0LSCRH7-01,SUB-SUB,SOC-NGW,1
11398224,26062901234001M0LSCRH7-DO,SOC-SOC,SUB-NWE,1
11398224,26062901234001WLI6RLX9-01,SUB-SUB,SOC-NGW,1
11398224,26062901234001WLI6RLX9-02,SUB-SUB,SOC-NGW,1
11398224,26062901234001WLI6RLX9-DO,,SUB-NWE,1
11398224,260629012831020N7IUFN2QV-01,MAC-MAC,MAC-KRL,1
11398224,260629012831020N7IUFN2QV-DO,MAC-KRL,MAC-KD5,1
11398224,26062901283102CHDGERBPQ-01,MAC-MAC,MAC-KRL,1
11398224,26062901283102CHDGERBPQ-02,MAC-MAC,MAC-KRL,1
11398224,26062901283102CHDGERBPQ-DO,MAC-KRL,MAC-KD5,1
11398224,26062901283102GJXQR95KMN-01,MAC-MAC,MAC-KRL,1
11398224,26062901283102GJXQR95KMN-DO,MAC-KRL,MAC-KD5,1
11398224,26062901405436B1UTMVNO81-01,MAC-MAC,CBN-KNG,1
11398224,26062901405436B1UTMVNO81-DO,CBN-CBN,MAC-KD5,1
11398224,26062901405436L0WQDZPOT-01,MAC-MAC,CBN-KNG,1
11398224,26062901405436L0WQDZPOT-DO,CBN-CBN,MAC-KD5,1
11398224,2606290146071492F8UYKYD-01,MAC-MAC,MAC-SRN,1
11398224,2606290146071492F8UYKYD-02,MAC-MAC,MAC-SRN,1
11398224,2606290146071492F8UYKYD-DO,MAC-MAC,MAC-KD5,1
11398224,26062901460714DGQ9HYO302-01,MAC-MAC,MAC-SRN,1
11398224,26062901460714DGQ9HYO302-DO,MAC-MAC,MAC-KD5,1
11398224,26062901460714G4HEGHVB6Y-01,MAC-MAC,MAC-SRN,1
11398224,26062901460714G4HEGHVB6Y-DO,MAC-MAC,MAC-KD5,1
11398224,26062901460714LCBKSBYMB-01,MAC-MAC,MAC-SRN,1
11398224,26062901460714LCBKSBYMB-DO,MAC-MAC,MAC-KD5,1
11398224,26062901460714W59UZW1-01,MAC-MAC,MAC-SRN,1
11398224,26062901460714W59UZW1-DO,MAC-MAC,MAC-KD5,1
11398224,26062901463506IXC1AT7QUW-01,SUB-SUB,SOC-BJN,1
11398224,26062901463506IXC1AT7QUW-DO,SOC-SOC,SUB-NWE,1
11398224,26062901463506L0WH3KJSY-01,SUB-SUB,SOC-BJN,1
11398224,26062901463506L0WH3KJSY-DO,SOC-SOC,SUB-NWE,1
11398224,26062901463506OV797NA0F-01,SUB-SUB,SOC-BJN,1
11398224,26062901463506OV797NA0F-DO,SOC-SOC,SUB-NWE,1
11398224,26062902004185NYUA64CP2-01,MAC-MAC,CBN-KNG,1
11398224,26062902004185NYUA64CP2-DO,CBN-CBN,MAC-KD5,1
11398224,26062902004185P0JFJ5FSKJ-01,MAC-MAC,CBN-KNG,1
11398224,26062902004185P0JFJ5FSKJ-DO,CBN-CBN,MAC-KD5,1
11398224,26062902004185PNRCQZBVGJ-01,MAC-MAC,CBN-KNG,1
11398224,26062902004185PNRCQZBVGJ-DO,CBN-CBN,MAC-KD5,1
11398224,26062902024514BLXEHGQ3-01,MAC-MAC,BDO-CMS,1
11398224,26062902024514BLXEHGQ3-DO,BDO-BDO,MAC-KD5,1
11398224,26062902024514GLYTZYLDTM-01,MAC-MAC,BDO-CMS,1
11398224,26062902024514GLYTZYLDTM-DO,BDO-BDO,MAC-KD5,1
11398224,26062902024514RJ1AMX3MMR-01,MAC-MAC,BDO-CMS,1
11398224,26062902024514RJ1AMX3MMR-DO,BDO-BDO,MAC-KD5,1
11398224,26062902024514S94HZUZKMK-01,MAC-MAC,BDO-CMS,1
11398224,26062902024514S94HZUZKMK-DO,BDO-BDO,MAC-KD5,1
11398224,260629020336076YSB9TLLX-01,MAC-MAC,BDO-CMS,1
11398224,260629020336076YSB9TLLX-DO,BDO-BDO,MAC-KD5,1
11398224,26062902054642XPYM72JH-01,MAC-MAC,MAC-JPK,1
11398224,26062902054642XPYM72JH-DO,MAC-MAC,MAC-KD5,1
11398224,26062902054643AQ5PCART23-01,MAC-MAC,MAC-JPK,1
11398224,26062902054643AQ5PCART23-DO,MAC-MAC,MAC-KD5,1
11398224,26062902054643MVPJSZICVN-01,MAC-MAC,MAC-JPK,1
11398224,26062902054643MVPJSZICVN-02,MAC-MAC,MAC-JPK,1
11398224,26062902054643MVPJSZICVN-DO,MAC-MAC,MAC-KD5,1
11398224,26062902070006PWQJFBZ0L-01,SUB-SUB,CBN-TGL,1
11398224,26062902070006PWQJFBZ0L-DO,CBN-CBN,SUB-NWE,1
11398224,26062902181279OGW4WFTF2-01,MAC-MAC,BDO-BJR,1
11398224,26062902181279OGW4WFTF2-DO,BDO-BJR,MAC-KD5,1
11398224,26062902192835CA1JZ4IT-01,MAC-MAC,BDO-PWA,1
11398224,26062902192835CA1JZ4IT-DO,BDO-BDO,MAC-KD5,1
11398224,26062902204725AKNUF0OQ-01,SUB-SUB,SOC-NGW,1
11398224,26062902204725AKNUF0OQ-DO,SOC-SOC,SUB-NWE,1
11398224,26062902225959QSVQRFH7M-01,MAC-MAC,BDO-PWA,1
11398224,26062902225959QSVQRFH7M-DO,BDO-BDO,MAC-KD5,1
11398224,26062902225959XSGH3MO9-01,MAC-MAC,BDO-PWA,1
11398224,26062902225959XSGH3MO9-02,MAC-MAC,BDO-PWA,1
11398224,26062902225959XSGH3MO9-DO,BDO-BDO,MAC-KD5,1
11398224,26062902241472EGFHVK8KQL-01,SUB-SUB,SRG-KUD,1
11398224,26062902241472EGFHVK8KQL-DO,SRG-SRG,SUB-NWE,1
11398224,260629023009204KNSJT2MQ-01,SUB-SUB,SOC-NGW,1
11398224,260629023009204KNSJT2MQ-DO,SOC-SOC,SUB-NWE,1
11398224,26062902302539IUA2R2MAV-01,SUB-SUB,SOC-SGN,1
11398224,26062902302539IUA2R2MAV-DO,SOC-SOC,SUB-NWE,1
11398224,26062902302539L6QTHJHJBD-01,SUB-SUB,SOC-SGN,1
11398224,26062902302539L6QTHJHJBD-DO,SOC-SOC,SUB-NWE,1
11398224,26062902312775LBLGFEJWG-01,MAC-MAC,MAC-KRL,1
11398224,26062902312775LBLGFEJWG-DO,MAC-KRL,MAC-KD5,1
11398224,260629023427059TXH91HJ3-01,SUB-SUB,SUB-TBN,1
11398224,260629023427059TXH91HJ3-DO,SUB-TBN,SUB-NWE,1
11398224,26062902342705ABXWBQQLYW-01,SUB-SUB,SUB-TBN,1
11398224,26062902342705ABXWBQQLYW-DO,SUB-TBN,SUB-NWE,1
11398224,26062902342705QFRPEDB0LG-01,SUB-SUB,SUB-TBN,1
11398224,26062902342705QFRPEDB0LG-DO,SUB-TBN,SUB-NWE,1
11398224,260629023504445VFAQXJ-01,MAC-MAC,MAC-SRN,1
11398224,260629023504445VFAQXJ-DO,MAC-MAC,MAC-KD5,1
11398224,26062902402524MUBZEZTXR-01,SUB-SUB,SOC-NGW,1
11398224,26062902402524MUBZEZTXR-DO,SOC-SOC,SUB-NWE,1
11398224,26062902402524X2YJA7CS1P-01,SUB-SUB,SOC-NGW,1
11398224,26062902402524X2YJA7CS1P-DO,SOC-SOC,SUB-NWE,1
11398224,26062902415969QNECA0ARN-01,SUB-SUB,SUB-JOM,1
11398224,26062902415969QNECA0ARN-DO,SUB-SUB,SUB-NWE,1
11398224,26062902473007UVMIPRPE41-01,MAC-MAC,BDO-MGU,1
11398224,26062902473007UVMIPRPE41-DO,BDO-BDO,MAC-KD5,1
11398224,26062902473007ZFMWBIUKL-01,MAC-MAC,BDO-MGU,1
11398224,26062902473007ZFMWBIUKL-DO,BDO-BDO,MAC-KD5,1
11398224,26062902490871NLWQNEIOE-01,SUB-SUB,SOC-NGW,1
11398224,26062902490871NLWQNEIOE-DO,SOC-SOC,SUB-NWE,1
11398224,26062902564876D9OJGDMA-01,MAC-MAC,CBN-KNG,1
11398224,26062902564876D9OJGDMA-DO,CBN-CBN,MAC-KD5,1
11398224,26062902564876FCKUZWGVBI-01,MAC-MAC,CBN-KNG,1
11398224,26062902564876FCKUZWGVBI-DO,CBN-CBN,MAC-KD5,1
11398224,26062902564876T2TSMU0C6W-01,MAC-MAC,CBN-KNG,1
11398224,26062902564876T2TSMU0C6W-DO,CBN-CBN,MAC-KD5,1
11398224,260629025722895GLERLAEE-01,MAC-MAC,MAC-CST,1
11398224,260629025722895GLERLAEE-DO,MAC-MAC,MAC-KD5,1
11398224,26062903022107URELEKQU8-01,MAC-MAC,BDO-BJR,1
11398224,26062903022107URELEKQU8-DO,BDO-BJR,MAC-KD5,1
11398224,26062903022107YCZEWA903G-01,MAC-MAC,BDO-BJR,1
11398224,26062903022107YCZEWA903G-02,MAC-MAC,BDO-BJR,1
11398224,26062903022107YCZEWA903G-DO,BDO-BJR,MAC-KD5,1
11398224,260629030234262WMKBCSWK-01,SUB-SUB,SOC-NGW,1
11398224,260629030234262WMKBCSWK-DO,SOC-SOC,SUB-NWE,1
11398224,2606290302342687P7RFKS1-01,SUB-SUB,SOC-NGW,1
11398224,2606290302342687P7RFKS1-DO,SOC-SOC,SUB-NWE,1
11398224,26062903023426Y8DOXK2CRD-01,SUB-SUB,SOC-NGW,1
11398224,26062903023426Y8DOXK2CRD-DO,SOC-SOC,SUB-NWE,1
11398224,26062903024661DBZF1EB7A-01,MAC-MAC,CBN-IDM,1
11398224,26062903024661DBZF1EB7A-DO,CBN-IDM,MAC-KD5,1
11398224,26062903024661VGDNMGMXR8-01,MAC-MAC,CBN-IDM,1
11398224,26062903024661VGDNMGMXR8-DO,CBN-IDM,MAC-KD5,1
11398224,26062903033384EZLOVGV6J-01,SUB-SUB,SOC-NGW,1
11398224,26062903033384EZLOVGV6J-DO,SOC-SOC,SUB-NWE,1
11398224,26062903033384SI4ZNZM523-01,SUB-SUB,SOC-NGW,1
11398224,26062903033384SI4ZNZM523-DO,SOC-SOC,SUB-NWE,1
11398224,26062903050878MAMZ1I9NCE-01,SUB-SUB,SOC-NJK,1
11398224,26062903050878MAMZ1I9NCE-DO,SOC-SOC,SUB-NWE,1
11398224,26062903050878ODVWJZY4-01,SUB-SUB,SOC-NJK,1
11398224,26062903050878ODVWJZY4-DO,SOC-SOC,SUB-NWE,1
11398224,26062903104882HEEASGORZ-01,SUB-SUB,SUB-JOM,1
11398224,26062903104882HEEASGORZ-DO,SUB-SUB,SUB-NWE,1
11398224,260629031102191LPFKBJ8G-01,MAC-MAC,BDO-PWA,1
11398224,260629031102191LPFKBJ8G-DO,BDO-BDO,MAC-KD5,1
11398224,26062903110219JBJNG9IFHP-01,MAC-MAC,BDO-PWA,1
11398224,26062903110219JBJNG9IFHP-DO,BDO-BDO,MAC-KD5,1
11398224,260629031454428H7XYT0U6-01,SUB-SUB,SOC-NJK,1
11398224,260629031454428H7XYT0U6-DO,SOC-SOC,SUB-NWE,1
11398224,26062903145442EFVLCUNZVO-01,SUB-SUB,SOC-NJK,1
11398224,26062903145442EFVLCUNZVO-DO,SOC-SOC,SUB-NWE,1
11398224,26062903214107ONFNK825-01,SUB-SUB,SUB-JOM,1
11398224,26062903214107ONFNK825-DO,SUB-SUB,SUB-NWE,1
11398224,26062903214107X0ANWGXCMB-01,SUB-SUB,SUB-JOM,1
11398224,26062903214107X0ANWGXCMB-DO,SUB-SUB,SUB-NWE,1
11398224,26062903262261FKJB3A4CK-01,SUB-SUB,SUB-PWH,1
11398224,26062903262261FKJB3A4CK-DO,,SUB-NWE,1
11398224,2606290331259599JMXACP27-01,SUB-SUB,SOC-NGW,1
11398224,2606290331259599JMXACP27-DO,SOC-SOC,SUB-NWE,1
11398224,26062903312595O2KM93JCP-01,SUB-SUB,SOC-NGW,1
11398224,26062903312595O2KM93JCP-DO,SOC-SOC,SUB-NWE,1
11398224,26062903354535EON2UDN6R-01,MAC-MAC,BDO-NSB-SDB,1
11398224,26062903354535EON2UDN6R-DO,BDO-BDO,MAC-KD5,1
11398224,26062903354535IBO2J2OKCV-01,MAC-MAC,BDO-NSB-SDB,1
11398224,26062903354535IBO2J2OKCV-DO,BDO-BDO,MAC-KD5,1
11398224,26062903354536JYHE8ZIPC-01,MAC-MAC,BDO-NSB-SDB,1
11398224,26062903354536JYHE8ZIPC-DO,BDO-BDO,MAC-KD5,1
11398224,26062903354536NWVKPTFATS-01,MAC-MAC,BDO-NSB-SDB,1
11398224,26062903354536NWVKPTFATS-02,MAC-MAC,BDO-NSB-SDB,1
11398224,26062903354536NWVKPTFATS-DO,BDO-BDO,MAC-KD5,1
11398224,26062903371961FGTMQZ3TC-01,SUB-SUB,SUB-PWH,1
11398224,26062903371961FGTMQZ3TC-DO,,SUB-NWE,1
11398224,26062903371961X9NEICSTQ-01,SUB-SUB,SUB-PWH,1
11398224,26062903371961X9NEICSTQ-DO,,SUB-NWE,1
11398224,26062903390277GQQI68HXZ-01,SUB-SUB,SUB-TBN,1
11398224,26062903390277GQQI68HXZ-DO,SUB-TBN,SUB-NWE,1
11398224,260629035433592RA901YDYR-01,SUB-SUB,SOC-BJN,1
11398224,260629035433592RA901YDYR-DO,SOC-SOC,SUB-NWE,1
11398224,26062903543359JVTMWCFZB-01,SUB-SUB,SOC-BJN,1
11398224,26062903543359JVTMWCFZB-DO,SOC-SOC,SUB-NWE,1
11398224,26062903545562DFSDGUSYMD-01,MAC-MAC,BDO-PWA,1
11398224,26062903545562DFSDGUSYMD-DO,BDO-BDO,MAC-KD5,1
11398224,26062903545562MGFLL8XAL-01,MAC-MAC,BDO-PWA,1
11398224,26062903545562MGFLL8XAL-02,MAC-MAC,BDO-PWA,1
11398224,26062903545562MGFLL8XAL-DO,BDO-BDO,MAC-KD5,1
11398224,260629041710328JCPWF2KI-01,MAC-MAC,MAC-SRN,1
11398224,260629041710328JCPWF2KI-DO,MAC-MAC,MAC-KD5,1
11398224,26062904171032DAUJOLO2Y-01,MAC-MAC,MAC-SRN,1
11398224,26062904171032DAUJOLO2Y-DO,MAC-MAC,MAC-KD5,1
11398224,26062904171032XXDZMQEBFR-01,MAC-MAC,MAC-SRN,1
11398224,26062904171032XXDZMQEBFR-DO,MAC-MAC,MAC-KD5,1
11398224,260629042245146RAOVWPS6D-01,MAC-MAC,BDO-JCK,1
11398224,260629042245146RAOVWPS6D-DO,BDO-BDO,MAC-KD5,1
11398224,26062904224514GHCEWVIXD-01,MAC-MAC,BDO-JCK,1
11398224,26062904224514GHCEWVIXD-DO,BDO-BDO,MAC-KD5,1
11398224,26062904310927PN76PINH2-01,MAC-MAC,CBN-MJL,1
11398224,26062904310927PN76PINH2-DO,CBN-MJL,MAC-KD5,1
11398224,26062904333664TT0RRUWE-01,MAC-MAC,BDO-CMS,1
11398224,26062904333664TT0RRUWE-DO,BDO-BDO,MAC-KD5,1
11398224,26062904352920JJ41AXA7-01,MAC-MAC,CBN-MJL,1
11398224,26062904352920JJ41AXA7-DO,CBN-MJL,MAC-KD5,1
11398224,26062904352920MKDYGFI9EC-01,MAC-MAC,CBN-MJL,1
11398224,26062904352920MKDYGFI9EC-DO,CBN-MJL,MAC-KD5,1
11398224,260629044000861C5X6YKIA-01,MAC-MAC,CBN-KNG,1
11398224,260629044000861C5X6YKIA-DO,CBN-CBN,MAC-KD5,1
11398224,26062904400086LBLMDW8F0M-01,MAC-MAC,CBN-KNG,1
11398224,26062904400086LBLMDW8F0M-DO,CBN-CBN,MAC-KD5,1
11398224,26062904433222TIP6ONHB-01,SUB-SUB,CBN-TGL,1
11398224,26062904433222TIP6ONHB-DO,CBN-CBN,SUB-NWE,1
11398224,26062904433222W2GKXTCWAA-01,SUB-SUB,CBN-TGL,1
11398224,26062904433222W2GKXTCWAA-DO,CBN-CBN,SUB-NWE,1
11398224,26062904482343GG56EZFV-01,SUB-SUB,SOC-NGW,1
11398224,26062904482343GG56EZFV-DO,SOC-SOC,SUB-NWE,1
11398224,26062904495680NB437Q4A-01,MAC-MAC,BDO-CMS,1
11398224,26062904495680NB437Q4A-DO,BDO-BDO,MAC-KD5,1
11398224,26062904495680QYTELA0AKB-01,MAC-MAC,BDO-CMS,1
11398224,26062904495680QYTELA0AKB-DO,BDO-BDO,MAC-KD5,1
11398224,26062904535890BG2MUP3PTA-01,SUB-SUB,SOC-SGN,1
11398224,26062904535890BG2MUP3PTA-DO,SOC-SOC,SUB-NWE,1
11398224,26062904535890NHVMO3YQ7-01,SUB-SUB,SOC-SGN,1
11398224,26062904535890NHVMO3YQ7-DO,SOC-SOC,SUB-NWE,1
11398224,260629045447534TWGPIC62-01,SUB-SUB,SUB-TBN,1
11398224,260629045447534TWGPIC62-DO,SUB-TBN,SUB-NWE,1
11398224,26062904544753JSNV98CVFJ-01,SUB-SUB,SUB-TBN,1
11398224,26062904544753JSNV98CVFJ-DO,SUB-TBN,SUB-NWE,1
11398224,26062905062829ZCTTVKAVO-01,SUB-SUB,SUB-JOM,1
11398224,26062905062829ZCTTVKAVO-DO,SUB-SUB,SUB-NWE,1
11398224,26062905103275FBSDU8Y0D-01,SUB-SUB,SUB-JOM,1
11398224,26062905103275FBSDU8Y0D-DO,SUB-SUB,SUB-NWE,1
11398224,26062905154988J8C6KB6BI-01,SUB-SUB,SUB-JOM,1
11398224,26062905154988J8C6KB6BI-DO,SUB-SUB,SUB-NWE,1
11398224,26062905214877KNIBFOHNL-01,SUB-SUB,SUB-JOM,1
11398224,26062905214877KNIBFOHNL-DO,SUB-SUB,SUB-NWE,1
11398224,26062905292929GOP2H9U4M-01,SUB-SUB,SUB-JOM,1
11398224,26062905292929GOP2H9U4M-DO,SUB-SUB,SUB-NWE,1
11398224,26062905334844TIW6ZM0YW-01,MAC-MAC,CBN-KNG,1
11398224,26062905334844TIW6ZM0YW-02,MAC-MAC,CBN-KNG,1
11398224,26062905334844TIW6ZM0YW-DO,CBN-CBN,MAC-KD5,1
11398224,26062905515514NIYMHCOEN-01,MAC-MAC,BDO-CMS,1
11398224,26062905515514NIYMHCOEN-DO,BDO-BDO,MAC-KD5,1
11398224,26062906005800O7SXEIGWM-01,SUB-SUB,SUB-JOM,1
11398224,26062906005800O7SXEIGWM-DO,SUB-SUB,SUB-NWE,1
11398224,260629060209349PXEI09RW-01,SUB-SUB,SOC-NJK,1
11398224,260629060209349PXEI09RW-DO,SOC-SOC,SUB-NWE,1
11398224,26062906020934ZJT2E8KJIL-01,SUB-SUB,SOC-NJK,1
11398224,26062906020934ZJT2E8KJIL-DO,SOC-SOC,SUB-NWE,1
11398224,26062906094161MF75AF9U-01,MAC-MAC,MAC-SKT,1
11398224,26062906094161MF75AF9U-DO,MAC-SKT,MAC-KD5,1
11398224,26062906094161US6O0KCVBO-01,MAC-MAC,MAC-SKT,1
11398224,26062906094161US6O0KCVBO-DO,MAC-SKT,MAC-KD5,1
11398224,26062906324399KUX7HZMKV-01,SUB-SUB,SUB-JOM,1
11398224,26062906324399KUX7HZMKV-DO,SUB-SUB,SUB-NWE,1
11398224,26062906331439DVBUFP3ED-01,MAC-MAC,BDO-BJR,1
11398224,26062906331439DVBUFP3ED-DO,BDO-BJR,MAC-KD5,1
11398224,26062906331439E2XEL9IZ2-01,MAC-MAC,BDO-BJR,1
11398224,26062906331439E2XEL9IZ2-DO,BDO-BJR,MAC-KD5,1
11398224,26062906331439T52JICZ1-01,MAC-MAC,BDO-BJR,1
11398224,26062906331439T52JICZ1-DO,BDO-BJR,MAC-KD5,1
11398224,26062906373535X7PZIY8WM-01,MAC-MAC,MAC-CBD,1
11398224,26062906373535X7PZIY8WM-DO,MAC-MAC,MAC-KD5,1
11398224,26062906373535XNS7STIPSO-01,MAC-MAC,MAC-CBD,1
11398224,26062906373535XNS7STIPSO-DO,MAC-MAC,MAC-KD5,1
11398224,26062907043465PVQPLWHHR-01,MAC-MAC,CBN-KNG,1
11398224,26062907043465PVQPLWHHR-DO,CBN-CBN,MAC-KD5,1
11398224,260629070547984X2RXEGJ-01,MAC-MAC,MAC-KRL,1
11398224,260629070547984X2RXEGJ-DO,MAC-KRL,MAC-KD5,1
11398224,26062907054798QVVDUBZQTU-01,MAC-MAC,MAC-KRL,1
11398224,26062907054798QVVDUBZQTU-DO,MAC-KRL,MAC-KD5,1
11398224,26062907054798YZXYGMATH1-01,MAC-MAC,MAC-KRL,1
11398224,26062907054798YZXYGMATH1-DO,MAC-KRL,MAC-KD5,1
11398224,26062907100798HVB7XKCOI-01,MAC-MAC,BDO-KJT,1
11398224,26062907100798HVB7XKCOI-DO,BDO-KJT,MAC-KD5,1
11398224,26062907100798Y8UYKAZ9-01,MAC-MAC,BDO-KJT,1
11398224,26062907100798Y8UYKAZ9-DO,BDO-KJT,MAC-KD5,1
11398224,26062907315684BKVHWPKKS-01,MAC-MAC,MAC-JPK,1
11398224,26062907315684BKVHWPKKS-02,MAC-MAC,MAC-JPK,1
11398224,26062907315684BKVHWPKKS-DO,MAC-MAC,MAC-KD5,1
11398224,26062907315684BUCBPPK9CW-01,MAC-MAC,MAC-JPK,1
11398224,26062907315684BUCBPPK9CW-DO,MAC-MAC,MAC-KD5,1
11398224,26062907315684FJYSC0CT08-01,MAC-MAC,MAC-JPK,1
11398224,26062907315684FJYSC0CT08-DO,MAC-MAC,MAC-KD5,1
11398224,26062907340158UELVG4LDJ-01,SUB-SUB,SRG-PWD,1
11398224,26062907340158UELVG4LDJ-DO,SRG-SRG,SUB-NWE,1
11398224,26062907343650ABWSXQYRJ-01,SUB-SUB,SRG-SLT,1
11398224,26062907343650ABWSXQYRJ-DO,SRG-SLT,SUB-NWE,1
11398224,26062907343650BMGMYG6S-01,SUB-SUB,SRG-SLT,1
11398224,26062907343650BMGMYG6S-DO,SRG-SLT,SUB-NWE,1
11398224,26062907352695QVGZAQDUI-01,MAC-MAC,CBN-MJL,1
11398224,26062907352695QVGZAQDUI-DO,CBN-MJL,MAC-KD5,1
11398224,26062907570023ET1MEN6EB-01,MAC-MAC,MAC-SRN,1
11398224,26062907570023ET1MEN6EB-DO,MAC-MAC,MAC-KD5,1
11398224,26062908012490VSMMZ8RIV-01,SUB-SUB,SOC-TLG,1
11398224,26062908012490VSMMZ8RIV-DO,SOC-SOC,SUB-NWE,1
11398224,26062908211008S3LX73WZ-01,MAC-MAC,BDO-JCK,1
11398224,26062908211008S3LX73WZ-DO,BDO-BDO,MAC-KD5,1
11398224,26062908422281OCSWV9A8KQ-01,SUB-SUB,SOC-NGW,1
11398224,26062908422281OCSWV9A8KQ-DO,SOC-SOC,SUB-NWE,1
11398224,26062908575376WKMHDHOKT-01,SUB-SUB,SOC-BJN,1
11398224,26062908575376WKMHDHOKT-DO,SOC-SOC,SUB-NWE,1
11398224,26062909153745YYGBNIPA-01,SUB-SUB,SOC-NGW,1
11398224,26062909153745YYGBNIPA-DO,SOC-SOC,SUB-NWE,1
11398224,26062910115129YZUJ284F0-01,MAC-MAC,BDO-CMS,1
11398224,26062910115129YZUJ284F0-DO,BDO-BDO,MAC-KD5,1
11398224,260629103351298I4ESAG4SJ-01,SUB-SUB,SUB-JOM,1
11398224,260629103351298I4ESAG4SJ-DO,SUB-SUB,SUB-NWE,1
11398224,26062910335129NFYX1DDF-01,SUB-SUB,SUB-JOM,1
11398224,26062910335129NFYX1DDF-DO,SUB-SUB,SUB-NWE,1
11398224,26062910522531IA611RVZOI-01,MAC-MAC,CBN-MJL,1
11398224,26062910522531IA611RVZOI-02,MAC-MAC,CBN-MJL,1
11398224,26062910522531IA611RVZOI-DO,CBN-MJL,MAC-KD5,1
11398224,26062910522531VMRFTR97A-01,MAC-MAC,CBN-MJL,1
11398224,26062910522531VMRFTR97A-DO,CBN-MJL,MAC-KD5,1
11398224,26062911230554SQSKSAWDX-01,MAC-MAC,MAC-SRN,1
11398224,26062911230554SQSKSAWDX-DO,MAC-MAC,MAC-KD5,1
11398224,26062911230554ZYJAATXS9-01,MAC-MAC,MAC-SRN,1
11398224,26062911230554ZYJAATXS9-DO,MAC-MAC,MAC-KD5,1
11398224,26062911282394CRTVVIVRM-01,MAC-MAC,BDO-BJR,1
11398224,26062911282394CRTVVIVRM-DO,BDO-BJR,MAC-KD5,1
11398224,26062911282394DKHACSPPSH-01,MAC-MAC,BDO-BJR,1
11398224,26062911282394DKHACSPPSH-DO,BDO-BJR,MAC-KD5,1
11398224,26062911483892A5S8T3SJE-01,MAC-MAC,BDO-JCK,1
11398224,26062911483892A5S8T3SJE-DO,BDO-BDO,MAC-KD5,1
11398224,26062911483892GRZBY0AKU3-01,MAC-MAC,BDO-JCK,1
11398224,26062911483892GRZBY0AKU3-DO,BDO-BDO,MAC-KD5,1
11398224,26062912214881KGBUQMRFM-01,MAC-MAC,BDO-JCK,1
11398224,26062912214881KGBUQMRFM-DO,BDO-BDO,MAC-KD5,1
11398224,26062912233396MIFX3QLKTR-01,SUB-SUB,CBN-PWR,1
11398224,26062912233396MIFX3QLKTR-DO,CBN-PWR,SUB-NWE,1
11398224,26062912233396PA8S51QON3-01,SUB-SUB,CBN-PWR,1
11398224,26062912233396PA8S51QON3-DO,CBN-PWR,SUB-NWE,1
11398224,260629125003559MHOE3NAQJ-01,MAC-MAC,MAC-JPK,1
11398224,260629125003559MHOE3NAQJ-DO,MAC-MAC,MAC-KD5,1
11398224,26062912500355HQLP3WC-01,MAC-MAC,MAC-JPK,1
11398224,26062912500355HQLP3WC-DO,MAC-MAC,MAC-KD5,1
11398224,26062912500355ONVPYRTJS-01,MAC-MAC,MAC-JPK,1
11398224,26062912500355ONVPYRTJS-02,MAC-MAC,MAC-JPK,1
11398224,26062912500355ONVPYRTJS-DO,MAC-MAC,MAC-KD5,1
11398224,26062912515224JHZ8RKJSI-01,MAC-MAC,BDO-CMS,1
11398224,26062912515224JHZ8RKJSI-DO,BDO-BDO,MAC-KD5,1
11398224,26062912515225CH5CMFUIBU-01,MAC-MAC,BDO-CMS,1
11398224,26062912515225CH5CMFUIBU-DO,BDO-BDO,MAC-KD5,1
11398224,26062912515225FJFALNGI7I-01,MAC-MAC,BDO-CMS,1
11398224,26062912515225FJFALNGI7I-DO,BDO-BDO,MAC-KD5,1
11398224,26062912515225KGIRP4EHN-01,MAC-MAC,BDO-CMS,1
11398224,26062912515225KGIRP4EHN-DO,BDO-BDO,MAC-KD5,1
11398224,260629132215420RCHTGJKM-01,SUB-SUB,SUB-PWH,1
11398224,260629132215420RCHTGJKM-DO,SUB-SUB,SUB-NWE,1
11398224,26062913304949JY9EYRYO-01,MAC-MAC,BDO-CMS,1
11398224,26062913304949JY9EYRYO-DO,BDO-BDO,MAC-KD5,1
11398224,26062913304949U7RRN1M79R-01,MAC-MAC,BDO-CMS,1
11398224,26062913304949U7RRN1M79R-DO,BDO-BDO,MAC-KD5,1
11398224,260629135021509FSHLW1GE-01,MAC-MAC,MAC-CST,1
11398224,260629135021509FSHLW1GE-DO,MAC-MAC,MAC-KD5,1
11398224,26062913502150GRNYVVHKSP-01,MAC-MAC,MAC-CST,1
11398224,26062913502150GRNYVVHKSP-DO,MAC-MAC,MAC-KD5,1
11398224,26062914190832FEPLDGRYS-01,SUB-SUB,SUB-TBN,1
11398224,26062914190832FEPLDGRYS-DO,SUB-TBN,SUB-NWE,1
11398224,26062914190833SE10LC1U1-01,SUB-SUB,SUB-TBN,1
11398224,26062914190833SE10LC1U1-DO,SUB-TBN,SUB-NWE,1
11398224,260629142613469HCJF856V2-01,SUB-SUB,SOC-TLG,1
11398224,260629142613469HCJF856V2-DO,SOC-SOC,SUB-NWE,1
11398224,26062914261346JVZRK0SNZ-01,SUB-SUB,SOC-TLG,1
11398224,26062914261346JVZRK0SNZ-DO,SOC-SOC,SUB-NWE,1
11398224,26062914261346NRO2SGG9K-01,SUB-SUB,SOC-TLG,1
11398224,26062914261346NRO2SGG9K-DO,SOC-SOC,SUB-NWE,1
11398224,26062914304519OYRMJMKD-01,SUB-SUB,SOC-TLG,1
11398224,26062914304519OYRMJMKD-DO,SOC-SOC,SUB-NWE,1
11398224,26062914304519UGYOAHYIR8-01,SUB-SUB,SOC-TLG,1
11398224,26062914304519UGYOAHYIR8-DO,SOC-SOC,SUB-NWE,1
11398224,260629145119219CKCPXJG-01,MAC-MAC,MAC-CBD,1
11398224,260629145119219CKCPXJG-02,MAC-MAC,MAC-CBD,1
11398224,260629145119219CKCPXJG-DO,MAC-MAC,MAC-KD5,1
11398224,2606291456493187XN588AW-01,MAC-MAC,BDO-PMN,1
11398224,2606291456493187XN588AW-DO,BDO-BDO,MAC-KD5,1
11398224,2606291535090372ZZ1F0NJ-01,MAC-MAC,MAC-CBD,1
11398224,2606291535090372ZZ1F0NJ-02,MAC-MAC,MAC-CBD,1
11398224,2606291535090372ZZ1F0NJ-DO,MAC-MAC,MAC-KD5,1
11398224,26062915350903TFKLASEXI-01,MAC-MAC,MAC-CBD,1
11398224,26062915350903TFKLASEXI-DO,MAC-MAC,MAC-KD5,1
11398224,26062915551190AQA2OJ0OG-01,MAC-MAC,MAC-CBD,1
11398224,26062915551190AQA2OJ0OG-DO,MAC-MAC,MAC-KD5,1
11398224,260629164525755RIE2IOCQ-01,SUB-SUB,CBN-TGL,1
11398224,260629164525755RIE2IOCQ-DO,CBN-CBN,SUB-NWE,1
11398224,260629172309060FFZBZ9ZP-01,MAC-MAC,BDO-CMS,1
11398224,260629172309060FFZBZ9ZP-DO,,MAC-KD5,1
11398224,26062917230906AMT1DRIGUH-01,MAC-MAC,BDO-CMS,1
11398224,26062917230906AMT1DRIGUH-DO,BDO-BDO,MAC-KD5,1
11398224,26062917230906DO16TNI3FA-01,MAC-MAC,BDO-CMS,1
11398224,26062917230906DO16TNI3FA-DO,BDO-BDO,MAC-KD5,1
11398224,26062922445066FPRFJMVQ6-01,MAC-MAC,BDO-CMS,1
11398224,26062922445066FPRFJMVQ6-DO,BDO-BDO,MAC-KD5,1
11398224,26062922445066TA0AN6FL2P-01,MAC-MAC,BDO-CMS,1
11398224,26062922445066TA0AN6FL2P-DO,BDO-BDO,MAC-KD5,1
11398224,26062923211518P61OJPQS6-01,SUB-SUB,SUB-TBN,1
11398224,26062923211518P61OJPQS6-02,SUB-SUB,SUB-TBN,1
11398224,26062923211518P61OJPQS6-DO,SUB-TBN,SUB-NWE,1
11398224,26063000293176UEFD0HHGT-01,SUB-SUB,SRG-SLT,1
11398224,26063000293176UEFD0HHGT-DO,SRG-SLT,SUB-NWE,1
11398224,26063000521673VIZS9EXKG-01,MAC-MAC,MAC-MAC-SB-LH,1
11398224,26063000521673VIZS9EXKG-02,MAC-MAC,MAC-MAC-SB-LH,1
11398224,26063000521673VIZS9EXKG-DO,MAC-MAC,MAC-KD5,1
11398224,260630005216748KYQAXATM-01,MAC-MAC,MAC-MAC-SB-LH,1
11398224,260630005216748KYQAXATM-DO,MAC-MAC,MAC-KD5,1
11398224,26063000521674BMKOCTFGJV-01,MAC-MAC,MAC-MAC-SB-LH,1
11398224,26063000521674BMKOCTFGJV-DO,MAC-MAC,MAC-KD5,1
11398224,26063000521674GSBL7X5V0L-01,MAC-MAC,MAC-MAC-SB-LH,1
11398224,26063000521674GSBL7X5V0L-DO,MAC-MAC,MAC-KD5,1
11398224,26063000521674SKOBUN3OXJ-01,MAC-MAC,MAC-MAC-SB-LH,1
11398224,26063000521674SKOBUN3OXJ-02,MAC-MAC,MAC-MAC-SB-LH,1
11398224,26063000521674SKOBUN3OXJ-DO,MAC-MAC,MAC-KD5,1
11398224,26063000521674TBWVT0KONI-01,MAC-MAC,MAC-MAC-SB-LH,1
11398224,26063000521674TBWVT0KONI-02,MAC-MAC,MAC-MAC-SB-LH,1
11398224,26063000521674TBWVT0KONI-DO,MAC-MAC,MAC-KD5,1
11398224,2606300100363419KGSTA0F3-01,MAC-MAC,BDO-BJR,1
11398224,2606300100363419KGSTA0F3-DO,BDO-BJR,MAC-KD5,1
11398224,26063001003634JGVKGX9DG-01,MAC-MAC,BDO-BJR,1
11398224,26063001003634JGVKGX9DG-DO,BDO-BJR,MAC-KD5,1
11398224,26063001013811MMYT5LHGC0-01,MAC-MAC,BDO-BJR,1
11398224,26063001013811MMYT5LHGC0-DO,BDO-BJR,MAC-KD5,1
11398224,26063001013811MY9AI7GO2-01,MAC-MAC,BDO-BJR,1
11398224,26063001013811MY9AI7GO2-02,MAC-MAC,BDO-BJR,1
11398224,26063001013811MY9AI7GO2-DO,BDO-BJR,MAC-KD5,1
11398224,26063001013811SCHLOBOON-01,MAC-MAC,BDO-BJR,1
11398224,26063001013811SCHLOBOON-DO,BDO-BJR,MAC-KD5,1
11398224,260630010510877SVGHYTBO-01,MAC-MAC,BDO-PWA,1
11398224,260630010510877SVGHYTBO-02,MAC-MAC,BDO-PWA,1
11398224,260630010510877SVGHYTBO-DO,BDO-BDO,MAC-KD5,1
11398224,26063001051087VYBP3ZMMLA-01,MAC-MAC,BDO-PWA,1
11398224,26063001051087VYBP3ZMMLA-DO,BDO-BDO,MAC-KD5,1
11398224,26063001051087WMHQPTG3VR-01,MAC-MAC,BDO-PWA,1
11398224,26063001051087WMHQPTG3VR-DO,BDO-BDO,MAC-KD5,1
11398224,26063001053397RA71ZQNLX-01,SUB-SUB,SUB-JOM,1
11398224,26063001053397RA71ZQNLX-02,SUB-SUB,SUB-JOM,1
11398224,26063001053397RA71ZQNLX-DO,SUB-SUB,SUB-NWE,1
11398224,26063001053403PW2ZJIG6KB-01,SUB-SUB,SUB-JOM,1
11398224,26063001053403PW2ZJIG6KB-DO,SUB-SUB,SUB-NWE,1
11398224,260630012345015AOGJDFUHP-01,MAC-MAC,MAC-KRL,1
11398224,260630012345015AOGJDFUHP-DO,MAC-KRL,MAC-KD5,1
11398224,26063001234501DQWGVYTPV-01,MAC-MAC,MAC-KRL,1
11398224,26063001234501DQWGVYTPV-DO,MAC-KRL,MAC-KD5,1
11398224,26063001234501JTEVKDLJXG-01,MAC-MAC,MAC-KRL,1
11398224,26063001234501JTEVKDLJXG-02,MAC-MAC,MAC-KRL,1
11398224,26063001234501JTEVKDLJXG-03,MAC-MAC,MAC-KRL,1
11398224,26063001234501JTEVKDLJXG-DO,MAC-KRL,MAC-KD5,1
11398224,260630012354356WMOQXSTC-01,MAC-MAC,BDO-SMD,1
11398224,260630012354356WMOQXSTC-DO,BDO-BDO,MAC-KD5,1
11398224,260630013104525ZRKBNGVQ-01,MAC-MAC,MAC-CBD,1
11398224,260630013104525ZRKBNGVQ-DO,MAC-MAC,MAC-KD5,1
11398224,26063001310452LA1MUOBTXL-01,MAC-MAC,MAC-CBD,1
11398224,26063001310452LA1MUOBTXL-DO,MAC-MAC,MAC-KD5,1
11398224,26063001310452XIANREJ7K-01,MAC-MAC,MAC-CBD,1
11398224,26063001310452XIANREJ7K-DO,MAC-MAC,MAC-KD5,1
11398224,26063002030671DJV5KBM-01,MAC-MAC,MAC-KRL,1
11398224,26063002030671DJV5KBM-DO,MAC-KRL,MAC-KD5,1
11398224,26063002030671FABBEJOFBH-01,MAC-MAC,MAC-KRL,1
11398224,26063002030671FABBEJOFBH-DO,MAC-KRL,MAC-KD5,1
11398224,26063002030671JGL2RWTATA-01,MAC-MAC,MAC-KRL,1
11398224,26063002030671JGL2RWTATA-02,MAC-MAC,MAC-KRL,1
11398224,26063002030671JGL2RWTATA-03,MAC-MAC,MAC-KRL,1
11398224,26063002030671JGL2RWTATA-DO,MAC-KRL,MAC-KD5,1
11398224,26063002030671VIMGYYGKHN-01,MAC-MAC,MAC-KRL,1
11398224,26063002030671VIMGYYGKHN-DO,MAC-KRL,MAC-KD5,1
11398224,26063002032442ESURZS939-01,MAC-MAC,BDO-SKI,1
11398224,26063002032442ESURZS939-DO,BDO-BDO,MAC-KD5,1
11398224,26063002032442QCBUXOQAEZ-01,MAC-MAC,BDO-SKI,1
11398224,26063002032442QCBUXOQAEZ-02,MAC-MAC,BDO-SKI,1
11398224,26063002032442QCBUXOQAEZ-DO,BDO-BDO,MAC-KD5,1
11398224,26063002032442WXIY0I1S-01,MAC-MAC,BDO-SKI,1
11398224,26063002032442WXIY0I1S-DO,BDO-BDO,MAC-KD5,1
11398224,26063002184567GYXKLOHK6-01,SUB-SUB,CBN-TGL,1
11398224,26063002184567GYXKLOHK6-DO,CBN-CBN,SUB-NWE,1
11398224,26063002184567LOAXMXFP-01,SUB-SUB,CBN-TGL,1
11398224,26063002184567LOAXMXFP-DO,CBN-CBN,SUB-NWE,1
11398224,26063002184567PULPXQD6F0-01,SUB-SUB,CBN-TGL,1
11398224,26063002184567PULPXQD6F0-DO,CBN-CBN,SUB-NWE,1
11398224,26063002193537EK1YEYITO1-01,MAC-MAC,BDO-CMS,1
11398224,26063002193537EK1YEYITO1-DO,BDO-BDO,MAC-KD5,1
11398224,26063002193537EKZZMG0LN-01,MAC-MAC,BDO-CMS,1
11398224,26063002193537EKZZMG0LN-DO,BDO-BDO,MAC-KD5,1
11398224,26063002194565WZSQSJJAXB-01,MAC-MAC,BDO-CJR,1
11398224,26063002194565WZSQSJJAXB-DO,BDO-BDO,MAC-KD5,1
11398224,26063002194565XCBU5YX-01,MAC-MAC,BDO-CJR,1
11398224,26063002194565XCBU5YX-DO,BDO-BDO,MAC-KD5,1
11398224,26063002205390UKQVL44Y0-01,MAC-MAC,MAC-CBD,1
11398224,26063002205390UKQVL44Y0-DO,MAC-MAC,MAC-KD5,1
11398224,26063002214618I8B1SWQMZ-01,MAC-MAC,BDO-CJR,1
11398224,26063002214618I8B1SWQMZ-DO,BDO-BDO,MAC-KD5,1
11398224,26063002214618SH48MFXRP-01,MAC-MAC,BDO-CJR,1
11398224,26063002214618SH48MFXRP-DO,BDO-BDO,MAC-KD5,1
11398224,26063002263133CH4ALJOTU-01,SUB-SUB,CBN-TGL,1
11398224,26063002263133CH4ALJOTU-DO,CBN-CBN,SUB-NWE,1
11398224,26063002275641LJHKCLI-01,SUB-SUB,CBN-BMY,1
11398224,26063002275641LJHKCLI-DO,CBN-CBN,SUB-NWE,1
11398224,26063002320927JKK8QBUK1-01,SUB-SUB,CBN-BMY,1
11398224,26063002320927JKK8QBUK1-DO,CBN-CBN,SUB-NWE,1
11398224,26063002320928ULS8L56LJV-01,SUB-SUB,CBN-BMY,1
11398224,26063002320928ULS8L56LJV-DO,CBN-CBN,SUB-NWE,1
11398224,26063002393866GFBJKWIEH-01,SUB-SUB,SUB-JOM,1
11398224,26063002393866GFBJKWIEH-DO,SUB-SUB,SUB-NWE,1
11398224,26063002393866HHGQ1TFJY-01,SUB-SUB,SUB-JOM,1
11398224,26063002393866HHGQ1TFJY-DO,SUB-SUB,SUB-NWE,1
11398224,26063002413595QDOUK12JJ-01,SUB-SUB,SOC-TLG,1
11398224,26063002413595QDOUK12JJ-DO,SOC-TLG,SUB-NWE,1
11398224,26063002485564ZT5IMESDI-01,SUB-SUB,SUB-JOM,1
11398224,26063002485564ZT5IMESDI-DO,SUB-SUB,SUB-NWE,1
11398224,260630025420923ZMBQQOF2-01,MAC-MAC,BDO-CMS,1
11398224,260630025420923ZMBQQOF2-DO,BDO-BDO,MAC-KD5,1
11398224,26063002542092KQM9AZGXL-01,MAC-MAC,BDO-CMS,1
11398224,26063002542092KQM9AZGXL-DO,BDO-BDO,MAC-KD5,1
11398224,26063002542143PPNCD3FX-01,SUB-SUB,SUB-JOM,1
11398224,26063002542143PPNCD3FX-02,SUB-SUB,SUB-JOM,1
11398224,26063002542143PPNCD3FX-DO,SUB-SUB,SUB-NWE,1
11398224,260630030643507V2DWPHBM-01,SUB-SUB,CBN-TGL,1
11398224,260630030643507V2DWPHBM-DO,CBN-CBN,SUB-NWE,1
11398224,26063003064350G0N4M9ISII-01,SUB-SUB,CBN-TGL,1
11398224,26063003064350G0N4M9ISII-DO,CBN-CBN,SUB-NWE,1
11398224,26063003094110LXWYEAPO-01,MAC-MAC,BDO-KJT,1
11398224,26063003094110LXWYEAPO-DO,BDO-KJT,MAC-KD5,1
11398224,26063003113870NXTJZJBNIC-01,SUB-SUB,SOC-BJN,1
11398224,26063003113870NXTJZJBNIC-DO,SOC-SOC,SUB-NWE,1
11398224,26063003113870RCG2GB0DU-01,SUB-SUB,SOC-BJN,1
11398224,26063003113870RCG2GB0DU-DO,SOC-SOC,SUB-NWE,1
11398224,26063003122064E2EGPETKV6-01,MAC-MAC,MAC-CLG,1
11398224,26063003122064E2EGPETKV6-DO,MAC-CLG,MAC-KD5,1
11398224,26063003122064RBKBBMHLQ-01,MAC-MAC,MAC-CLG,1
11398224,26063003122064RBKBBMHLQ-DO,MAC-CLG,MAC-KD5,1
11398224,26063003153648603VJ9PZLA-01,SUB-SUB,SOC-TLG,1
11398224,26063003153648603VJ9PZLA-DO,SOC-SOC,SUB-NWE,1
11398224,26063003153648VLDI9VFJY-01,SUB-SUB,SOC-TLG,1
11398224,26063003153648VLDI9VFJY-DO,SOC-SOC,SUB-NWE,1
11398224,26063003383229BBN7ZOWNQJ-01,SUB-SUB,SUB-JOM,1
11398224,26063003383229BBN7ZOWNQJ-DO,SUB-SUB,SUB-NWE,1
11398224,26063003411302C3RKMUBMXK-01,SUB-SUB,SRG-TMG,1
11398224,26063003411302C3RKMUBMXK-DO,SRG-SRG,SUB-NWE,1
11398224,26063003411302PJNDQ6BCS-01,SUB-SUB,SRG-TMG,1
11398224,26063003411302PJNDQ6BCS-DO,SRG-SRG,SUB-NWE,1
11398224,26063003441366DXCU3ZRTB-01,SUB-SUB,SUB-JOM,1
11398224,26063003441366DXCU3ZRTB-DO,SUB-SUB,SUB-NWE,1
11398224,260630034527907QVJRJRBJ-01,MAC-MAC,BDO-PMN,1
11398224,260630034527907QVJRJRBJ-DO,BDO-BDO,MAC-KD5,1
11398224,26063003452790Z6ODGHDEMX-01,MAC-MAC,BDO-PMN,1
11398224,26063003452790Z6ODGHDEMX-DO,BDO-BDO,MAC-KD5,1
11398224,26063003494192DIXWNJU8O-01,MAC-MAC,MAC-JPK,1
11398224,26063003494192DIXWNJU8O-02,MAC-MAC,MAC-JPK,1
11398224,26063003494192DIXWNJU8O-DO,MAC-MAC,MAC-KD5,1
11398224,26063003510231CWUSMLN2P-01,SUB-SUB,SUB-JOM,1
11398224,26063003510231CWUSMLN2P-DO,SUB-SUB,SUB-NWE,1
11398224,260630035643071RP9QNQVR-01,SUB-SUB,CBN-TGL,1
11398224,260630035643071RP9QNQVR-DO,CBN-CBN,SUB-NWE,1
11398224,26063004000911GNN6S2MX0-01,MAC-MAC,MAC-CST,1
11398224,26063004000911GNN6S2MX0-DO,MAC-MAC,MAC-KD5,1
11398224,26063004000911Y48GRXD4B-01,MAC-MAC,MAC-CST,1
11398224,26063004000911Y48GRXD4B-02,MAC-MAC,MAC-CST,1
11398224,26063004000911Y48GRXD4B-03,MAC-MAC,MAC-CST,1
11398224,26063004000911Y48GRXD4B-DO,MAC-MAC,MAC-KD5,1
11398224,26063004041449AXQNIXISBQ-01,SUB-SUB,SRG-PWD,1
11398224,26063004041449AXQNIXISBQ-DO,SRG-SRG,SUB-NWE,1
11398224,26063004041449PO67KCKEUM-01,SUB-SUB,SRG-PWD,1
11398224,26063004041449PO67KCKEUM-DO,SRG-SRG,SUB-NWE,1
11398224,26063004041449QFANX62OI-01,SUB-SUB,SRG-PWD,1
11398224,26063004041449QFANX62OI-DO,SRG-SRG,SUB-NWE,1
11398224,260630041337580ACJB4TBD-01,MAC-MAC,CBN-KNG,1
11398224,260630041337580ACJB4TBD-02,MAC-MAC,CBN-KNG,1
11398224,260630041337580ACJB4TBD-DO,CBN-CBN,MAC-KD5,1
11398224,26063004133758BOTBZ1S6UJ-01,MAC-MAC,CBN-KNG,1
11398224,26063004133758BOTBZ1S6UJ-DO,CBN-CBN,MAC-KD5,1
11398224,260630041714617CCTJHXC-01,SUB-SUB,CBN-TGL,1
11398224,260630041714617CCTJHXC-DO,CBN-CBN,SUB-NWE,1
11398224,26063004280080AH6UC9A-01,MAC-MAC,BDO-CJR,1
11398224,26063004280080AH6UC9A-DO,BDO-BDO,MAC-KD5,1
11398224,26063004280080M39J1QUJBG-01,MAC-MAC,BDO-CJR,1
11398224,26063004280080M39J1QUJBG-02,MAC-MAC,BDO-CJR,1
11398224,26063004280080M39J1QUJBG-DO,BDO-BDO,MAC-KD5,1
11398224,26063004280080TTRRXLISCN-01,MAC-MAC,BDO-CJR,1
11398224,26063004280080TTRRXLISCN-DO,BDO-BDO,MAC-KD5,1
11398224,26063004310602RYF5L5K2K-01,SUB-SUB,CBN-TGL,1
11398224,26063004310602RYF5L5K2K-02,SUB-SUB,CBN-TGL,1
11398224,26063004310602RYF5L5K2K-DO,CBN-CBN,SUB-NWE,1
11398224,26063004321365JJPKA1C41R-01,SUB-SUB,SRG-PWD,1
11398224,26063004321365JJPKA1C41R-DO,SRG-SRG,SUB-NWE,1
11398224,26063004393552LSVFNXXRB-01,SUB-SUB,CBN-TGL,1
11398224,26063004393552LSVFNXXRB-DO,CBN-CBN,SUB-NWE,1
11398224,260630044034924JNJ06DN-01,SUB-SUB,SUB-JOM,1
11398224,260630044034924JNJ06DN-DO,SUB-SUB,SUB-NWE,1
11398224,26063004403492JEK14KN9C0-01,SUB-SUB,SUB-JOM,1
11398224,26063004403492JEK14KN9C0-DO,SUB-SUB,SUB-NWE,1
11398224,26063005022605T9GBE8B06A-01,MAC-MAC,BDO-PMN,1
11398224,26063005022605T9GBE8B06A-DO,BDO-BDO,MAC-KD5,1
11398224,26063005022605XI7QMSEYR6-01,MAC-MAC,BDO-PMN,1
11398224,26063005022605XI7QMSEYR6-DO,BDO-BDO,MAC-KD5,1
11398224,26063005254352Q2J58LAA4-01,SUB-SUB,SUB-JOM,1
11398224,26063005254352Q2J58LAA4-DO,SUB-SUB,SUB-NWE,1
11398224,26063005294293CDIGA0JUE-01,SUB-SUB,SOC-WNG,1
11398224,26063005294293CDIGA0JUE-DO,SOC-SOC,SUB-NWE,1
11398224,26063005395734PPX31QJNL-01,SUB-SUB,SOC-NGW,1
11398224,26063005395734PPX31QJNL-DO,SOC-SOC,SUB-NWE,1
11398224,2606300541549310TNJDSFR-01,SUB-SUB,SOC-NJK,1
11398224,2606300541549310TNJDSFR-DO,SOC-SOC,SUB-NWE,1
11398224,26063006011907BW7WFE3EVA-01,SUB-SUB,SUB-JOM,1
11398224,26063006011907BW7WFE3EVA-DO,,SUB-NWE,1
11398224,26063006011907E8TGNL5KNM-01,SUB-SUB,SUB-JOM,1
11398224,26063006011907E8TGNL5KNM-DO,,SUB-NWE,1
11398224,26063006015120ERYL4POPQ-01,SUB-SUB,SUB-JOM,1
11398224,26063006015120ERYL4POPQ-DO,SUB-SUB,SUB-NWE,1
11398224,26063006015120FPWSG2P4MB-01,SUB-SUB,SUB-JOM,1
11398224,26063006015120FPWSG2P4MB-DO,SUB-SUB,SUB-NWE,1
11398224,26063006061589ASWDZ2JGE-01,SUB-SUB,SRG-PWD,1
11398224,26063006061589ASWDZ2JGE-DO,SRG-SRG,SUB-NWE,1
11398224,26063006061589SOXV7BJ97W-01,SUB-SUB,SRG-PWD,1
11398224,26063006061589SOXV7BJ97W-DO,SRG-SRG,SUB-NWE,1
11398224,26063006151403WFTEODLDH-01,SUB-SUB,SUB-JOM,1
11398224,26063006151403WFTEODLDH-DO,SUB-SUB,SUB-NWE,1
11398224,26063006151404STKHKI8S9F-01,SUB-SUB,SUB-JOM,1
11398224,26063006151404STKHKI8S9F-DO,SUB-SUB,SUB-NWE,1
11398224,26063006204538FWUPPTLJP-01,SUB-SUB,SRG-PWD,1
11398224,26063006204538FWUPPTLJP-DO,SRG-SRG,SUB-NWE,1
11398224,260630062215474EZOWJDLO-01,SUB-SUB,SRG-PWD,1
11398224,260630062215474EZOWJDLO-DO,SRG-SRG,SUB-NWE,1
11398224,26063006221547LQEAW5WEPH-01,SUB-SUB,SRG-PWD,1
11398224,26063006221547LQEAW5WEPH-DO,SRG-SRG,SUB-NWE,1
11398224,26063006221547QJ6SWCFSO-01,SUB-SUB,SRG-PWD,1
11398224,26063006221547QJ6SWCFSO-DO,,SUB-NWE,1
11398224,26063006300929H8LCPP0FG0-01,SUB-SUB,SOC-NGW,1
11398224,26063006300929H8LCPP0FG0-DO,SOC-SOC,SUB-NWE,1
11398224,26063006300929JSF3BWNF-01,SUB-SUB,SOC-NGW,1
11398224,26063006300929JSF3BWNF-DO,SOC-SOC,SUB-NWE,1
11398224,260630063219098SFGB3JWVB-01,MAC-MAC,BDO-JCK,1
11398224,260630063219098SFGB3JWVB-02,MAC-MAC,BDO-JCK,1
11398224,260630063219098SFGB3JWVB-DO,BDO-BDO,MAC-KD5,1
11398224,26063006321909H5IPZ2H8T-01,MAC-MAC,BDO-JCK,1
11398224,26063006321909H5IPZ2H8T-DO,BDO-BDO,MAC-KD5,1
11398224,26063006322414KL5UYZMH4P-01,MAC-MAC,MAC-KRL,1
11398224,26063006322414KL5UYZMH4P-DO,MAC-KRL,MAC-KD5,1
11398224,26063006322414MIBYOSDSZC-01,MAC-MAC,MAC-KRL,1
11398224,26063006322414MIBYOSDSZC-DO,MAC-KRL,MAC-KD5,1
11398224,26063006322414UWSE11ISZ-01,MAC-MAC,MAC-KRL,1
11398224,26063006322414UWSE11ISZ-DO,MAC-KRL,MAC-KD5,1
11398224,26063006381625Y6O3EGNLK-01,SUB-SUB,CBN-TGL,1
11398224,26063006381625Y6O3EGNLK-DO,CBN-CBN,SUB-NWE,1
11398224,260630065054889Y4EYBRNNP-01,MAC-MAC,BDO-BJR,1
11398224,260630065054889Y4EYBRNNP-DO,BDO-BJR,MAC-KD5,1
11398224,26063006505488C3QKM2UNE-01,MAC-MAC,BDO-BJR,1
11398224,26063006505488C3QKM2UNE-DO,BDO-BJR,MAC-KD5,1
11398224,2606300653241506DQSZPUH-01,SUB-SUB,SUB-TBN,1
11398224,2606300653241506DQSZPUH-DO,SUB-TBN,SUB-NWE,1
11398224,26063006532415WA4J9RCHQ-01,SUB-SUB,SUB-TBN,1
11398224,26063006532415WA4J9RCHQ-DO,SUB-TBN,SUB-NWE,1
11398224,26063007231483RCDVZAVZC-01,SUB-SUB,SUB-PWH,1
11398224,26063007231483RCDVZAVZC-DO,,SUB-NWE,1
11398224,26063007261501MJRK1AXFO-01,SUB-SUB,CBN-TGL,1
11398224,26063007261501MJRK1AXFO-DO,CBN-CBN,SUB-NWE,1
11398224,26063007455853ACUQFWON-01,SUB-SUB,CBN-TGL,1
11398224,26063007455853ACUQFWON-DO,CBN-CBN,SUB-NWE,1
11398224,26063007455853DLKFOEKYFO-01,SUB-SUB,CBN-TGL,1
11398224,26063007455853DLKFOEKYFO-DO,CBN-CBN,SUB-NWE,1
11398224,26063007455853RJIFMVM5D-01,SUB-SUB,CBN-TGL,1
11398224,26063007455853RJIFMVM5D-DO,CBN-CBN,SUB-NWE,1
11398224,26063007580835I8ZUEYLZZ-01,MAC-MAC,BDO-KJT,1
11398224,26063007580835I8ZUEYLZZ-DO,BDO-BDO,MAC-KD5,1
11398224,26063007580835IYMQBGRFB-01,MAC-MAC,BDO-KJT,1
11398224,26063007580835IYMQBGRFB-DO,BDO-BDO,MAC-KD5,1
11398224,26063007580835QZMNKTPJXD-01,MAC-MAC,BDO-KJT,1
11398224,26063007580835QZMNKTPJXD-DO,BDO-BDO,MAC-KD5,1
11398224,260630080422670Q1CHT4IR-01,SUB-SUB,SOC-NGW,1
11398224,260630080422670Q1CHT4IR-DO,SOC-SOC,SUB-NWE,1
11398224,26063008075144GLNMJO3D-01,MAC-MAC,BDO-SMD,1
11398224,26063008075144GLNMJO3D-DO,BDO-BDO,MAC-KD5,1
11398224,26063008075144M800RA02Z-01,MAC-MAC,BDO-SMD,1
11398224,26063008075144M800RA02Z-DO,BDO-BDO,MAC-KD5,1
11398224,26063008341636ZOZQJC718-01,SUB-SUB,SUB-JOM,1
11398224,26063008341636ZOZQJC718-DO,SUB-SUB,SUB-NWE,1
11398224,26063008341841W6LMQXX8O-01,SUB-SUB,SOC-SGN,1
11398224,26063008341841W6LMQXX8O-DO,SOC-SOC,SUB-NWE,1
11398224,26063008341842TOHR6RZW-01,SUB-SUB,SOC-SGN,1
11398224,26063008341842TOHR6RZW-DO,SOC-SOC,SUB-NWE,1
11398224,2606300840426859PJU2IHB-01,MAC-MAC,MAC-CST,1
11398224,2606300840426859PJU2IHB-02,MAC-MAC,MAC-CST,1
11398224,2606300840426859PJU2IHB-03,MAC-MAC,MAC-CST,1
11398224,2606300840426859PJU2IHB-DO,MAC-MAC,MAC-KD5,1
11398224,260630084632873CHDYTFZQ-01,MAC-MAC,MAC-CBD,1
11398224,260630084632873CHDYTFZQ-DO,MAC-MAC,MAC-KD5,1
11398224,26063008463287VH2NCJQPR-01,MAC-MAC,MAC-CBD,1
11398224,26063008463287VH2NCJQPR-DO,,MAC-KD5,1
11398224,26063008463288FHX5N6LKLG-01,MAC-MAC,MAC-CBD,1
11398224,26063008463288FHX5N6LKLG-DO,MAC-MAC,MAC-KD5,1
11398224,26063008463288UPJEDLFBC-01,MAC-MAC,MAC-CBD,1
11398224,26063008463288UPJEDLFBC-02,MAC-MAC,MAC-CBD,1
11398224,26063008463288UPJEDLFBC-03,MAC-MAC,MAC-CBD,1
11398224,26063008463288UPJEDLFBC-DO,MAC-MAC,MAC-KD5,1
11398224,26063008480745CUBLNDL5-01,MAC-MAC,MAC-CLG,1
11398224,26063008480745CUBLNDL5-DO,MAC-CLG,MAC-KD5,1
11398224,26063008480745VOU46BU0I5-01,MAC-MAC,MAC-CLG,1
11398224,26063008480745VOU46BU0I5-DO,MAC-CLG,MAC-KD5,1
11398224,26063009054037COLGR9LBJ-01,MAC-MAC,MAC-CST,1
11398224,26063009054037COLGR9LBJ-DO,MAC-MAC,MAC-KD5,1
11398224,26063009110649ZVUQEGLG3-01,MAC-MAC,BDO-SKI,1
11398224,26063009110649ZVUQEGLG3-DO,BDO-BDO,MAC-KD5,1
11398224,26063009172229NQIWUM1QS-01,MAC-MAC,BDO-SNR,1
11398224,26063009172229NQIWUM1QS-DO,BDO-BDO,MAC-KD5,1
11398224,26063009232133FJQY1NJOKM-01,SUB-SUB,CBN-TGL,1
11398224,26063009232133FJQY1NJOKM-DO,CBN-CBN,SUB-NWE,1
11398224,26063009232133PDEBFUJRZ-01,SUB-SUB,CBN-TGL,1
11398224,26063009232133PDEBFUJRZ-DO,CBN-CBN,SUB-NWE,1
11398224,26063009322708CZRTZEC9OF-01,MAC-MAC,MAC-JPK,1
11398224,26063009322708CZRTZEC9OF-DO,MAC-MAC,MAC-KD5,1
11398224,26063009322708QDOUYUFU1-01,MAC-MAC,MAC-JPK,1
11398224,26063009322708QDOUYUFU1-DO,MAC-MAC,MAC-KD5,1
11398224,26063009322708QDYN2RWXIK-01,MAC-MAC,MAC-JPK,1
11398224,26063009322708QDYN2RWXIK-02,MAC-MAC,MAC-JPK,1
11398224,26063009322708QDYN2RWXIK-DO,MAC-MAC,MAC-KD5,1
11398224,26063009330450N9WGTNI6-01,MAC-MAC,MAC-CST,1
11398224,26063009330450N9WGTNI6-DO,MAC-MAC,MAC-KD5,1
11398224,260630095449057SIVHNAFX-01,MAC-MAC,CBN-KNG,1
11398224,260630095449057SIVHNAFX-DO,CBN-CBN,MAC-KD5,1
11398224,26063009544905K1NDVSFQPS-01,MAC-MAC,CBN-KNG,1
11398224,26063009544905K1NDVSFQPS-DO,CBN-CBN,MAC-KD5,1
11398224,26063009544905XBGDVRJY0-01,MAC-MAC,CBN-KNG,1
11398224,26063009544905XBGDVRJY0-02,MAC-MAC,CBN-KNG,1
11398224,26063009544905XBGDVRJY0-03,MAC-MAC,CBN-KNG,1
11398224,26063009544905XBGDVRJY0-DO,CBN-CBN,MAC-KD5,1
11398224,26063010434071JS0KC48SKJ-01,SUB-SUB,SUB-TBN,1
11398224,26063010434071JS0KC48SKJ-DO,SUB-TBN,SUB-NWE,1
11398224,26063010434071N4ATHS5OA-01,SUB-SUB,SUB-TBN,1
11398224,26063010434071N4ATHS5OA-DO,SUB-TBN,SUB-NWE,1
11398224,26063010470207JYW95G0XQ-01,MAC-MAC,CBN-MJL,1
11398224,26063010470207JYW95G0XQ-DO,CBN-CBN,MAC-KD5,1
11398224,26063011055597IPRZBARFM-01,MAC-MAC,CBN-MJL,1
11398224,26063011055597IPRZBARFM-DO,CBN-CBN,MAC-KD5,1
11398224,2606301115067040S5SENUR-01,SUB-SUB,SUB-TBN,1
11398224,2606301115067040S5SENUR-DO,SUB-TBN,SUB-NWE,1
11398224,26063011211967HPCG8AIT-01,MAC-MAC,BDO-PWA,1
11398224,26063011211967HPCG8AIT-DO,BDO-BDO,MAC-KD5,1
11398224,26063011211967K3WG5VQWNU-01,MAC-MAC,BDO-PWA,1
11398224,26063011211967K3WG5VQWNU-DO,BDO-BDO,MAC-KD5,1
11398224,260630115024974YPIL9INGB-01,MAC-MAC,BDO-CMS,1
11398224,260630115024974YPIL9INGB-DO,BDO-BDO,MAC-KD5,1
11398224,26063011502497IIMCKIDB-01,MAC-MAC,BDO-CMS,1
11398224,26063011502497IIMCKIDB-DO,BDO-BDO,MAC-KD5,1
11398224,26063011502497JEDZZVO2VC-01,MAC-MAC,BDO-CMS,1
11398224,26063011502497JEDZZVO2VC-DO,BDO-BDO,MAC-KD5,1
11398224,26063012003792NLJYKOJEE-01,MAC-MAC,CBN-KNG,1
11398224,26063012003792NLJYKOJEE-DO,CBN-CBN,MAC-KD5,1
11398224,260630120037939VVJI5JAC-01,MAC-MAC,CBN-KNG,1
11398224,260630120037939VVJI5JAC-02,MAC-MAC,CBN-KNG,1
11398224,260630120037939VVJI5JAC-DO,CBN-CBN,MAC-KD5,1
11398224,26063012003793BU5KR8VD5-01,MAC-MAC,CBN-KNG,1
11398224,26063012003793BU5KR8VD5-DO,CBN-CBN,MAC-KD5,1
11398224,26063012150810ANHOZURW-01,MAC-MAC,CBN-MJL,1
11398224,26063012150810ANHOZURW-DO,CBN-CBN,MAC-KD5,1
11398224,26063013090263FIKDDE7C-01,MAC-MAC,BDO-KJT,1
11398224,26063013090263FIKDDE7C-DO,BDO-BDO,MAC-KD5,1
11398224,26063013244227BXK94IUWCS-01,SUB-SUB,SRG-SLT,1
11398224,26063013244227BXK94IUWCS-DO,SRG-SLT,SUB-NWE,1
11398224,26063013244227CFXRTXXR-01,SUB-SUB,SRG-SLT,1
11398224,26063013244227CFXRTXXR-DO,SRG-SLT,SUB-NWE,1
11398224,26063013382200H3FLIBUI8-01,MAC-MAC,BDO-SMD,1
11398224,26063013382200H3FLIBUI8-DO,,MAC-KD5,1
11398224,26063013593524V70JDGGHTM-01,MAC-MAC,MAC-JPK,1
11398224,26063013593524V70JDGGHTM-02,MAC-MAC,MAC-JPK,1
11398224,26063013593524V70JDGGHTM-03,MAC-MAC,MAC-JPK,1
11398224,26063013593524V70JDGGHTM-DO,MAC-MAC,MAC-KD5,1
11398224,26063013593524VIIUGHC-01,MAC-MAC,MAC-JPK,1
11398224,26063013593524VIIUGHC-DO,MAC-MAC,MAC-KD5,1
11398224,26063013593524WCA5BUMAC-01,MAC-MAC,MAC-JPK,1
11398224,26063013593524WCA5BUMAC-02,MAC-MAC,MAC-JPK,1
11398224,26063013593524WCA5BUMAC-03,MAC-MAC,MAC-JPK,1
11398224,26063013593524WCA5BUMAC-DO,MAC-MAC,MAC-KD5,1
11398224,26063014325874EWTUQPDP-01,SUB-SUB,SOC-NGW,1
11398224,26063014325874EWTUQPDP-DO,SOC-SOC,SUB-NWE,1
11398224,26063014571638CMGQGFWVTQ-01,MAC-MAC,MAC-SRN,1
11398224,26063014571638CMGQGFWVTQ-DO,MAC-MAC,MAC-KD5,1
11398224,26063014571638EAGRMQC7AW-01,MAC-MAC,MAC-SRN,1
11398224,26063014571638EAGRMQC7AW-DO,MAC-MAC,MAC-KD5,1
11398224,26063014571638JKYMENMSX-01,MAC-MAC,MAC-SRN,1
11398224,26063014571638JKYMENMSX-DO,MAC-MAC,MAC-KD5,1
11398224,26063014571638K2WGKFOD-01,MAC-MAC,MAC-SRN,1
11398224,26063014571638K2WGKFOD-DO,MAC-MAC,MAC-KD5,1
11398224,26063015445223K2XROHHF-01,MAC-MAC,MAC-JPK,1
11398224,26063015445223K2XROHHF-DO,MAC-MAC,MAC-KD5,1
11398224,260630155819798ELHP8DBG-01,SUB-SUB,CBN-TGL,1
11398224,260630155819798ELHP8DBG-DO,CBN-CBN,SUB-NWE,1
11398224,26063016440341ABHHYIJ-01,MAC-MAC,BDO-CMS,1
11398224,26063016440341ABHHYIJ-DO,BDO-BDO,MAC-KD5,1
11398224,260630171613015VQOOMTUX-01,MAC-MAC,BDO-CJR,1
11398224,260630171613015VQOOMTUX-DO,BDO-BDO,MAC-KD5,1
11398224,26063017161301TUBOFEWLRL-01,MAC-MAC,BDO-CJR,1
11398224,26063017161301TUBOFEWLRL-02,MAC-MAC,BDO-CJR,1
11398224,26063017161301TUBOFEWLRL-DO,BDO-BDO,MAC-KD5,1
11398224,26063022402405DPV88SXHW-01,MAC-MAC,BDO-JCK,1
11398224,26063022402405DPV88SXHW-DO,BDO-BDO,MAC-KD5,1
11398224,26063022402405IBGH4DMW-01,MAC-MAC,BDO-JCK,1
11398224,26063022402405IBGH4DMW-DO,BDO-BDO,MAC-KD5,1
11398224,260630232537662VZSIOT3L-01,MAC-MAC,CBN-MJL,1
11398224,260630232537662VZSIOT3L-DO,CBN-CBN,MAC-KD5,1
11398224,26063023253766WX0QAHJZV5-01,MAC-MAC,CBN-MJL,1
11398224,26063023253766WX0QAHJZV5-DO,CBN-CBN,MAC-KD5,1
11398224,26070100035446DBUZJLVP-01,MAC-MAC,MAC-CBD,1
11398224,26070100035446DBUZJLVP-02,MAC-MAC,MAC-CBD,1
11398224,26070100035446DBUZJLVP-DO,MAC-MAC,MAC-KD5,1
11398224,26070100261615MX0TF79GO-01,MAC-MAC,MAC-CLG,1
11398224,26070100261615MX0TF79GO-DO,MAC-CLG,MAC-KD5,1
11398224,26070100261615XJQCGQSPPC-01,MAC-MAC,MAC-CLG,1
11398224,26070100261615XJQCGQSPPC-02,MAC-MAC,MAC-CLG,1
11398224,26070100261615XJQCGQSPPC-DO,MAC-CLG,MAC-KD5,1
11398224,26070101010446JDDURCSZB-01,MAC-MAC,MAC-CBD,1
11398224,26070101010446JDDURCSZB-DO,MAC-MAC,MAC-KD5,1
11398224,26070101010446NHHPZOWTKZ-01,MAC-MAC,MAC-CBD,1
11398224,26070101010446NHHPZOWTKZ-DO,MAC-MAC,MAC-KD5,1
11398224,26070101010447V1VBGXUYCW-01,MAC-MAC,MAC-CBD,1
11398224,26070101010447V1VBGXUYCW-DO,MAC-MAC,MAC-KD5,1
11398224,26070101083315QR1FUVIK8-01,MAC-MAC,MAC-KLR,1
11398224,26070101083315QR1FUVIK8-DO,MAC-MAC,MAC-KD5,1
11398224,26070101083315SAM1EQ7QX-01,MAC-MAC,MAC-KLR,1
11398224,26070101083315SAM1EQ7QX-DO,MAC-MAC,MAC-KD5,1
11398224,26070101092489APBKJFX4P-01,MAC-MAC,MAC-SRN,1
11398224,26070101092489APBKJFX4P-DO,MAC-MAC,MAC-KD5,1
11398224,26070101110129L71MTXM3BG-01,SUB-SUB,SOC-NGW,1
11398224,26070101110129L71MTXM3BG-DO,SOC-SOC,SUB-NWE,1
11398224,26070101110129UL4XIB7EC-01,SUB-SUB,SOC-NGW,1
11398224,26070101110129UL4XIB7EC-DO,SOC-SOC,SUB-NWE,1
11398224,260701012141422QDXZPFDM1-01,MAC-MAC,BDO-CMS,1
11398224,260701012141422QDXZPFDM1-DO,BDO-BDO,MAC-KD5,1
11398224,26070101214142RTFPMRVBG-01,MAC-MAC,BDO-CMS,1
11398224,26070101214142RTFPMRVBG-DO,BDO-BDO,MAC-KD5,1
11398224,26070101214142ZNRQ9B0GBT-01,MAC-MAC,BDO-CMS,1
11398224,26070101214142ZNRQ9B0GBT-DO,BDO-BDO,MAC-KD5,1
11398224,26070101242079MFC9OJ8QB-01,MAC-MAC,CBN-KDH,1
11398224,26070101242079MFC9OJ8QB-DO,CBN-KDH,MAC-KD5,1
11398224,26070101294504D49TJSOQV-01,SUB-SUB,SOC-NGW,1
11398224,26070101294504D49TJSOQV-DO,SOC-SOC,SUB-NWE,1
11398224,26070101294504NTGP5E6KF8-01,SUB-SUB,SOC-NGW,1
11398224,26070101294504NTGP5E6KF8-DO,SOC-SOC,SUB-NWE,1
11398224,26070101422229HI6YYHCMW-01,MAC-MAC,BDO-PMN,1
11398224,26070101422229HI6YYHCMW-DO,BDO-BDO,MAC-KD5,1
11398224,260701014428890JP0WY1S3-01,SUB-SUB,SUB-JOM,1
11398224,260701014428890JP0WY1S3-DO,SUB-SUB,SUB-NWE,1
11398224,26070101442889GMLNPCUKNH-01,SUB-SUB,SUB-JOM,1
11398224,26070101442889GMLNPCUKNH-DO,SUB-SUB,SUB-NWE,1
11398224,260701015424100V4RXSJBQM-01,SUB-SUB,SUB-BWI,1
11398224,260701015424100V4RXSJBQM-DO,SUB-BWI,SUB-NWE,1
11398224,260701015424108NLPOUTX-01,SUB-SUB,SUB-BWI,1
11398224,260701015424108NLPOUTX-DO,SUB-BWI,SUB-NWE,1
11398224,26070101582609OZMYVONGOK-01,MAC-MAC,MAC-SKT,1
11398224,26070101582609OZMYVONGOK-DO,MAC-SKT,MAC-KD5,1
11398224,26070102184932OJJPDTPIL-01,SUB-SUB,SUB-JOM,1
11398224,26070102184932OJJPDTPIL-DO,SUB-SUB,SUB-NWE,1
11398224,26070102223749NPQ9PUAHX-01,SUB-SUB,SOC-BJN,1
11398224,26070102223749NPQ9PUAHX-DO,SOC-SOC,SUB-NWE,1
11398224,26070102223749VIOWVO5KW-01,SUB-SUB,SOC-BJN,1
11398224,26070102223749VIOWVO5KW-DO,SOC-SOC,SUB-NWE,1
11398224,260701022508264NOTBWWSZ-01,MAC-MAC,BDO-PWA,1
11398224,260701022508264NOTBWWSZ-DO,BDO-BDO,MAC-KD5,1
11398224,26070102250826ZQZHF2OIV-01,MAC-MAC,BDO-PWA,1
11398224,26070102250826ZQZHF2OIV-DO,BDO-BDO,MAC-KD5,1
11398224,260701022829949RLR66C7A-01,SUB-SUB,SRG-SLT,1
11398224,260701022829949RLR66C7A-DO,SRG-SLT,SUB-NWE,1
11398224,2607010230003521UWDNS8V-01,SUB-SUB,SUB-JOM,1
11398224,2607010230003521UWDNS8V-DO,SUB-SUB,SUB-NWE,1
11398224,26070102303807RHRCACW7Z-01,SUB-SUB,SUB-JOM,1
11398224,26070102303807RHRCACW7Z-DO,SUB-SUB,SUB-NWE,1
11398224,26070102333237CYDJWQSH2B-01,MAC-MAC,BDO-CMS,1
11398224,26070102333237CYDJWQSH2B-DO,BDO-BDO,MAC-KD5,1
11398224,26070102333237RYD5VXCPL-01,MAC-MAC,BDO-CMS,1
11398224,26070102333237RYD5VXCPL-DO,BDO-BDO,MAC-KD5,1
11398224,260701024110700GPZFIAG4-01,SUB-SUB,SOC-NGW,1
11398224,260701024110700GPZFIAG4-DO,SOC-SOC,SUB-NWE,1
11398224,260701024110701UYEYZRKPQ-01,SUB-SUB,SOC-NGW,1
11398224,260701024110701UYEYZRKPQ-DO,SOC-SOC,SUB-NWE,1
11398224,260701030710514VYSFACQFN-01,MAC-MAC,BDO-PWA,1
11398224,260701030710514VYSFACQFN-DO,BDO-BDO,MAC-KD5,1
11398224,26070103071051A8HKPAO4YG-01,MAC-MAC,BDO-PWA,1
11398224,26070103071051A8HKPAO4YG-DO,BDO-BDO,MAC-KD5,1
11398224,26070103071051BQLRQTWMO-01,MAC-MAC,BDO-PWA,1
11398224,26070103071051BQLRQTWMO-DO,BDO-BDO,MAC-KD5,1
11398224,26070103100953JIKRTP8JG-01,MAC-MAC,BDO-KJT,1
11398224,26070103100953JIKRTP8JG-DO,BDO-BDO,MAC-KD5,1
11398224,26070103100953QDUBN7XOF-01,MAC-MAC,BDO-KJT,1
11398224,26070103100953QDUBN7XOF-DO,BDO-BDO,MAC-KD5,1
11398224,26070103221583NWJNT8TI-01,SUB-SUB,SRG-TMG,1
11398224,26070103221583NWJNT8TI-DO,SRG-SRG,SUB-NWE,1
11398224,26070103221583XT1O8Z6JFP-01,SUB-SUB,SRG-TMG,1
11398224,26070103221583XT1O8Z6JFP-DO,SRG-SRG,SUB-NWE,1
11398224,26070103283221EPPCIDMQP-01,SUB-SUB,SOC-NGW,1
11398224,26070103283221EPPCIDMQP-DO,SOC-SOC,SUB-NWE,1
11398224,26070103455052MWMFBYXVUB-01,MAC-MAC,CBN-JTB,1
11398224,26070103455052MWMFBYXVUB-DO,CBN-JTB,MAC-KD5,1
11398224,26070103455052OAGHXUKU8-01,MAC-MAC,CBN-JTB,1
11398224,26070103455052OAGHXUKU8-DO,CBN-JTB,MAC-KD5,1
11398224,26070103485709LL78RABSFQ-01,MAC-MAC,BDO-SMD,1
11398224,26070103485709LL78RABSFQ-DO,BDO-BDO,MAC-KD5,1
11398224,26070103495961D4CEFNAHD-01,SUB-SUB,SUB-PWH,1
11398224,26070103495961D4CEFNAHD-DO,,SUB-NWE,1
11398224,26070103562698IKQTYLAA59-01,SUB-SUB,SUB-JOM,1
11398224,26070103562698IKQTYLAA59-DO,SUB-SUB,SUB-NWE,1
11398224,26070103562698ON7ZZJEAQ-01,SUB-SUB,SUB-JOM,1
11398224,26070103562698ON7ZZJEAQ-DO,SUB-SUB,SUB-NWE,1
11398224,26070103581420O8X4SCGHAT-01,MAC-MAC,BDO-MGU,1
11398224,26070103581420O8X4SCGHAT-02,MAC-MAC,BDO-MGU,1
11398224,26070103581420O8X4SCGHAT-DO,BDO-BDO,MAC-KD5,1
11398224,26070103581420VRRK6AB9-01,MAC-MAC,BDO-MGU,1
11398224,26070103581420VRRK6AB9-DO,BDO-BDO,MAC-KD5,1
11398224,26070104051941CNWB1QOVO-01,SUB-SUB,SUB-JOM,1
11398224,26070104051941CNWB1QOVO-DO,SUB-SUB,SUB-NWE,1
11398224,26070104114462AWMCVAPOII-01,MAC-MAC,CBN-KDH,1
11398224,26070104114462AWMCVAPOII-DO,CBN-KDH,MAC-KD5,1
11398224,26070104114462TGLACPPEH-01,MAC-MAC,CBN-KDH,1
11398224,26070104114462TGLACPPEH-02,MAC-MAC,CBN-KDH,1
11398224,26070104114462TGLACPPEH-DO,CBN-KDH,MAC-KD5,1
11398224,26070104114462TW4GUNBL-01,MAC-MAC,CBN-KDH,1
11398224,26070104114462TW4GUNBL-DO,CBN-KDH,MAC-KD5,1
11398224,260701041531135ZEMM0XI-01,MAC-MAC,MAC-JPK,1
11398224,260701041531135ZEMM0XI-DO,MAC-MAC,MAC-KD5,1
11398224,26070104153113LEOH5QW1Y-01,MAC-MAC,MAC-JPK,1
11398224,26070104153113LEOH5QW1Y-DO,MAC-MAC,MAC-KD5,1
11398224,26070104225738NLZ6O7U5M-01,SUB-SUB,SUB-TBN,1
11398224,26070104225738NLZ6O7U5M-DO,SUB-TBN,SUB-NWE,1
11398224,26070104300640FJEKFEACH8-01,MAC-MAC,CBN-KDH,1
11398224,26070104300640FJEKFEACH8-DO,CBN-KDH,MAC-KD5,1
11398224,26070104300640KD0MG89P8N-01,MAC-MAC,CBN-KDH,1
11398224,26070104300640KD0MG89P8N-DO,CBN-KDH,MAC-KD5,1
11398224,26070104300640ZLGGLDIUG-01,MAC-MAC,CBN-KDH,1
11398224,26070104300640ZLGGLDIUG-DO,CBN-KDH,MAC-KD5,1
11398224,26070104354647HI9WPZHBXB-01,MAC-MAC,CBN-KNG,1
11398224,26070104354647HI9WPZHBXB-DO,CBN-CBN,MAC-KD5,1
11398224,26070104354647UVIARI4DV0-01,MAC-MAC,CBN-KNG,1
11398224,26070104354647UVIARI4DV0-DO,CBN-CBN,MAC-KD5,1
11398224,260701043937972XXULMFD5P-01,MAC-MAC,MAC-SKT,1
11398224,260701043937972XXULMFD5P-02,MAC-MAC,MAC-SKT,1
11398224,260701043937972XXULMFD5P-DO,MAC-SKT,MAC-KD5,1
11398224,26070104393797GO3EOB6LK-01,MAC-MAC,MAC-PNB,1
11398224,26070104393797GO3EOB6LK-DO,,MAC-KD5,1
11398224,26070104581297QRLX95MFN-01,SUB-SUB,CBN-TGL,1
11398224,26070104581297QRLX95MFN-DO,CBN-CBN,SUB-NWE,1
11398224,26070105050315A9SSHTCLK-01,MAC-MAC,BDO-PWA,1
11398224,26070105050315A9SSHTCLK-DO,BDO-BDO,MAC-KD5,1
11398224,26070105050315QVL7GJXRC-01,MAC-MAC,BDO-PWA,1
11398224,26070105050315QVL7GJXRC-DO,BDO-BDO,MAC-KD5,1
11398224,26070105193916KOBNTK0D-01,MAC-MAC,BDO-PWA,1
11398224,26070105193916KOBNTK0D-DO,,MAC-KD5,1
11398224,26070105193916N9QMF5AX3U-01,MAC-MAC,BDO-PWA,1
11398224,26070105193916N9QMF5AX3U-DO,BDO-BDO,MAC-KD5,1
11398224,2607010525423500U2VZB3R-01,SUB-SUB,SRG-SLT,1
11398224,2607010525423500U2VZB3R-DO,SRG-SLT,SUB-NWE,1
11398224,260701053946487EORNIOLTC-01,MAC-MAC,MAC-CBD,1
11398224,260701053946487EORNIOLTC-DO,MAC-MAC,MAC-KD5,1
11398224,26070105394648XLVGDTMO-01,MAC-MAC,MAC-CBD,1
11398224,26070105394648XLVGDTMO-DO,MAC-MAC,MAC-KD5,1
11398224,26070105513241HIPW8SA6N-01,SUB-SUB,SUB-JOM,1
11398224,26070105513241HIPW8SA6N-DO,SUB-SUB,SUB-NWE,1
11398224,26070105513241HWLF6YK2W-01,SUB-SUB,SUB-JOM,1
11398224,26070105513241HWLF6YK2W-DO,SUB-SUB,SUB-NWE,1
11398224,2607010553593307LWT1DCQD-01,MAC-MAC,BDO-BJR,1
11398224,2607010553593307LWT1DCQD-DO,BDO-BJR,MAC-KD5,1
11398224,26070105535933G55KCF7TR-01,MAC-MAC,BDO-BJR,1
11398224,26070105535933G55KCF7TR-DO,BDO-BJR,MAC-KD5,1
11398224,260701055501204I4M45KIE-01,MAC-MAC,MAC-RGS,1
11398224,260701055501204I4M45KIE-DO,MAC-MAC,MAC-KD5,1
11398224,26070105550120ZYD4XTZLNF-01,MAC-MAC,MAC-RGS,1
11398224,26070105550120ZYD4XTZLNF-DO,MAC-MAC,MAC-KD5,1
11398224,260701055501214WU76KG39-01,MAC-MAC,MAC-RGS,1
11398224,260701055501214WU76KG39-DO,,MAC-KD5,1
11398224,26070105550121BN6WJCQT8W-01,MAC-MAC,MAC-RGS,1
11398224,26070105550121BN6WJCQT8W-DO,MAC-MAC,MAC-KD5,1
11398224,26070106130206NV8QRNDMY-01,SUB-SUB,SUB-JOM,1
11398224,26070106130206NV8QRNDMY-DO,SUB-SUB,SUB-NWE,1
11398224,26070106130206WYLUZH6MON-01,SUB-SUB,SUB-JOM,1
11398224,26070106130206WYLUZH6MON-DO,SUB-SUB,SUB-NWE,1
11398224,26070106303963F5KSDWNXBI-01,MAC-MAC,MAC-CBD,1
11398224,26070106303963F5KSDWNXBI-DO,MAC-MAC,MAC-KD5,1
11398224,26070106434596XDOOZEESM-01,MAC-MAC,MAC-CLG,1
11398224,26070106434596XDOOZEESM-DO,MAC-CLG,MAC-KD5,1
11398224,26070107040929DVXKICNMC-01,MAC-MAC,CBN-KDH,1
11398224,26070107040929DVXKICNMC-DO,CBN-KDH,MAC-KD5,1
11398224,26070107040929XUNXBJKVL-01,MAC-MAC,CBN-KDH,1
11398224,26070107040929XUNXBJKVL-02,MAC-MAC,CBN-KDH,1
11398224,26070107040929XUNXBJKVL-DO,CBN-KDH,MAC-KD5,1
11398224,26070107061243XUMSNQH0R-01,MAC-MAC,CBN-KNG,1
11398224,26070107061243XUMSNQH0R-DO,CBN-CBN,MAC-KD5,1
11398224,26070107254008FMLDM0WJY-01,SUB-SUB,SOC-BJN,1
11398224,26070107254008FMLDM0WJY-02,SUB-SUB,SOC-BJN,1
11398224,26070107254008FMLDM0WJY-DO,SOC-SOC,SUB-NWE,1
11398224,26070107254008IZ1AZRHT-01,SUB-SUB,SOC-BJN,1
11398224,26070107254008IZ1AZRHT-DO,SOC-SOC,SUB-NWE,1
11398224,260701073948897XRXITZ8KH-01,MAC-MAC,MAC-MAC-SB-LH,1
11398224,260701073948897XRXITZ8KH-DO,,MAC-KD5,1
11398224,26070107394889IWGPEJ1MI-01,MAC-MAC,MAC-MAC-SB-LH,1
11398224,26070107394889IWGPEJ1MI-DO,,MAC-KD5,1
11398224,260701073948901JSZ9BZA0J-01,MAC-MAC,MAC-MAC-SB-LH,1
11398224,260701073948901JSZ9BZA0J-DO,,MAC-KD5,1
11398224,26070107394890EYMAKBZTE0-01,MAC-MAC,MAC-MAC-SB-LH,1
11398224,26070107394890EYMAKBZTE0-DO,,MAC-KD5,1
11398224,26070107410353HAYCWMX4J-01,MAC-MAC,MAC-CST,1
11398224,26070107410353HAYCWMX4J-DO,MAC-MAC,MAC-KD5,1
11398224,26070107410353Q1QTTFR8-01,MAC-MAC,MAC-CST,1
11398224,26070107410353Q1QTTFR8-DO,MAC-MAC,MAC-KD5,1
11398224,26070107450244HCAZMQH5ZR-01,SUB-SUB,SOC-SGN,1
11398224,26070107450244HCAZMQH5ZR-DO,,SUB-NWE,1
11398224,26070108033428EHBLLHBZ0-01,MAC-MAC,MAC-KLR,1
11398224,26070108033428EHBLLHBZ0-DO,,MAC-KD5,1
11398224,26070108193775UVF8XYEPTU-01,MAC-MAC,MAC-SKT,1
11398224,26070108193775UVF8XYEPTU-DO,MAC-SKT,MAC-KD5,1
11398224,26070108193775WHLMA2GF1-01,MAC-MAC,MAC-SKT,1
11398224,26070108193775WHLMA2GF1-DO,MAC-SKT,MAC-KD5,1
11398224,260701082558209FGLA0QHY-01,MAC-MAC,BDO-PWA,1
11398224,260701082558209FGLA0QHY-DO,BDO-BDO,MAC-KD5,1
11398224,26070108255820SOSIONOYO-01,MAC-MAC,BDO-PWA,1
11398224,26070108255820SOSIONOYO-DO,BDO-BDO,MAC-KD5,1
11398224,260701082558216OWNPHHWR-01,MAC-MAC,BDO-PWA,1
11398224,260701082558216OWNPHHWR-02,MAC-MAC,BDO-PWA,1
11398224,260701082558216OWNPHHWR-DO,BDO-BDO,MAC-KD5,1
11398224,26070108255821CSRMRHODE-01,MAC-MAC,BDO-PWA,1
11398224,26070108255821CSRMRHODE-DO,,MAC-KD5,1
11398224,26070108255821F2NQQYPLA-01,MAC-MAC,BDO-PWA,1
11398224,26070108255821F2NQQYPLA-02,MAC-MAC,BDO-PWA,1
11398224,26070108255821F2NQQYPLA-DO,BDO-BDO,MAC-KD5,1
11398224,26070108364175EKV2M7XMST-01,MAC-MAC,MAC-JPK,1
11398224,26070108364175EKV2M7XMST-DO,MAC-MAC,MAC-KD5,1
11398224,26070108364175JGJYZE8TI-01,MAC-MAC,MAC-JPK,1
11398224,26070108364175JGJYZE8TI-02,MAC-MAC,MAC-JPK,1
11398224,26070108364175JGJYZE8TI-DO,MAC-MAC,MAC-KD5,1
11398224,26070108411306AP2RE1SFH-01,MAC-MAC,MAC-CLG,1
11398224,26070108411306AP2RE1SFH-DO,MAC-CLG,MAC-KD5,1
11398224,26070108411306EJPULLVFR-01,MAC-MAC,MAC-CLG,1
11398224,26070108411306EJPULLVFR-DO,MAC-CLG,MAC-KD5,1
11398224,26070109020181RCRHRI63-01,MAC-MAC,CBN-IDM,1
11398224,26070109020181RCRHRI63-DO,CBN-IDM,MAC-KD5,1
11398224,260701091449195V4HOTIOY-01,SUB-SUB,SUB-JOM,1
11398224,260701091449195V4HOTIOY-DO,SUB-SUB,SUB-NWE,1
11398224,26070109220541BW2F3HERV-01,SUB-SUB,SUB-JOM,1
11398224,26070109220541BW2F3HERV-DO,SUB-SUB,SUB-NWE,1
11398224,2607011030385244BBA6J0SS-01,SUB-SUB,SUB-TBN,1
11398224,2607011030385244BBA6J0SS-DO,SUB-TBN,SUB-NWE,1
11398224,26070110303852ZGD4FJROVJ-01,SUB-SUB,SUB-TBN,1
11398224,26070110303852ZGD4FJROVJ-DO,SUB-TBN,SUB-NWE,1
11398224,26070110555675SBOB2OYY73-01,MAC-MAC,BDO-BJR,1
11398224,26070110555675SBOB2OYY73-DO,BDO-BJR,MAC-KD5,1
11398224,26070110555675XKCCETPWJ-01,MAC-MAC,BDO-BJR,1
11398224,26070110555675XKCCETPWJ-DO,BDO-BJR,MAC-KD5,1
11398224,26070110572371QHUOBSSUUB-01,MAC-MAC,BDO-KJT,1
11398224,26070110572371QHUOBSSUUB-DO,BDO-BDO,MAC-KD5,1
11398224,260701111545195ICQORQSJZ-01,MAC-MAC,CBN-KNG,1
11398224,260701111545195ICQORQSJZ-02,MAC-MAC,MAC-MAC-SB-LH,1
11398224,260701111545195ICQORQSJZ-DO,,MAC-KD5,1
11398224,26070111154519RISZATPHC-01,MAC-MAC,MAC-MAC-SB-LH,1
11398224,26070111154519RISZATPHC-DO,,MAC-KD5,1
11398224,260701113152309Y9IN45WQ-01,SUB-SUB,SUB-TBN,1
11398224,260701113152309Y9IN45WQ-DO,SUB-TBN,SUB-NWE,1
11398224,26070111450341FVHWIY78N-01,MAC-MAC,BDO-BJR,1
11398224,26070111450341FVHWIY78N-DO,BDO-BJR,MAC-KD5,1
11398224,26070111450341ZASZCJPRVF-01,MAC-MAC,BDO-BJR,1
11398224,26070111450341ZASZCJPRVF-DO,BDO-BJR,MAC-KD5,1
11398224,26070112162018ZXYKSNYN8-01,SUB-SUB,SUB-JOM,1
11398224,26070112162018ZXYKSNYN8-DO,SUB-SUB,SUB-NWE,1
11398224,26070112213295FBVJ7TCLM-01,SUB-SUB,CBN-TGL,1
11398224,26070112213295FBVJ7TCLM-DO,CBN-CBN,SUB-NWE,1
11398224,26070112213295RCFQ8IZVCO-01,SUB-SUB,CBN-TGL,1
11398224,26070112213295RCFQ8IZVCO-DO,CBN-CBN,SUB-NWE,1
11398224,26070113044580POJLOQCB1-01,MAC-MAC,BDO-SKI,1
11398224,26070113044580POJLOQCB1-DO,BDO-BDO,MAC-KD5,1
11398224,26070113542355ILHSZLIZF-01,SUB-SUB,SRG-KUD,1
11398224,26070113542355ILHSZLIZF-DO,SRG-SRG,SUB-NWE,1
11398224,260701140440923HO7UNIZD-01,MAC-MAC,BDO-SMD,1
11398224,260701140440923HO7UNIZD-DO,,MAC-KD5,1
11398224,26070114044092WNGBC8LA-01,MAC-MAC,BDO-SMD,1
11398224,26070114044092WNGBC8LA-DO,,MAC-KD5,1
11398224,26070114391455ONQPEDX5N-01,MAC-MAC,MAC-KRL,1
11398224,26070114391455ONQPEDX5N-02,MAC-MAC,MAC-KRL,1
11398224,26070114391455ONQPEDX5N-DO,MAC-KRL,MAC-KD5,1
11398224,260701150201115OVKXEEOM-01,MAC-MAC,MAC-CBD,1
11398224,260701150201115OVKXEEOM-02,MAC-MAC,MAC-CBD,1
11398224,260701150201115OVKXEEOM-DO,MAC-MAC,MAC-KD5,1
11398224,260701150201119CFBPON1-01,MAC-MAC,MAC-CBD,1
11398224,260701150201119CFBPON1-DO,MAC-MAC,MAC-KD5,1
11398224,26070115020111QXZNSHIJI-01,MAC-MAC,MAC-CBD,1
11398224,26070115020111QXZNSHIJI-DO,,MAC-KD5,1
11398224,260701161215864AARDRH0R-01,MAC-MAC,MAC-JPK,1
11398224,260701161215864AARDRH0R-DO,MAC-MAC,MAC-KD5,1
11398224,26070116121586A6OSPEBQD-01,MAC-MAC,MAC-JPK,1
11398224,26070116121586A6OSPEBQD-02,MAC-MAC,MAC-JPK,1
11398224,26070116121586A6OSPEBQD-DO,MAC-MAC,MAC-KD5,1
11398224,26070116121587XBSULKSUY8-01,MAC-MAC,MAC-JPK,1
11398224,26070116121587XBSULKSUY8-DO,MAC-MAC,MAC-KD5,1
11398224,26070116184762CZCZ8KFHQC-01,MAC-MAC,BDO-KJT,1
11398224,26070116184762CZCZ8KFHQC-DO,BDO-BDO,MAC-KD5,1
11398224,26070116184762EROST7BJJP-01,MAC-MAC,BDO-KJT,1
11398224,26070116184762EROST7BJJP-DO,BDO-BDO,MAC-KD5,1
11398224,26070116184762WWB9QXDXN-01,MAC-MAC,BDO-KJT,1
11398224,26070116184762WWB9QXDXN-DO,BDO-BDO,MAC-KD5,1
11398224,26070122422017MKDL5ANQT-01,MAC-MAC,CBN-MJL,1
11398224,26070122422017MKDL5ANQT-02,MAC-MAC,CBN-MJL,1
11398224,26070122422017MKDL5ANQT-03,MAC-MAC,CBN-MJL,1
11398224,26070122422017MKDL5ANQT-04,MAC-MAC,CBN-MJL,1
11398224,26070122422017MKDL5ANQT-05,MAC-MAC,CBN-MJL,1
11398224,26070122422017MKDL5ANQT-DO,CBN-MJL,MAC-KD5,1
11398224,26070123340164UBPQPSXPZ-01,MAC-MAC,CBN-MJL,1
11398224,26070123340164UBPQPSXPZ-DO,CBN-MJL,MAC-KD5,1
11398224,26070200024689J35LAQRH8-01,MAC-MAC,MAC-KRL,1
11398224,26070200024689J35LAQRH8-DO,MAC-KRL,MAC-KD5,1
11398224,26070200224860PUM4GTSU-01,SUB-SUB,CBN-TGL,1
11398224,26070200224860PUM4GTSU-DO,CBN-CBN,SUB-NWE,1
11398224,26070200284867F2CMZURI4E-01,MAC-MAC,MAC-JPK,1
11398224,26070200284867F2CMZURI4E-02,MAC-MAC,MAC-JPK,1
11398224,26070200284867F2CMZURI4E-DO,MAC-MAC,MAC-KD5,1
11398224,26070200284867HMHUGUMJAW-01,MAC-MAC,MAC-JPK,1
11398224,26070200284867HMHUGUMJAW-DO,MAC-MAC,MAC-KD5,1
11398224,26070200284867K89HXTBVZ-01,MAC-MAC,MAC-JPK,1
11398224,26070200284867K89HXTBVZ-DO,MAC-MAC,MAC-KD5,1
11398224,26070200284867ROYQCNOKR0-01,MAC-MAC,MAC-JPK,1
11398224,26070200284867ROYQCNOKR0-DO,MAC-MAC,MAC-KD5,1
11398224,26070200371321AGFRXNMFEX-01,MAC-MAC,MAC-KRL,1
11398224,26070200371321AGFRXNMFEX-DO,MAC-KRL,MAC-KD5,1
11398224,26070200371321CZP1T813H-01,MAC-MAC,MAC-KRL,1
11398224,26070200371321CZP1T813H-DO,MAC-KRL,MAC-KD5,1
11398224,26070200371321F1XHZSJ83-01,MAC-MAC,MAC-KRL,1
11398224,26070200371321F1XHZSJ83-DO,MAC-KRL,MAC-KD5,1
11398224,26070200371321HNZFHRCUZ-01,MAC-MAC,MAC-KRL,1
11398224,26070200371321HNZFHRCUZ-02,MAC-MAC,MAC-KRL,1
11398224,26070200371321HNZFHRCUZ-DO,MAC-KRL,MAC-KD5,1
11398224,26070200371321QJ9UNTZCCH-01,MAC-MAC,MAC-KRL,1
11398224,26070200371321QJ9UNTZCCH-DO,MAC-KRL,MAC-KD5,1
11398224,26070200371321YWDAGROAQX-01,MAC-MAC,MAC-KRL,1
11398224,26070200371321YWDAGROAQX-DO,MAC-KRL,MAC-KD5,1
11398224,260702005316121Z4FRDGQ-01,SUB-SUB,SOC-NGW,1
11398224,260702005316121Z4FRDGQ-DO,SOC-SOC,SUB-NWE,1
11398224,260702005730153GPW8JYYH-01,SUB-SUB,SOC-NGW,1
11398224,260702005730153GPW8JYYH-DO,SOC-SOC,SUB-NWE,1
11398224,26070200584215TLEKTOMPH-01,SUB-SUB,SOC-NGW,1
11398224,26070200584215TLEKTOMPH-DO,SOC-SOC,SUB-NWE,1
11398224,26070201014315SLHQLREMT-01,MAC-MAC,CBN-KNG,1
11398224,26070201014315SLHQLREMT-DO,,MAC-KD5,1
11398224,26070201014315YLSFGC1GQC-01,MAC-MAC,CBN-KNG,1
11398224,26070201014315YLSFGC1GQC-02,MAC-MAC,CBN-KNG,1
11398224,26070201014315YLSFGC1GQC-DO,CBN-CBN,MAC-KD5,1
11398224,260702010642295IZJRFKH-01,SUB-SUB,SOC-NJK,1
11398224,260702010642295IZJRFKH-DO,SOC-SOC,SUB-NWE,1
11398224,260702010708136TYXI3KLP-01,SUB-SUB,SOC-NGW,1
11398224,260702010708136TYXI3KLP-DO,SOC-SOC,SUB-NWE,1
11398224,26070201091140KJ7OOFBIB-01,SUB-SUB,SOC-NGW,1
11398224,26070201091140KJ7OOFBIB-DO,SOC-SOC,SUB-NWE,1
11398224,26070201095957GOVZTKRVK-01,SUB-SUB,SOC-NGW,1
11398224,26070201095957GOVZTKRVK-DO,SOC-SOC,SUB-NWE,1
11398224,26070201140828PPLHAHSVS-01,SUB-SUB,SOC-NGW,1
11398224,26070201140828PPLHAHSVS-DO,SOC-SOC,SUB-NWE,1
11398224,26070201243347PNSIXC7OM-01,MAC-MAC,MAC-SRN,1
11398224,26070201243347PNSIXC7OM-DO,,MAC-KD5,1
11398224,26070201243347WQGBCLJ29-01,MAC-MAC,MAC-SRN,1
11398224,26070201243347WQGBCLJ29-02,MAC-MAC,MAC-SRN,1
11398224,26070201243347WQGBCLJ29-DO,MAC-MAC,MAC-KD5,1
11398224,26070201292614QONHB18VJ-01,MAC-MAC,CBN-KNG,1
11398224,26070201292614QONHB18VJ-DO,CBN-CBN,MAC-KD5,1
11398224,26070201292614RG04AO2U-01,MAC-MAC,CBN-KNG,1
11398224,26070201292614RG04AO2U-DO,CBN-CBN,MAC-KD5,1
11398224,26070201292614T8KVPB48RU-01,MAC-MAC,CBN-KNG,1
11398224,26070201292614T8KVPB48RU-DO,CBN-CBN,MAC-KD5,1
11398224,26070201523558D2TX5Y9T-01,MAC-MAC,MAC-SRN,1
11398224,26070201523558D2TX5Y9T-DO,MAC-MAC,MAC-KD5,1
11398224,26070201523558LF0MEVUTYR-01,MAC-MAC,MAC-SRN,1
11398224,26070201523558LF0MEVUTYR-DO,MAC-MAC,MAC-KD5,1
11398224,26070201590277OG6DLDMQD-01,MAC-MAC,MAC-SKT,1
11398224,26070201590277OG6DLDMQD-DO,MAC-SKT,MAC-KD5,1
11398224,26070201590277RSYQP1AV2-01,MAC-MAC,MAC-SKT,1
11398224,26070201590277RSYQP1AV2-DO,MAC-SKT,MAC-KD5,1
11398224,2607020201548723GVKXCDT-01,SUB-SUB,SUB-JOM,1
11398224,2607020201548723GVKXCDT-DO,SUB-SUB,SUB-NWE,1
11398224,26070202153281PMZBC9GZ-01,MAC-MAC,BDO-SMD,1
11398224,26070202153281PMZBC9GZ-DO,,MAC-KD5,1
11398224,26070202202670RKCRYLMJYZ-01,SUB-SUB,SUB-JOM,1
11398224,26070202202670RKCRYLMJYZ-DO,SUB-SUB,SUB-NWE,1
11398224,260702024022270BWH1ZHHH-01,MAC-MAC,MAC-KRL,1
11398224,260702024022270BWH1ZHHH-02,MAC-MAC,MAC-KRL,1
11398224,260702024022270BWH1ZHHH-DO,MAC-KRL,MAC-KD5,1
11398224,26070202402227SMFSHM2F-01,MAC-MAC,MAC-KRL,1
11398224,26070202402227SMFSHM2F-DO,MAC-KRL,MAC-KD5,1
11398224,260702024242135LTCPYO44-01,MAC-MAC,CBN-KNG,1
11398224,260702024242135LTCPYO44-DO,CBN-CBN,MAC-KD5,1
11398224,26070202424214E946OYZRQU-01,MAC-MAC,CBN-KNG,1
11398224,26070202424214E946OYZRQU-DO,,MAC-KD5,1
11398224,26070202503056RWFKFMMNQ3-01,SUB-SUB,SUB-PWH,1
11398224,26070202503056RWFKFMMNQ3-DO,,SUB-NWE,1
11398224,26070202503056UY43NDHE-01,SUB-SUB,SUB-PWH,1
11398224,26070202503056UY43NDHE-DO,,SUB-NWE,1
11398224,260702025150757HAJUVZX-01,MAC-MAC,BDO-CMS,1
11398224,260702025150757HAJUVZX-DO,BDO-BDO,MAC-KD5,1
11398224,26070202531826LTGBCBV0N-01,SUB-SUB,SUB-JOM,1
11398224,26070202531826LTGBCBV0N-DO,SUB-SUB,SUB-NWE,1
11398224,2607020258533788TMQLCWDA-01,MAC-MAC,BDO-CMS,1
11398224,2607020258533788TMQLCWDA-DO,BDO-BDO,MAC-KD5,1
11398224,26070202585337RTNXBCKY5-01,MAC-MAC,BDO-CMS,1
11398224,26070202585337RTNXBCKY5-DO,BDO-BDO,MAC-KD5,1
11398224,26070203054777DPG1Y2SKF-01,MAC-MAC,MAC-JPK,1
11398224,26070203054777DPG1Y2SKF-DO,MAC-MAC,MAC-KD5,1
11398224,26070203054777HKB7MNUK1M-01,MAC-MAC,MAC-JPK,1
11398224,26070203054777HKB7MNUK1M-DO,MAC-MAC,MAC-KD5,1
11398224,26070203054777N6BIWR8FYE-01,MAC-MAC,MAC-JPK,1
11398224,26070203054777N6BIWR8FYE-DO,MAC-MAC,MAC-KD5,1
11398224,26070203054777YCXPZIMMWZ-01,MAC-MAC,MAC-JPK,1
11398224,26070203054777YCXPZIMMWZ-02,MAC-MAC,MAC-JPK,1
11398224,26070203054777YCXPZIMMWZ-DO,MAC-MAC,MAC-KD5,1
11398224,26070203120917IALLZEMZA-01,MAC-MAC,BDO-BJR,1
11398224,26070203120917IALLZEMZA-DO,BDO-BJR,MAC-KD5,1
11398224,2607020330364911FD5VXOIC-01,MAC-MAC,BDO-PMN,1
11398224,2607020330364911FD5VXOIC-DO,BDO-BDO,MAC-KD5,1
11398224,26070203303649SZMYX3IM-01,MAC-MAC,BDO-PMN,1
11398224,26070203303649SZMYX3IM-DO,BDO-BDO,MAC-KD5,1
11398224,26070203311033LCARPAFKUB-01,MAC-MAC,MAC-KRL,1
11398224,26070203311033LCARPAFKUB-02,MAC-MAC,MAC-KRL,1
11398224,26070203311033LCARPAFKUB-03,MAC-MAC,MAC-KRL,1
11398224,26070203311033LCARPAFKUB-DO,MAC-KRL,MAC-KD5,1
11398224,26070203311273DH5B9WII7-01,SUB-SUB,SOC-SGN,1
11398224,26070203311273DH5B9WII7-DO,,SUB-NWE,1
11398224,26070203311273N4IN9V1MMM-01,SUB-SUB,SOC-SGN,1
11398224,26070203311273N4IN9V1MMM-DO,,SUB-NWE,1
11398224,26070203343547CPCGKQHJ-01,SUB-SUB,SRG-PWD,1
11398224,26070203343547CPCGKQHJ-DO,SRG-SRG,SUB-NWE,1
11398224,26070203393681VDLVGG3WW-01,MAC-MAC,CBN-KNG,1
11398224,26070203393681VDLVGG3WW-02,MAC-MAC,CBN-KNG,1
11398224,26070203393681VDLVGG3WW-DO,CBN-CBN,MAC-KD5,1
11398224,260702034844463ZDXTHDRW-01,SUB-SUB,SUB-JOM,1
11398224,260702034844463ZDXTHDRW-DO,SUB-SUB,SUB-NWE,1
11398224,26070203502602LHZJNLGN-01,SUB-SUB,SUB-PWH,1
11398224,26070203502602LHZJNLGN-DO,,SUB-NWE,1
11398224,26070203564207KRITFZRNU-01,SUB-SUB,SOC-SOC-SB-LH,1
11398224,26070203564207KRITFZRNU-DO,SOC-SOC,SUB-NWE,1
11398224,26070203571050WZ0JJYCZT-01,SUB-SUB,SOC-NGW,1
11398224,26070203571050WZ0JJYCZT-DO,SOC-SOC,SUB-NWE,1
11398224,260702035754890TONKNRT8-01,SUB-SUB,SUB-JOM,1
11398224,260702035754890TONKNRT8-DO,SUB-SUB,SUB-NWE,1
11398224,26070203575489UKY1HXMVG7-01,SUB-SUB,SUB-JOM,1
11398224,26070203575489UKY1HXMVG7-DO,SUB-SUB,SUB-NWE,1
11398224,26070203593648BPSX1BOMJ1-01,MAC-MAC,CBN-KNG,1
11398224,26070203593648BPSX1BOMJ1-DO,CBN-CBN,MAC-KD5,1
11398224,26070203593648LZZXKJVPI-01,MAC-MAC,CBN-KNG,1
11398224,26070203593648LZZXKJVPI-DO,,MAC-KD5,1
11398224,26070203593648POCALTAXVK-01,MAC-MAC,CBN-KNG,1
11398224,26070203593648POCALTAXVK-DO,CBN-CBN,MAC-KD5,1
11398224,26070204081480PJNL7NKWKI-01,MAC-MAC,MAC-CLG,1
11398224,26070204081480PJNL7NKWKI-DO,MAC-CLG,MAC-KD5,1
11398224,26070204081480TIMIKOEPY-01,MAC-MAC,MAC-CLG,1
11398224,26070204081480TIMIKOEPY-DO,MAC-CLG,MAC-KD5,1
11398224,260702041257034YNHVQGNP-01,SUB-SUB,SUB-JOM,1
11398224,260702041257034YNHVQGNP-DO,,SUB-NWE,1
11398224,260702041805400T54ELHHHQ-01,SUB-SUB,SUB-JOM,1
11398224,260702041805400T54ELHHHQ-DO,,SUB-NWE,1
11398224,26070204180540WCENBXG5-01,SUB-SUB,SUB-JOM,1
11398224,26070204180540WCENBXG5-DO,,SUB-NWE,1
11398224,26070204215849HZGYY8L2A-01,SUB-SUB,SUB-JOM,1
11398224,26070204215849HZGYY8L2A-DO,SUB-SUB,SUB-NWE,1
11398224,26070204240116AXHUUFGYX9-01,MAC-MAC,MAC-SRN,1
11398224,26070204240116AXHUUFGYX9-DO,MAC-MAC,MAC-KD5,1
11398224,26070204240116JLI395QLWU-01,MAC-MAC,MAC-SRN,1
11398224,26070204240116JLI395QLWU-DO,MAC-MAC,MAC-KD5,1
11398224,26070204240116Q5FP4PQKWO-01,MAC-MAC,MAC-SRN,1
11398224,26070204240116Q5FP4PQKWO-02,MAC-MAC,MAC-SRN,1
11398224,26070204240116Q5FP4PQKWO-DO,MAC-MAC,MAC-KD5,1
11398224,26070204260386AUILYIRWZ-01,MAC-MAC,MAC-CST,1
11398224,26070204260386AUILYIRWZ-02,MAC-MAC,MAC-CST,1
11398224,26070204260386AUILYIRWZ-DO,MAC-MAC,MAC-KD5,1
11398224,26070204401473AV4L6ZOIO-01,SUB-SUB,SUB-JOM,1
11398224,26070204401473AV4L6ZOIO-DO,SUB-SUB,SUB-NWE,1
11398224,26070204401473FDB1LSEKID-01,SUB-SUB,SUB-JOM,1
11398224,26070204401473FDB1LSEKID-DO,SUB-SUB,SUB-NWE,1
11398224,26070204464647CHTYKIWWD-01,SUB-SUB,SOC-SGN,1
11398224,26070204464647CHTYKIWWD-DO,,SUB-NWE,1
11398224,26070204494430XLIWOEBPP-01,SUB-SUB,SUB-JOM,1
11398224,26070204494430XLIWOEBPP-DO,SUB-SUB,SUB-NWE,1
11398224,26070205063791FT0FZ4J1O-01,MAC-MAC,BDO-PWA,1
11398224,26070205063791FT0FZ4J1O-DO,,MAC-KD5,1
11398224,26070205182513FAOLVQFLC-01,MAC-MAC,MAC-SKT,1
11398224,26070205182513FAOLVQFLC-DO,MAC-SKT,MAC-KD5,1
11398224,26070205182514I6YEUW4NBV-01,MAC-MAC,MAC-SKT,1
11398224,26070205182514I6YEUW4NBV-DO,MAC-SKT,MAC-KD5,1
11398224,26070205182514JLQTEWGP2-01,MAC-MAC,MAC-SKT,1
11398224,26070205182514JLQTEWGP2-DO,MAC-SKT,MAC-KD5,1
11398224,26070205274414MS5IYQBEVK-01,MAC-MAC,MAC-KRL,1
11398224,26070205274414MS5IYQBEVK-DO,MAC-KRL,MAC-KD5,1
11398224,260702053121565SDJGPGEJ-01,SUB-SUB,SUB-JOM,1
11398224,260702053121565SDJGPGEJ-DO,SUB-SUB,SUB-NWE,1
11398224,26070205353323DBD7F9VNY-01,MAC-MAC,BDO-CMS,1
11398224,26070205353323DBD7F9VNY-DO,,MAC-KD5,1
11398224,26070205372046F6S3M4QLZ-01,SUB-SUB,SOC-NGW,1
11398224,26070205372046F6S3M4QLZ-DO,,SUB-NWE,1
11398224,26070205372540GZNWXAHHOR-01,MAC-MAC,MAC-SKT,1
11398224,26070205372540GZNWXAHHOR-DO,MAC-SKT,MAC-KD5,1
11398224,26070205372540WPSIURE3HN-01,MAC-MAC,MAC-SKT,1
11398224,26070205372540WPSIURE3HN-DO,MAC-SKT,MAC-KD5,1
11398224,26070205372540YGROAT5FI-01,MAC-MAC,MAC-SKT,1
11398224,26070205372540YGROAT5FI-DO,MAC-SKT,MAC-KD5,1
11398224,260702053853687HHSQTEPU-01,MAC-MAC,CBN-MJL,1
11398224,260702053853687HHSQTEPU-DO,,MAC-KD5,1
11398224,26070205385368ZWQOEZG5-01,MAC-MAC,CBN-MJL,1
11398224,26070205385368ZWQOEZG5-DO,,MAC-KD5,1
11398224,260702054205273UMDAIHLE-01,MAC-MAC,BDO-MGU,1
11398224,260702054205273UMDAIHLE-DO,,MAC-KD5,1
11398224,26070205420527DX5RXWAWTD-01,MAC-MAC,BDO-MGU,1
11398224,26070205420527DX5RXWAWTD-DO,,MAC-KD5,1
11398224,26070205420527S9EV6DYE1-01,MAC-MAC,BDO-MGU,1
11398224,26070205420527S9EV6DYE1-DO,,MAC-KD5,1
11398224,26070205482605Z5K7VVZTL-01,MAC-MAC,MAC-KRL,1
11398224,26070205482605Z5K7VVZTL-DO,MAC-KRL,MAC-KD5,1
11398224,26070206130554ACQW2IKV-01,MAC-MAC,MAC-JPK,1
11398224,26070206130554ACQW2IKV-02,MAC-MAC,MAC-JPK,1
11398224,26070206130554ACQW2IKV-DO,MAC-MAC,MAC-KD5,1
11398224,26070206130554BTXLDQRLH-01,MAC-MAC,MAC-JPK,1
11398224,26070206130554BTXLDQRLH-DO,MAC-MAC,MAC-KD5,1
11398224,26070206351376FRRCAK0DK-01,SUB-SUB,CBN-TGL,1
11398224,26070206351376FRRCAK0DK-DO,CBN-CBN,SUB-NWE,1
11398224,26070206351376R2NU64MSPS-01,SUB-SUB,CBN-TGL,1
11398224,26070206351376R2NU64MSPS-DO,CBN-CBN,SUB-NWE,1
11398224,26070206351377LT7R0P8T12-01,SUB-SUB,CBN-TGL,1
11398224,26070206351377LT7R0P8T12-DO,CBN-CBN,SUB-NWE,1
11398224,26070206351377XBL9VNYKMV-01,SUB-SUB,CBN-TGL,1
11398224,26070206351377XBL9VNYKMV-DO,CBN-CBN,SUB-NWE,1
11398224,26070206421186BDSEZADZA-01,SUB-SUB,SUB-JOM,1
11398224,26070206421186BDSEZADZA-DO,SUB-SUB,SUB-NWE,1
11398224,26070206421186NVQKKFJKB-01,SUB-SUB,SUB-JOM,1
11398224,26070206421186NVQKKFJKB-DO,SUB-SUB,SUB-NWE,1
11398224,26070206524137IZW9QBCS5-01,MAC-MAC,BDO-SKI,1
11398224,26070206524137IZW9QBCS5-DO,,MAC-KD5,1
11398224,26070206560879NBLDRSMWZ-01,MAC-MAC,BDO-CMS,1
11398224,26070206560879NBLDRSMWZ-DO,,MAC-KD5,1
11398224,26070207033608HXEB0MNPUF-01,MAC-MAC,BDO-CMS,1
11398224,26070207033608HXEB0MNPUF-DO,,MAC-KD5,1
11398224,26070207033608XMC3XE9XU-01,MAC-MAC,BDO-CMS,1
11398224,26070207033608XMC3XE9XU-DO,,MAC-KD5,1
11398224,26070207065374I23WC0LEU-01,MAC-MAC,BDO-MGU,1
11398224,26070207065374I23WC0LEU-DO,,MAC-KD5,1
11398224,26070207065374NUCBES0K92-01,MAC-MAC,BDO-MGU,1
11398224,26070207065374NUCBES0K92-DO,,MAC-KD5,1
11398224,26070207310096UCNEQGTFA-01,SUB-SUB,SUB-JOM,1
11398224,26070207310096UCNEQGTFA-DO,SUB-SUB,SUB-NWE,1
11398224,260702073211783VL5OF12X-01,SUB-SUB,SOC-SGN,1
11398224,260702073211783VL5OF12X-DO,,SUB-NWE,1
11398224,26070207455373GBLFJCRQHK-01,MAC-MAC,MAC-KRL,1
11398224,26070207455373GBLFJCRQHK-02,MAC-MAC,MAC-KRL,1
11398224,26070207455373GBLFJCRQHK-DO,MAC-KRL,MAC-KD5,1
11398224,26070207455373HA3Z3B4NQL-01,MAC-MAC,MAC-KRL,1
11398224,26070207455373HA3Z3B4NQL-DO,MAC-KRL,MAC-KD5,1
11398224,26070207455373VTEUXHK52A-01,MAC-MAC,MAC-KRL,1
11398224,26070207455373VTEUXHK52A-DO,MAC-KRL,MAC-KD5,1
11398224,26070207494128HAJQXFFCM-01,SUB-SUB,SOC-NGW,1
11398224,26070207494128HAJQXFFCM-DO,SOC-SOC,SUB-NWE,1
11398224,26070207511759L00TJERQI-01,SUB-SUB,SOC-NJK,1
11398224,26070207511759L00TJERQI-DO,,SUB-NWE,1
11398224,26070208013522BB7YOPQIP-01,SUB-SUB,SUB-JOM,1
11398224,26070208013522BB7YOPQIP-DO,SUB-SUB,SUB-NWE,1
11398224,26070208170852739WTGBF-01,SUB-SUB,SUB-JOM,1
11398224,26070208170852739WTGBF-DO,,SUB-NWE,1
11398224,26070208175105BOS34RZ9-01,SUB-SUB,SOC-NJK,1
11398224,26070208175105BOS34RZ9-DO,,SUB-NWE,1
11398224,26070208175105HEWW4GGJJQ-01,SUB-SUB,SOC-NJK,1
11398224,26070208175105HEWW4GGJJQ-DO,,SUB-NWE,1
11398224,26070208265953SEAONNNPNB-01,SUB-SUB,SUB-JOM,1
11398224,26070208265953SEAONNNPNB-DO,SUB-SUB,SUB-NWE,1
11398224,26070208265953UFC4LGW8G-01,SUB-SUB,SUB-JOM,1
11398224,26070208265953UFC4LGW8G-DO,SUB-SUB,SUB-NWE,1
11398224,26070208284548QM6O2H3M6-01,SUB-SUB,SOC-NJK,1
11398224,26070208284548QM6O2H3M6-DO,,SUB-NWE,1
11398224,26070209123538I4PKUNPJN-01,MAC-MAC,MAC-CBD,1
11398224,26070209123538I4PKUNPJN-DO,MAC-MAC,MAC-KD5,1
11398224,26070209211886GKZXTDA3Z-01,SUB-SUB,SRG-SLT,1
11398224,26070209211886GKZXTDA3Z-DO,SRG-SLT,SUB-NWE,1
11398224,26070210073769JZGROZTG-01,SUB-SUB,SRG-DMK,1
11398224,26070210073769JZGROZTG-DO,SRG-SRG,SUB-NWE,1
11398224,26070210134130B2E7J7B9T-01,MAC-MAC,MAC-KLR,1
11398224,26070210134130B2E7J7B9T-DO,,MAC-KD5,1
11398224,26070210134130ZOKFIFFTUA-01,MAC-MAC,MAC-KLR,1
11398224,26070210134130ZOKFIFFTUA-DO,,MAC-KD5,1
11398224,26070211095414OFHMHUE5P-01,MAC-MAC,MAC-SKT,1
11398224,26070211095414OFHMHUE5P-DO,MAC-SKT,MAC-KD5,1
11398224,26070211095414WZV3X6GRHZ-01,MAC-MAC,MAC-SKT,1
11398224,26070211095414WZV3X6GRHZ-DO,MAC-SKT,MAC-KD5,1
11398224,26070211095414ZES1P1PZV-01,MAC-MAC,MAC-SKT,1
11398224,26070211095414ZES1P1PZV-DO,MAC-SKT,MAC-KD5,1
11398224,26070211095415K3IMVULNLX-01,MAC-MAC,MAC-SKT,1
11398224,26070211095415K3IMVULNLX-DO,MAC-SKT,MAC-KD5,1
11398224,26070211095415K6RYFIZ0IV-01,MAC-MAC,MAC-SKT,1
11398224,26070211095415K6RYFIZ0IV-DO,MAC-SKT,MAC-KD5,1
11398224,26070211095415OBX7DGJUBB-01,MAC-MAC,MAC-SKT,1
11398224,26070211095415OBX7DGJUBB-DO,MAC-SKT,MAC-KD5,1
11398224,26070211095415SMIUD7DLEG-01,MAC-MAC,MAC-SKT,1
11398224,26070211095415SMIUD7DLEG-DO,MAC-SKT,MAC-KD5,1
11398224,26070211135513LNJQJ29OU-01,MAC-MAC,BDO-PWA,1
11398224,26070211135513LNJQJ29OU-DO,,MAC-KD5,1
11398224,26070211240110K7EVZJ0AY-01,MAC-MAC,MAC-MAC-SB-LH,1
11398224,26070211240110K7EVZJ0AY-DO,,MAC-KD5,1
11398224,26070211240110SNCNTCG6T-01,MAC-MAC,MAC-MAC-SB-LH,1
11398224,26070211240110SNCNTCG6T-02,MAC-MAC,MAC-MAC-SB-LH,1
11398224,26070211240110SNCNTCG6T-03,MAC-MAC,MAC-MAC-SB-LH,1
11398224,26070211240110SNCNTCG6T-DO,,MAC-KD5,1
11398224,26070212080608NDIZSMBZJ-01,MAC-MAC,MAC-KRL,1
11398224,26070212080608NDIZSMBZJ-DO,MAC-KRL,MAC-KD5,1
11398224,26070212225745AVYPBMHKF-01,MAC-MAC,CBN-KNG,1
11398224,26070212225745AVYPBMHKF-02,MAC-MAC,CBN-KNG,1
11398224,26070212225745AVYPBMHKF-DO,,MAC-KD5,1
11398224,26070212434063PXCVHNFNA-01,MAC-MAC,MAC-SRN,1
11398224,26070212434063PXCVHNFNA-DO,,MAC-KD5,1
11398224,26070212434063WZQD5WLFUF-01,MAC-MAC,MAC-SRN,1
11398224,26070212434063WZQD5WLFUF-DO,,MAC-KD5,1
11398224,26070216324867DFSLOVVR57-01,MAC-MAC,MAC-CLG,1
11398224,26070216324867DFSLOVVR57-DO,MAC-CLG,MAC-KD5,1
11398224,26070216324867KD5IOLHTWT-01,MAC-MAC,MAC-CLG,1
11398224,26070216324867KD5IOLHTWT-DO,MAC-CLG,MAC-KD5,1
11398224,26070216324867RBJSQCFKT-01,MAC-MAC,MAC-CLG,1
11398224,26070216324867RBJSQCFKT-DO,MAC-CLG,MAC-KD5,1
11398224,26070222484015JXE3MLBFJ-01,SUB-SUB,SUB-JOM,1
11398224,26070222484015JXE3MLBFJ-DO,SUB-SUB,SUB-NWE,1
11398224,26070223493981FVLJLUHZQP-01,MAC-MAC,MAC-CST,1
11398224,26070223493981FVLJLUHZQP-DO,MAC-MAC,MAC-KD5,1
11398224,26070223493981MEORAPJIT-01,MAC-MAC,MAC-CST,1
11398224,26070223493981MEORAPJIT-DO,,MAC-KD5,1
11398224,26070223493981NRJIQSX3S-01,MAC-MAC,MAC-CST,1
11398224,26070223493981NRJIQSX3S-DO,MAC-MAC,MAC-KD5,1
11398224,26070223493981QYG1QVMA9C-01,MAC-MAC,MAC-CST,1
11398224,26070223493981QYG1QVMA9C-02,MAC-MAC,MAC-CST,1
11398224,26070223493981QYG1QVMA9C-DO,MAC-MAC,MAC-KD5,1
11398224,26070300382489CJVVBHNNHY-01,MAC-MAC,MAC-CLG,1
11398224,26070300382489CJVVBHNNHY-DO,MAC-CLG,MAC-KD5,1
11398224,26070300382489WQE8BFDWG-01,MAC-MAC,MAC-CLG,1
11398224,26070300382489WQE8BFDWG-DO,MAC-CLG,MAC-KD5,1
11398224,26070300410217624UYVYHY2-01,MAC-MAC,MAC-SKT,1
11398224,26070300410217624UYVYHY2-DO,MAC-SKT,MAC-KD5,1
11398224,26070300410217ZVEQNPSGC-01,MAC-MAC,MAC-SKT,1
11398224,26070300410217ZVEQNPSGC-DO,MAC-SKT,MAC-KD5,1
11398224,26070300431471DNM4SYWCNG-01,MAC-MAC,BDO-KJT,1
11398224,26070300431471DNM4SYWCNG-DO,BDO-KJT,MAC-KD5,1
11398224,26070300431471M2V3LHKGH8-01,MAC-MAC,BDO-KJT,1
11398224,26070300431471M2V3LHKGH8-DO,BDO-KJT,MAC-KD5,1
11398224,26070300431471NCHGQDI1A-01,MAC-MAC,BDO-KJT,1
11398224,26070300431471NCHGQDI1A-DO,BDO-KJT,MAC-KD5,1
11398224,26070300431471TVNFKLHGR-01,MAC-MAC,BDO-KJT,1
11398224,26070300431471TVNFKLHGR-DO,BDO-KJT,MAC-KD5,1
11398224,2607030125561234ATEYSKYR-01,MAC-MAC,MAC-CLG,1
11398224,2607030125561234ATEYSKYR-02,MAC-MAC,MAC-CLG,1
11398224,2607030125561234ATEYSKYR-03,MAC-MAC,MAC-CLG,1
11398224,2607030125561234ATEYSKYR-DO,MAC-CLG,MAC-KD5,1
11398224,26070301255612EESQ9DGXRL-01,MAC-MAC,MAC-CLG,1
11398224,26070301255612EESQ9DGXRL-DO,MAC-CLG,MAC-KD5,1
11398224,26070301255612HLETQJDSKF-01,MAC-MAC,MAC-CLG,1
11398224,26070301255612HLETQJDSKF-DO,MAC-CLG,MAC-KD5,1
11398224,26070301255612PN3RGY34OF-01,MAC-MAC,MAC-CLG,1
11398224,26070301255612PN3RGY34OF-DO,MAC-CLG,MAC-KD5,1
11398224,26070301341692UAVWYR5F-01,MAC-MAC,MAC-KRL,1
11398224,26070301341692UAVWYR5F-02,MAC-MAC,MAC-KRL,1
11398224,26070301341692UAVWYR5F-DO,MAC-KRL,MAC-KD5,1
11398224,26070301413219C0O5BFK9O-01,MAC-MAC,BDO-PWA,1
11398224,26070301413219C0O5BFK9O-DO,,MAC-KD5,1
11398224,26070301413219LFDTESIIIE-01,MAC-MAC,BDO-PWA,1
11398224,26070301413219LFDTESIIIE-DO,,MAC-KD5,1
11398224,26070301413219VVVQFPJV3-01,MAC-MAC,BDO-PWA,1
11398224,26070301413219VVVQFPJV3-DO,,MAC-KD5,1
11398224,26070301444196HL2PONUT-01,SUB-SUB,SUB-JOM,1
11398224,26070301444196HL2PONUT-DO,,SUB-NWE,1
11398224,26070301491908PUX1K0S1F-01,SUB-SUB,SUB-JOM,1
11398224,26070301491908PUX1K0S1F-DO,,SUB-NWE,1
11398224,26070301491909GWYL5FZI2A-01,SUB-SUB,SUB-JOM,1
11398224,26070301491909GWYL5FZI2A-DO,,SUB-NWE,1
11398224,26070301502190UN1MDEU1W-01,MAC-MAC,BDO-CMS,1
11398224,26070301502190UN1MDEU1W-DO,,MAC-KD5,1
11398224,26070301502191SLMRD44QF-01,MAC-MAC,BDO-CMS,1
11398224,26070301502191SLMRD44QF-DO,,MAC-KD5,1
11398224,26070301595293AHJ24ASZRC-01,MAC-MAC,MAC-CLG,1
11398224,26070301595293AHJ24ASZRC-DO,MAC-CLG,MAC-KD5,1
11398224,26070301595293DCGC9O3PC-01,MAC-MAC,MAC-CLG,1
11398224,26070301595293DCGC9O3PC-DO,MAC-CLG,MAC-KD5,1
11398224,26070302122456HO626KXUU-01,MAC-MAC,BDO-PWA,1
11398224,26070302122456HO626KXUU-DO,,MAC-KD5,1
11398224,26070302122456WVLUGNWBVT-01,MAC-MAC,BDO-PWA,1
11398224,26070302122456WVLUGNWBVT-DO,,MAC-KD5,1
11398224,26070302162764ROH9HAHPN-01,MAC-MAC,MAC-CBD,1
11398224,26070302162764ROH9HAHPN-DO,MAC-MAC,MAC-KD5,1
11398224,26070302162765J8SNE6ZB5L-01,MAC-MAC,MAC-CBD,1
11398224,26070302162765J8SNE6ZB5L-DO,MAC-MAC,MAC-KD5,1
11398224,26070302193647CQ6V9KZOF-01,SUB-SUB,SOC-TLG,1
11398224,26070302193647CQ6V9KZOF-DO,,SUB-NWE,1
11398224,26070302193647TTWYA0IQP-01,SUB-SUB,SOC-TLG,1
11398224,26070302193647TTWYA0IQP-DO,,SUB-NWE,1
11398224,26070302202028L9EKFGSJY-01,SUB-SUB,SUB-JOM,1
11398224,26070302202028L9EKFGSJY-DO,SUB-SUB,SUB-NWE,1
11398224,26070302295055JWPDALKOL-01,MAC-MAC,BDO-SMD,1
11398224,26070302295055JWPDALKOL-DO,,MAC-KD5,1
11398224,260703023501930W8CH6EPEI-01,MAC-MAC,MAC-SKT,1
11398224,260703023501930W8CH6EPEI-02,MAC-MAC,MAC-SKT,1
11398224,260703023501930W8CH6EPEI-DO,MAC-SKT,MAC-KD5,1
11398224,26070302350193EJHAYQQ2T-01,MAC-MAC,MAC-SKT,1
11398224,26070302350193EJHAYQQ2T-DO,MAC-SKT,MAC-KD5,1
11398224,26070302350193HH1YFI3WE-01,MAC-MAC,MAC-SKT,1
11398224,26070302350193HH1YFI3WE-DO,MAC-SKT,MAC-KD5,1
11398224,26070302350193N1TVZCYJS-01,MAC-MAC,MAC-SKT,1
11398224,26070302350193N1TVZCYJS-DO,MAC-SKT,MAC-KD5,1
11398224,26070302350193ZWX5JBJM3-01,MAC-MAC,MAC-SKT,1
11398224,26070302350193ZWX5JBJM3-DO,MAC-SKT,MAC-KD5,1
11398224,26070302392849KFGLRE0-01,SUB-SUB,CBN-PWR,1
11398224,26070302392849KFGLRE0-DO,,SUB-NWE,1
11398224,26070302392849RTTPCFGK-01,SUB-SUB,CBN-PWR,1
11398224,26070302392849RTTPCFGK-DO,,SUB-NWE,1
11398224,26070302392850O3PPU2JU8J-01,SUB-SUB,CBN-PWR,1
11398224,26070302392850O3PPU2JU8J-DO,,SUB-NWE,1
11398224,26070302395415JE7D7B2WU-01,MAC-MAC,BDO-KJT,1
11398224,26070302395415JE7D7B2WU-DO,BDO-KJT,MAC-KD5,1
11398224,26070302395415UXGBPYAS-01,MAC-MAC,BDO-KJT,1
11398224,26070302395415UXGBPYAS-DO,BDO-KJT,MAC-KD5,1
11398224,26070302395415X4BPLO7OKS-01,MAC-MAC,BDO-KJT,1
11398224,26070302395415X4BPLO7OKS-02,MAC-MAC,BDO-KJT,1
11398224,26070302395415X4BPLO7OKS-DO,BDO-KJT,MAC-KD5,1
11398224,26070303092427YHD5W1JE-01,SUB-SUB,SOC-NGW,1
11398224,26070303092427YHD5W1JE-DO,,SUB-NWE,1
11398224,26070303131250QAR23X4RS-01,SUB-SUB,SUB-TBN,1
11398224,26070303131250QAR23X4RS-DO,SUB-TBN,SUB-NWE,1
11398224,26070303171415UYOTENXPW-01,SUB-SUB,SUB-PWH,1
11398224,26070303171415UYOTENXPW-DO,,SUB-NWE,1
11398224,26070303231856CZWZ64VJ4F-01,MAC-MAC,MAC-MAC-SB-LH,1
11398224,26070303231856CZWZ64VJ4F-DO,,MAC-KD5,1
11398224,26070303231856FL6KCKI4GA-01,MAC-MAC,MAC-MAC-SB-LH,1
11398224,26070303231856FL6KCKI4GA-02,MAC-MAC,MAC-MAC-SB-LH,1
11398224,26070303231856FL6KCKI4GA-DO,,MAC-KD5,1
11398224,260703033232562UP1QYZLYS-01,MAC-MAC,CBN-IDM,1
11398224,260703033232562UP1QYZLYS-DO,,MAC-KD5,1
11398224,26070303323256UO40POVHC-01,MAC-MAC,CBN-IDM,1
11398224,26070303323256UO40POVHC-DO,,MAC-KD5,1
11398224,26070303343328GSAQBFOYF-01,MAC-MAC,MAC-SKT,1
11398224,26070303343328GSAQBFOYF-DO,MAC-SKT,MAC-KD5,1
11398224,26070303343328PF7KLFRL-01,MAC-MAC,MAC-SKT,1
11398224,26070303343328PF7KLFRL-DO,MAC-SKT,MAC-KD5,1
11398224,26070303434789XNQ0GEGUH-01,SUB-SUB,SOC-NGW,1
11398224,26070303434789XNQ0GEGUH-DO,,SUB-NWE,1
11398224,260703034635795NDEZURDV-01,SUB-SUB,SUB-JOM,1
11398224,260703034635795NDEZURDV-DO,SUB-SUB,SUB-NWE,1
11398224,26070303493576C4OYDAAA9I-01,MAC-MAC,BDO-PWA,1
11398224,26070303493576C4OYDAAA9I-DO,,MAC-KD5,1
11398224,26070303493576JK4WWN20I-01,MAC-MAC,BDO-PWA,1
11398224,26070303493576JK4WWN20I-DO,,MAC-KD5,1
11398224,26070303493577NZBS9SJ6T8-01,MAC-MAC,BDO-PWA,1
11398224,26070303493577NZBS9SJ6T8-DO,,MAC-KD5,1
11398224,26070303575717MGESMGZQQ-01,MAC-MAC,MAC-SRN,1
11398224,26070303575717MGESMGZQQ-DO,MAC-MAC,MAC-KD5,1
11398224,26070303575717XU0J6RTNZ-01,MAC-MAC,MAC-SRN,1
11398224,26070303575717XU0J6RTNZ-DO,MAC-MAC,MAC-KD5,1
11398224,26070303593102MOSHHVTNX-01,MAC-MAC,MAC-SKT,1
11398224,26070303593102MOSHHVTNX-DO,MAC-SKT,MAC-KD5,1
11398224,26070303593102WJXFXSQ9IK-01,MAC-MAC,MAC-SKT,1
11398224,26070303593102WJXFXSQ9IK-DO,MAC-SKT,MAC-KD5,1
11398224,26070304094914GOCIMAZ8NQ-01,MAC-MAC,BDO-KJT,1
11398224,26070304094914GOCIMAZ8NQ-DO,,MAC-KD5,1
11398224,26070304151066ARGQ7V0TP-01,MAC-MAC,MAC-SKT,1
11398224,26070304151066ARGQ7V0TP-DO,MAC-SKT,MAC-KD5,1
11398224,26070304151066PRVZWESLD-01,MAC-MAC,MAC-SKT,1
11398224,26070304151066PRVZWESLD-02,MAC-MAC,MAC-SKT,1
11398224,26070304151066PRVZWESLD-DO,MAC-SKT,MAC-KD5,1
11398224,26070304244240RLJWT5SV0-01,MAC-MAC,CBN-MJL,1
11398224,26070304244240RLJWT5SV0-DO,,MAC-KD5,1
11398224,260703042442413ZR5KTNO0S-01,MAC-MAC,CBN-MJL,1
11398224,260703042442413ZR5KTNO0S-DO,,MAC-KD5,1
11398224,26070304244241TDJGDW8TT-01,MAC-MAC,CBN-MJL,1
11398224,26070304244241TDJGDW8TT-02,MAC-MAC,CBN-MJL,1
11398224,26070304244241TDJGDW8TT-DO,,MAC-KD5,1
11398224,26070304350988L5Q9EGZS6-01,SUB-SUB,CBN-TGL,1
11398224,26070304350988L5Q9EGZS6-DO,,SUB-NWE,1
11398224,26070304571515WMFRCSB6Q-01,MAC-MAC,CBN-IDM,1
11398224,26070304571515WMFRCSB6Q-DO,,MAC-KD5,1
11398224,26070305002259CN4ATWZOX-01,MAC-MAC,CBN-IDM,1
11398224,26070305002259CN4ATWZOX-DO,,MAC-KD5,1
11398224,26070305002259UNBSIWKI42-01,MAC-MAC,CBN-IDM,1
11398224,26070305002259UNBSIWKI42-DO,,MAC-KD5,1
11398224,260703050022608TK6BDKV86-01,MAC-MAC,CBN-IDM,1
11398224,260703050022608TK6BDKV86-DO,,MAC-KD5,1
11398224,26070305002260AS1V2BEZIE-01,MAC-MAC,CBN-IDM,1
11398224,26070305002260AS1V2BEZIE-02,MAC-MAC,CBN-IDM,1
11398224,26070305002260AS1V2BEZIE-DO,,MAC-KD5,1
11398224,26070305002260DE5IUP2NIW-01,MAC-MAC,CBN-IDM,1
11398224,26070305002260DE5IUP2NIW-DO,,MAC-KD5,1
11398224,26070305015274QBE0BPPHW-01,SUB-SUB,SUB-JOM,1
11398224,26070305015274QBE0BPPHW-DO,,SUB-NWE,1
11398224,26070305033194Y3HZMJQIA-01,SUB-SUB,SUB-BWI,1
11398224,26070305033194Y3HZMJQIA-DO,SUB-BWI,SUB-NWE,1
11398224,26070305060368MIYLLVIQA-01,MAC-MAC,BDO-CMS,1
11398224,26070305060368MIYLLVIQA-DO,,MAC-KD5,1
11398224,2607030518120536HHQX8KI-01,MAC-MAC,BDO-CMS,1
11398224,2607030518120536HHQX8KI-DO,,MAC-KD5,1
11398224,260703051812056B5UQISQSI-01,MAC-MAC,BDO-CMS,1
11398224,260703051812056B5UQISQSI-DO,,MAC-KD5,1
11398224,26070305181205SW7A5TFMRK-01,MAC-MAC,BDO-CMS,1
11398224,26070305181205SW7A5TFMRK-DO,,MAC-KD5,1
11398224,260703052853279FRYYNER-01,MAC-MAC,BDO-BJR,1
11398224,260703052853279FRYYNER-DO,,MAC-KD5,1
11398224,26070305285327FUIVDHTSN-01,MAC-MAC,BDO-BJR,1
11398224,26070305285327FUIVDHTSN-DO,,MAC-KD5,1
11398224,26070306014006PFT25LEUEH-01,MAC-MAC,MAC-CLG,1
11398224,26070306014006PFT25LEUEH-02,MAC-MAC,MAC-CLG,1
11398224,26070306014006PFT25LEUEH-DO,MAC-CLG,MAC-KD5,1
11398224,26070306014006ZJNXD6XA7-01,MAC-MAC,MAC-CLG,1
11398224,26070306014006ZJNXD6XA7-02,MAC-MAC,MAC-CLG,1
11398224,26070306014006ZJNXD6XA7-03,MAC-MAC,MAC-CLG,1
11398224,26070306014006ZJNXD6XA7-DO,MAC-CLG,MAC-KD5,1
11398224,26070306250133NYJZUXA2Q-01,SUB-SUB,CBN-TGL,1
11398224,26070306250133NYJZUXA2Q-DO,,SUB-NWE,1
11398224,26070306282460WOPXVWIOU-01,SUB-SUB,SOC-NGW,1
11398224,26070306282460WOPXVWIOU-DO,,SUB-NWE,1
11398224,26070306335759AVKZ56CTD-01,MAC-MAC,MAC-KRL,1
11398224,26070306335759AVKZ56CTD-DO,MAC-KRL,MAC-KD5,1
11398224,26070306335759VFUL07DS53-01,MAC-MAC,MAC-KRL,1
11398224,26070306335759VFUL07DS53-DO,MAC-KRL,MAC-KD5,1
11398224,26070306395290U7VN2HSFB-01,SUB-SUB,SUB-JOM,1
11398224,26070306395290U7VN2HSFB-DO,,SUB-NWE,1
11398224,26070306460150APTWHFOY7O-01,MAC-MAC,BDO-JCK,1
11398224,26070306460150APTWHFOY7O-DO,,MAC-KD5,1
11398224,26070306460150S51IFWCXZ-01,MAC-MAC,BDO-JCK,1
11398224,26070306460150S51IFWCXZ-DO,,MAC-KD5,1
11398224,26070306460150ZYDY4UPDDJ-01,MAC-MAC,BDO-JCK,1
11398224,26070306460150ZYDY4UPDDJ-DO,,MAC-KD5,1
11398224,26070306583002KAXG0EJU0-01,SUB-SUB,SOC-BJN,1
11398224,26070306583002KAXG0EJU0-DO,,SUB-NWE,1
11398224,26070308044485A3HDD6T4Z-01,MAC-MAC,BDO-SKI,1
11398224,26070308044485A3HDD6T4Z-DO,,MAC-KD5,1
11398224,260703082029431PQX1QM6PR-01,MAC-MAC,MAC-RGS,1
11398224,260703082029431PQX1QM6PR-DO,,MAC-KD5,1
11398224,260703082029438NGFJM0KKZ-01,MAC-MAC,MAC-RGS,1
11398224,260703082029438NGFJM0KKZ-02,MAC-MAC,MAC-RGS,1
11398224,260703082029438NGFJM0KKZ-DO,,MAC-KD5,1
11398224,26070308202943NJM8K3A0Z-01,MAC-MAC,MAC-RGS,1
11398224,26070308202943NJM8K3A0Z-DO,,MAC-KD5,1
11398224,260703084431776O2YUVMBB-01,MAC-MAC,BDO-CJR,1
11398224,260703084431776O2YUVMBB-DO,,MAC-KD5,1
11398224,26070309114887DKHWN8C-01,SUB-SUB,SUB-JOM,1
11398224,26070309114887DKHWN8C-DO,SUB-SUB,SUB-NWE,1
11398224,26070309114888CXM21TWI1-01,SUB-SUB,SUB-JOM,1
11398224,26070309114888CXM21TWI1-DO,SUB-SUB,SUB-NWE,1
11398224,26070309142177VUVUJIFT0-01,MAC-MAC,BDO-SNR,1
11398224,26070309142177VUVUJIFT0-DO,,MAC-KD5,1
11398224,26070309443442QA6NCFEIM-01,MAC-MAC,BDO-PWA,1
11398224,26070309443442QA6NCFEIM-DO,,MAC-KD5,1
11398224,26070310052676GRU12UWCS-01,SUB-SUB,SRG-SLT,1
11398224,26070310052676GRU12UWCS-DO,SRG-SLT,SUB-NWE,1
11398224,26070310052676XDGO8M8S-01,SUB-SUB,SRG-SLT,1
11398224,26070310052676XDGO8M8S-DO,SRG-SLT,SUB-NWE,1
11398224,260703100614034GIEIF8Y0-01,MAC-MAC,CBN-MJL,1
11398224,260703100614034GIEIF8Y0-DO,,MAC-KD5,1
11398224,2607031006140361Y9LAH9J8-01,MAC-MAC,CBN-MJL,1
11398224,2607031006140361Y9LAH9J8-02,MAC-MAC,CBN-MJL,1
11398224,2607031006140361Y9LAH9J8-DO,,MAC-KD5,1
11398224,260703100614037N3NZZNLG6-01,MAC-MAC,CBN-MJL,1
11398224,260703100614037N3NZZNLG6-DO,,MAC-KD5,1
11398224,26070310092865LHWN4XBGV-01,MAC-MAC,BDO-JCK,1
11398224,26070310092865LHWN4XBGV-DO,,MAC-KD5,1
11398224,26070310092865QXSHXD5AUV-01,MAC-MAC,BDO-JCK,1
11398224,26070310092865QXSHXD5AUV-DO,,MAC-KD5,1
11398224,26070310092865SMNBCX50SS-01,MAC-MAC,BDO-JCK,1
11398224,26070310092865SMNBCX50SS-DO,,MAC-KD5,1
11398224,26070310121432A4AZ8GPR4-01,MAC-MAC,BDO-CMS,1
11398224,26070310121432A4AZ8GPR4-DO,,MAC-KD5,1
11398224,26070310121432F2YCS4JMLS-01,MAC-MAC,BDO-CMS,1
11398224,26070310121432F2YCS4JMLS-DO,,MAC-KD5,1
11398224,260703101214337CZNZJQIK2-01,MAC-MAC,BDO-CMS,1
11398224,260703101214337CZNZJQIK2-DO,,MAC-KD5,1
11398224,26070310121433UY5RS4HNPN-01,MAC-MAC,BDO-CMS,1
11398224,26070310121433UY5RS4HNPN-02,MAC-MAC,BDO-CMS,1
11398224,26070310121433UY5RS4HNPN-DO,,MAC-KD5,1
11398224,26070310403204AJAGYQFM6-01,MAC-MAC,BDO-KJT,1
11398224,26070310403204AJAGYQFM6-DO,,MAC-KD5,1
11398224,26070310403204HLIKBVBYXG-01,MAC-MAC,BDO-KJT,1
11398224,26070310403204HLIKBVBYXG-DO,,MAC-KD5,1
11398224,26070310403204L13NA1V6NX-01,MAC-MAC,BDO-KJT,1
11398224,26070310403204L13NA1V6NX-DO,,MAC-KD5,1
11398224,26070311020549PDZ6JKZ5-01,MAC-MAC,BDO-KJT,1
11398224,26070311020549PDZ6JKZ5-DO,,MAC-KD5,1
11398224,2607031119226969V3QW8WQ-01,MAC-MAC,CBN-MJL,1
11398224,2607031119226969V3QW8WQ-DO,,MAC-KD5,1
11398224,26070311230210VCOJZB0FC-01,MAC-MAC,BDO-CMS,1
11398224,26070311230210VCOJZB0FC-DO,,MAC-KD5,1
11398224,26070311230211XEMI772KHP-01,MAC-MAC,BDO-CMS,1
11398224,26070311230211XEMI772KHP-DO,,MAC-KD5,1
11398224,260703115104678HZMFRV9Y-01,MAC-MAC,BDO-CMS,1
11398224,260703115104678HZMFRV9Y-DO,,MAC-KD5,1
11398224,26070311510467MGN00RZP98-01,MAC-MAC,BDO-CMS,1
11398224,26070311510467MGN00RZP98-DO,,MAC-KD5,1
11398224,26070311510467RQIVKVYZCQ-01,MAC-MAC,BDO-CMS,1
11398224,26070311510467RQIVKVYZCQ-DO,,MAC-KD5,1
11398224,260703125604268VKELISC7-01,SUB-SUB,SUB-JOM,1
11398224,260703125604268VKELISC7-DO,SUB-SUB,SUB-NWE,1
11398224,26070312565265BHSBJDLJK7-01,SUB-SUB,SUB-SUB-SB-LH,1
11398224,26070312565265BHSBJDLJK7-DO,,SUB-NWE,1
11398224,26070312565265GSD6Z4DZU-01,SUB-SUB,SUB-SUB-SB-LH,1
11398224,26070312565265GSD6Z4DZU-DO,,SUB-NWE,1
11398224,26070313085976MUCZANMYF-01,MAC-MAC,CBN-MJL,1
11398224,26070313085976MUCZANMYF-02,MAC-MAC,CBN-MJL,1
11398224,26070313085976MUCZANMYF-DO,,MAC-KD5,1
11398224,26070313252604UHD9D2EE-01,MAC-MAC,MAC-CST,1
11398224,26070313252604UHD9D2EE-DO,,MAC-KD5,1
11398224,26070313540877LOZLXOJVE-01,SUB-SUB,SOC-NGW,1
11398224,26070313540877LOZLXOJVE-DO,,SUB-NWE,1
11398224,2607031606270954YSN66SAZ-01,MAC-MAC,CBN-MJL,1
11398224,2607031606270954YSN66SAZ-DO,,MAC-KD5,1
11398224,26070316062709AMNBFFOS1-01,MAC-MAC,CBN-MJL,1
11398224,26070316062709AMNBFFOS1-02,MAC-MAC,CBN-MJL,1
11398224,26070316062709AMNBFFOS1-DO,,MAC-KD5,1
11398224,26070316062709ISCM8IXZZ-01,MAC-MAC,CBN-MJL,1
11398224,26070316062709ISCM8IXZZ-DO,,MAC-KD5,1
11398224,26070316062709NVN56H24AA-01,MAC-MAC,CBN-MJL,1
11398224,26070316062709NVN56H24AA-DO,,MAC-KD5,1
11398224,26070322123584RPKM9XREQ-01,SUB-SUB,SOC-NGW,1
11398224,26070322123584RPKM9XREQ-DO,,SUB-NWE,1
11398224,26070322172852HLKQ2UXW2-01,SUB-SUB,SUB-JOM,1
11398224,26070322172852HLKQ2UXW2-DO,SUB-SUB,SUB-NWE,1
11398224,260703235235603BK4Q0GZW-01,MAC-MAC,BDO-PWA,1
11398224,260703235235603BK4Q0GZW-DO,,MAC-KD5,1
11398224,26070323523560GRK4ZUKZZ-01,MAC-MAC,BDO-PWA,1
11398224,26070323523560GRK4ZUKZZ-DO,,MAC-KD5,1
11398224,26070323523560HESF1RMDVE-01,MAC-MAC,BDO-PWA,1
11398224,26070323523560HESF1RMDVE-DO,,MAC-KD5,1
11398224,26070323523560LHTAZ64J7-01,MAC-MAC,BDO-PWA,1
11398224,26070323523560LHTAZ64J7-DO,,MAC-KD5,1
11398224,260704002907608ZCQ9ZEX5J-01,MAC-MAC,BDO-CMS,1
11398224,260704002907608ZCQ9ZEX5J-DO,,MAC-KD5,1
11398224,26070400290760WIIZOYCLH-01,MAC-MAC,BDO-CMS,1
11398224,26070400290760WIIZOYCLH-DO,,MAC-KD5,1
11398224,26070400425033K3GAXEMY68-01,MAC-MAC,MAC-KRL,1
11398224,26070400425033K3GAXEMY68-DO,,MAC-KD5,1
11398224,26070400425033RGOXRDJEF-01,MAC-MAC,MAC-KRL,1
11398224,26070400425033RGOXRDJEF-DO,,MAC-KD5,1
11398224,26070400453135XRSMOHXVCO-01,MAC-MAC,BDO-CMS,1
11398224,26070400453135XRSMOHXVCO-DO,,MAC-KD5,1
11398224,26070400453136PYXEYVOL-01,MAC-MAC,BDO-CMS,1
11398224,26070400453136PYXEYVOL-DO,,MAC-KD5,1
11398224,260704010725452XE3ESUYA-01,MAC-MAC,MAC-CLG,1
11398224,260704010725452XE3ESUYA-DO,MAC-CLG,MAC-KD5,1
11398224,26070401072545IG1NZROBE-01,MAC-MAC,MAC-CLG,1
11398224,26070401072545IG1NZROBE-DO,MAC-CLG,MAC-KD5,1
11398224,260704011003576IU5BVOZ9-01,MAC-MAC,MAC-CST,1
11398224,260704011003576IU5BVOZ9-DO,,MAC-KD5,1
11398224,26070401100357FKC9NZOTXD-01,MAC-MAC,MAC-CST,1
11398224,26070401100357FKC9NZOTXD-DO,,MAC-KD5,1
11398224,26070401100357HVIXSVA6JA-01,MAC-MAC,MAC-CST,1
11398224,26070401100357HVIXSVA6JA-DO,,MAC-KD5,1
11398224,26070401100357O2KQPWSZN-01,MAC-MAC,MAC-CST,1
11398224,26070401100357O2KQPWSZN-DO,,MAC-KD5,1
11398224,26070401100357PVZZC6S1KR-01,MAC-MAC,MAC-CST,1
11398224,26070401100357PVZZC6S1KR-DO,,MAC-KD5,1
11398224,26070401193304UVWGFSTVWJ-01,MAC-MAC,MAC-SRN,1
11398224,26070401193304UVWGFSTVWJ-DO,,MAC-KD5,1
11398224,26070401301593V6587OBQ3-01,MAC-MAC,MAC-CST,1
11398224,26070401301593V6587OBQ3-DO,,MAC-KD5,1
11398224,26070401410082RAKY5B5CR-01,MAC-MAC,BDO-SMD,1
11398224,26070401410082RAKY5B5CR-DO,,MAC-KD5,1
11398224,26070402030394USIYBPOYA-01,MAC-MAC,BDO-PWA,1
11398224,26070402030394USIYBPOYA-DO,,MAC-KD5,1
11398224,26070402030899MC7BP1YR-01,MAC-MAC,BDO-CMS,1
11398224,26070402030899MC7BP1YR-DO,,MAC-KD5,1
11398224,26070402030899QU2FVAVSAY-01,MAC-MAC,BDO-CMS,1
11398224,26070402030899QU2FVAVSAY-DO,,MAC-KD5,1
11398224,260704021128276RSH6CGZPW-01,MAC-MAC,CBN-JTB,1
11398224,260704021128276RSH6CGZPW-DO,,MAC-KD5,1
11398224,26070402112827CMSQ0HY63-01,MAC-MAC,CBN-JTB,1
11398224,26070402112827CMSQ0HY63-DO,,MAC-KD5,1
11398224,26070402112827T9FC18KVC-01,MAC-MAC,CBN-JTB,1
11398224,26070402112827T9FC18KVC-DO,,MAC-KD5,1
11398224,26070402115026EOU27TR1-01,MAC-MAC,BDO-BJR,1
11398224,26070402115026EOU27TR1-DO,,MAC-KD5,1
11398224,260704022613752N6MIHVUDP-01,MAC-MAC,BDO-KJT,1
11398224,260704022613752N6MIHVUDP-DO,,MAC-KD5,1
11398224,26070402261375EAKXOHCMG-01,MAC-MAC,BDO-KJT,1
11398224,26070402261375EAKXOHCMG-DO,,MAC-KD5,1
11398224,26070402261376CMD7JULURQ-01,MAC-MAC,BDO-KJT,1
11398224,26070402261376CMD7JULURQ-DO,,MAC-KD5,1
11398224,26070402261376MMP8GDYC5M-01,MAC-MAC,BDO-KJT,1
11398224,26070402261376MMP8GDYC5M-DO,,MAC-KD5,1
11398224,26070402261376WL0ZXDOXB4-01,MAC-MAC,BDO-KJT,1
11398224,26070402261376WL0ZXDOXB4-02,MAC-MAC,BDO-KJT,1
11398224,26070402261376WL0ZXDOXB4-DO,,MAC-KD5,1
11398224,26070402315287M9TNEA2AA-01,SUB-SUB,SOC-NGW,1
11398224,26070402315287M9TNEA2AA-DO,,SUB-NWE,1
11398224,26070402424378RO39ZQYHI-01,MAC-MAC,CBN-MJL,1
11398224,26070402424378RO39ZQYHI-DO,,MAC-KD5,1
11398224,260704025042715MDVI3SRX-01,SUB-SUB,SUB-JOM,1
11398224,260704025042715MDVI3SRX-DO,SUB-SUB,SUB-NWE,1
11398224,26070402504271YVLYHGHTG-01,SUB-SUB,SUB-JOM,1
11398224,26070402504271YVLYHGHTG-DO,SUB-SUB,SUB-NWE,1
11398224,26070403050942HTI1OUT6N-01,SUB-SUB,SOC-NJK,1
11398224,26070403050942HTI1OUT6N-DO,,SUB-NWE,1
11398224,26070403050942OSHUWXNGG-01,SUB-SUB,SOC-NJK,1
11398224,26070403050942OSHUWXNGG-DO,,SUB-NWE,1
11398224,26070403280593RJWSHYVNC-01,MAC-MAC,MAC-JPK,1
11398224,26070403280593RJWSHYVNC-DO,,MAC-KD5,1
11398224,26070403280593SPIIJPXHZR-01,MAC-MAC,MAC-JPK,1
11398224,26070403280593SPIIJPXHZR-DO,,MAC-KD5,1
11398224,26070403280593URFMCJRMKH-01,MAC-MAC,MAC-JPK,1
11398224,26070403280593URFMCJRMKH-DO,,MAC-KD5,1
11398224,26070403491143JP4DQ9JD-01,SUB-SUB,SUB-SUB-SB-LH,1
11398224,26070403491143JP4DQ9JD-DO,,SUB-NWE,1
11398224,26070403580820TE1VLCTXY-01,SUB-SUB,CBN-TGL,1
11398224,26070403580820TE1VLCTXY-DO,,SUB-NWE,1
11398224,26070403580820ZXYQYHBECU-01,SUB-SUB,CBN-TGL,1
11398224,26070403580820ZXYQYHBECU-DO,,SUB-NWE,1
11398224,AWBR-14012-2026-6-16-01,MAC-KOI-PU,MAC-KD5,1
11398224,AWBR-3317763856-01-01,BDO-CJR,MAC-KD5,1
11398224,AWBR-3317766882-1-01,MAC-MAC,MAC-KD5,1
11398224,AWBR-3317768212-01-01,BDO-MGU,MAC-KD5,1
11398224,AWBR-3317784858-01-01,SUB-MTI,SUB-NWE,1
11398224,AWBR-3317785544-01-01,,SUB-NWE,1
11398224,AWBR-3317811656-1-01,MAC-CBI-PU,MAC-KD5,1
11398224,AWBR-3317826914-01-01,CBN-KNG,MAC-KD5,1
11398224,AWBR-3317829687-01-01,CBN-IDM,MAC-KD5,1
11398224,AWBR-3317859034-01-01,SUB-BWI,SUB-NWE,1
11398224,AWBR-3318490554-01-01,SUB-JOM,SUB-NWE,1
11398224,AWBR-3318492365-01-01,,SUB-NWE,1
11398224,AWBR-3318746420-01,BDO-CBB,MAC-KD5,1
11398224,AWBR-3320231452-01-01,MAC-MAC-SB-LH,MAC-KD5,1
11398224,AWBR-3321748866-01-01,SUB-MTI,SUB-NWE,1
11398224,AWBR-3322271946-01-01,SUB-PSN,SUB-NWE,1
11398224,AWBR-3322376717-01-01,MAC-SRN,MAC-KD5,1
11398224,AWBR-3322462620-01-01,BDO-PWA,MAC-KD5,1
11398224,AWBR-3322913060-01-01,SUB-MLG-PU,SUB-NWE,1
11398224,AWBR-3322967218-01-01,BDO-PMN,MAC-KD5,1
11398224,AWBR-3323883770-01-01,MAC-MAC-SB-LH,MAC-KD5,1
11398224,AWBR-3324447859-01-01,BDO-PMN,MAC-KD5,1
11398224,AWBR-3324461914-01-01,BDO-CJR,MAC-KD5,1
11398224,AWBR-3324463981-01,MAC-MAC,MAC-KD5,1
11398224,AWBR-3326343465-01,MAC-CBI-PU,MAC-KD5,1
11398224,AWBR-3326352476-01,BDO-PMN,MAC-KD5,1
11398224,AWBR-3326381784-01,MAC-KOI-PU,MAC-KD5,1
11398224,AWBR-3326472230-01,MAC-KOI-PU,MAC-KD5,1
11398224,AWBR-3326899750-01,MAC-CBI-PU,MAC-KD5,1
11398224,AWBR-3326901349-01,MAC-CBI-PU,MAC-KD5,1
11398224,AWBR-3326906342-01,MAC-KOI-PU,MAC-KD5,1
11398224,AWBR-3326906759-01,BDO-MGU,MAC-KD5,1
11398224,AWBR-3326907564-01,BDO-PWA,MAC-KD5,1
11398224,AWBR-3326909585-01,SOC-PNG,SUB-NWE,1
11398224,AWBR-3326910063-01,MAC-CBI-PU,MAC-KD5,1
11398224,AWBR-3327096243-01,MAC-KOI-PU,MAC-KD5,1
11398224,AWBR-3327097187-01,SUB-MLG-PU,SUB-NWE,1
11398224,AWBR-3327097678-01,SUB-PSN,SUB-NWE,1
11398224,AWBR-3327100565-01,MAC-KOI-PU,MAC-KD5,1
11398224,AWBR-3327102277-01,MAC-KOI-PU,MAC-KD5,1
11398224,AWBR-3327106964-01,SUB-MLG-PU,SUB-NWE,1
11398224,AWBR-3327108152-01,MAC-KOI-PU,MAC-MAC-SB,1
11398224,AWBR-3327108536-01,MAC-MAC,MAC-KD5,1
11398224,AWBR-3327127450-01,SUB-GSK,SUB-NWE,1
11398224,AWBR-3327129403-01,BDO-TSK-PU,MAC-KD5,1
11398224,AWBR-3327139847-01,MAC-MAC,MAC-KD5,1
11398224,AWBR-3327273307-01,MAC-MAC,MAC-KD5,1
11398224,AWBR-3327277734-01,MAC-KOI-PU,MAC-KD5,1
11398224,AWBR-3327278563-01,MAC-KOI-PU,MAC-KD5,1
11398224,AWBR-3327279144-01,MAC-CBI-PU,MAC-KD5,1
11398224,AWBR-3327279568-01,MAC-CBI-PU,MAC-KD5,1
11398224,AWBR-3327282379-01,MAC-KOI-PU,MAC-KD5,1
11398224,AWBR-3327288140-01,MAC-MAC,MAC-KD5,1
11398224,AWBR-3327288413-01,MAC-MAC,MAC-KD5,1
11398224,AWBR-3327296059-01,MAC-MAC,MAC-KD5,1
11398224,AWBR-3327299397-01,MAC-CBI-PU,MAC-KD5,1
11398224,AWBR-3327299717-01,SOC-SOC,SUB-NWE,1
11398224,AWBR-3327312392-01,MAC-MAC,MAC-KD5,1
11398224,AWBR-3327319926-01,MAC-MAC,MAC-KD5,1
11398224,AWBR-3327344649-01,SUB-SUB,SUB-NWE,1
11398224,AWBR-3327345858-01,MAC-MAC,MAC-KD5,1
11398224,AWBR-3327350261-01,MAC-KLR,MAC-KD5,1
11398224,AWBR-3327351177-01,MAC-CBI-PU,MAC-KD5,1
11398224,AWBR-3327362118-01,MAC-KOI-PU,MAC-MAC-SB,1
11398224,AWBR-3327374040-01,MAC-MAC,MAC-KD5,1
11398224,AWBR-3327375199-01,MAC-KOI-PU,MAC-KD5,1
11398224,AWBR-3327387395-01,MAC-MAC,MAC-KD5,1
11398224,AWBR-3327435264-01,BDO-BDO,MAC-KD5,1
11398224,AWBR-3327437081-01,MAC-MAC,MAC-KD5,1
11398224,AWBR-3327439638-01,MAC-MAC,MAC-KD5,1
11398224,AWBR-3327470400-01,MAC-KOI-PU,MAC-KD5,1
11398224,AWBR-3327472414-01,SUB-BTU,SUB-NWE,1
11398224,AWBR-3327906146-01,SUB-MLG-PU,SUB-NWE,1
11398224,AWBR-3327913124-01,SUB-SUB,SUB-NWE,1
11398224,AWBR-3327916848-01,MAC-CST,MAC-KD5,1
11398224,AWBR-3327917980-01,SUB-MJK,SUB-NWE,1
11398224,AWBR-3327920638-01,SOC-PNG,SUB-NWE,1
11398224,AWBR-3327921035-01,MAC-KOI-PU,MAC-KD5,1
11398224,AWBR-3327933485-01,MAC-CBI-PU,MAC-KD5,1
11398224,AWBR-3327935426-01,MAC-MAC,MAC-KD5,1
11398224,AWBR-3327962767-01,,MAC-KD5,1
11398224,AWBR-3327968952-01,SUB-GSK,SUB-NWE,1
11398224,AWBR-3327972256-01,MAC-MAC,MAC-KD5,1
11398224,AWBR-3327982998-01,MAC-MAC-SB-LH,MAC-KD5,1
11398224,AWBR-3327987397-01,BDO-DYT,MAC-KD5,1
11398224,AWBR-3327989610-01,MAC-CBI-PU,MAC-KD5,1
11398224,AWBR-3327993509-01,MAC-CBI-PU,MAC-KD5,1
11398224,AWBR-3328002561-01,SUB-MJK,SUB-NWE,1
11398224,AWBR-3328029085-01,MAC-MAC,MAC-KD5,1
11398224,AWBR-3328033181-01,MAC-KOI-PU,MAC-KD5,1
11398224,AWBR-3328037766-01,MAC-CBI-PU,MAC-KD5,1
11398224,AWBR-3328059171-01,MAC-MAC,MAC-KD5,1
11398224,AWBR-3328062569-01,MAC-CBI-PU,MAC-KD5,1
11398224,AWBR-3328068960-01,MAC-MAC,MAC-KD5,1
11398224,AWBR-3328079264-01,MAC-KOI-PU,MAC-KD5,1
11398224,AWBR-3328099470-01,MAC-CBI-PU,MAC-KD5,1
11398224,AWBR-3328505936-01,MAC-KOI-PU,MAC-KD5,1
11398224,AWBR-3328511361-01,MAC-KOI-PU,MAC-KD5,1
11398224,AWBR-3328512050-01,MAC-MAC,MAC-KD5,1
11398224,AWBR-3328513184-01,MAC-MAC,MAC-KD5,1
11398224,AWBR-3328513292-01,MAC-SRN,MAC-KD5,1
11398224,AWBR-3328514948-01,,SUB-NWE,1
11398224,AWBR-3328526088-01,MAC-CBI-PU,MAC-KD5,1
11398224,AWBR-3328530652-01,SUB-MLG-PU,SUB-NWE,1
11398224,AWBR-3328565068-01,MAC-MAC,MAC-KD5,1
11398224,AWBR-3328565981-01,MAC-CBI-PU,MAC-KD5,1
11398224,AWBR-3328567576-01,MAC-CBI-PU,MAC-KD5,1
11398224,AWBR-3328588775-01,MAC-CBI-PU,MAC-KD5,1
11398224,AWBR-3328590702-01,BDO-DYT,MAC-KD5,1
11398224,AWBR-3328603469-01,SUB-JBB-PU,SUB-NWE,1
11398224,AWBR-3328604151-01,BDO-CBB,MAC-KD5,1
11398224,AWBR-3328605904-01,MAC-CBI-PU,MAC-KD5,1
11398224,AWBR-3328633597-01,SOC-PNG,SUB-NWE,1
11398224,AWBR-3328662154-01,MAC-MAC,MAC-KD5,1
11398224,AWBR-3328663623-01,SOC-BLT-BSC,SUB-NWE,1
11398224,AWBR-3328667540-01,SUB-MTI,SUB-NWE,1
11398224,AWBR-3328689429-01,MAC-MAC,MAC-KD5,1
11398224,AWBR-3328690737-01,MAC-MAC,MAC-KD5,1
11398224,AWBR-3328696964-01,MAC-CBI-PU,MAC-KD5,1
11398224,AWBR-3328698274-01,MAC-MAC,MAC-KD5,1
11398224,AWBR-3328781643-01,SUB-PBL,SUB-NWE,1
11398224,AWBR-3328786463-01,BDO-CMS,MAC-KD5,1
11398224,AWBR-3328791392-01,SUB-TBN,SUB-NWE,1
11398224,AWBR-3328795710-01,MAC-MAC,MAC-KD5,1
11398224,AWBR-3328819784-01,MAC-KLR,MAC-KD5,1
11398224,AWBR-3328823307-01,MAC-CBI-PU,MAC-KD5,1
11398224,AWBR-3328842744-01,MAC-KOI-PU,MAC-KD5,1
11398224,AWBR-3329200157-01,MAC-MAC,MAC-KD5,1
11398224,AWBR-3329201726-01,MAC-KOI-PU,MAC-KD5,1
11398224,AWBR-3329215826-01,MAC-MAC,MAC-KD5,1
11398224,AWBR-3329221506-01,BDO-CMS,MAC-KD5,1
11398224,AWBR-3329223576-01,BDO-MJA,MAC-KD5,1
11398224,AWBR-3329223964-01,BDO-MGU,MAC-KD5,1
11398224,AWBR-3329225140-01,SUB-MLG-PU,SUB-NWE,1
11398224,AWBR-3329226329-01,SUB-DAN,SUB-NWE,1
11398224,AWBR-3329226378-01,SUB-MLG-PU,SUB-NWE,1
11398224,AWBR-3329227101-01,MAC-KOI-PU,MAC-MAC-SB,1
11398224,AWBR-3329227369-01,SUB-SUB,SUB-NWE,1
11398224,AWBR-3329229144-01,SUB-SUB,SUB-NWE,1
11398224,AWBR-3329229755-01,MAC-KOI-PU,MAC-KD5,1
11398224,AWBR-3329281193-01,MAC-CBI-PU,MAC-KD5,1
11398224,AWBR-3329285617-01,BDO-CBB,MAC-KD5,1
11398224,AWBR-3329287113-01,BDO-CBB,MAC-KD5,1
11398224,AWBR-3329298949-01,MAC-KOI-PU,MAC-KD5,1
11398224,AWBR-3329312210-01,SUB-LMG,SUB-NWE,1
11398224,AWBR-3329312545-01,CBN-CBN,MAC-KD5,1
11398224,AWBR-3329322376-01,SOC-MAD,SUB-NWE,1
11398224,AWBR-3329324557-01,MAC-MAC,MAC-KD5,1
11398224,AWBR-3329332418-01,MAC-CBI-PU,MAC-KD5,1
11398224,AWBR-3329334924-01,MAC-MAC,MAC-KD5,1
11398224,AWBR-3329338399-01,SUB-SUB,SUB-NWE,1
11398224,AWBR-3329339851-01,SUB-PSN,SUB-NWE,1
11398224,AWBR-3329342275-01,MAC-TJR,MAC-KD5,1
11398224,AWBR-3329346887-01,MAC-MAC,MAC-KD5,1
11398224,AWBR-3329352850-01,MAC-MAC,MAC-KD5,1
11398224,AWBR-3329354895-01,,SUB-NWE,1
11398224,AWBR-3329357346-01,SUB-SUB,SUB-NWE,1
11398224,AWBR-3329378634-01,MAC-MAC,MAC-KD5,1
11398224,AWBR-3329770480-01,SUB-DPS-PU,SUB-NWE,1
11398224,AWBR-3329770770-01,,MAC-KD5,1
11398224,AWBR-3329777847-01,,SUB-NWE,1
11398224,AWBR-3329781713-01,MAC-KOI-PU,MAC-KD5,1
11398224,AWBR-3329785180-01,MAC-KOI-PU,MAC-KD5,1
11398224,AWBR-3329810133-01,MAC-CBI-PU,MAC-KD5,1
11398224,AWBR-3329818676-01,MAC-MAC,MAC-KD5,1
11398224,AWBR-3329823809-01,SRG-SRG,SUB-NWE,1
11398224,AWBR-3329825113-01,SRG-SRG,SUB-NWE,1
11398224,AWBR-3329826929-01,SUB-DPS-PU,SUB-NWE,1
11398224,AWBR-3329835158-01,MAC-KOI-PU,MAC-KD5,1
11398224,AWBR-3329836421-01,SUB-JBB-PU,SUB-NWE,1
11398224,AWBR-3329837144-01,MAC-KOI-PU,MAC-KD5,1
11398224,AWBR-3329837144-2-01,MAC-KOI-PU,MAC-KD5,1
11398224,AWBR-3329840545-01,,MAC-KD5,1
11398224,AWBR-3329841274-01,MAC-KOI-PU,MAC-KD5,1
11398224,AWBR-3329841858-01,MAC-MAC,MAC-KD5,1
11398224,AWBR-3329842736-01,MAC-MAC,MAC-KD5,1
11398224,AWBR-3329845358-01,MAC-MAC,MAC-KD5,1
11398224,AWBR-3329852218-01,MAC-CBI-PU,MAC-KD5,1
11398224,AWBR-3329854103-01,MAC-CBI-PU,MAC-KD5,1
11398224,AWBR-3329868163-01,MAC-MAC,MAC-KD5,1
11398224,AWBR-3329870812-01,SUB-KDR-PU,SUB-NWE,1
11398224,AWBR-3329874070-01,MAC-KOI-PU,MAC-KD5,1
11398224,AWBR-3329886022-01,SUB-JOM,SUB-NWE,1
11398224,AWBR-3329891030-01,,SUB-NWE,1
11398224,AWBR-3329893739-01,SRG-SRG,SUB-NWE,1
11398224,AWBR-3329915355-01,,SUB-NWE,1
11398224,AWBR-3329915493-01,SUB-SUB,SUB-NWE,1
11398224,AWBR-3329922033-01,MAC-MAC,MAC-KD5,1
11398224,AWBR-3329923374-01,SUB-MLG-PU,SUB-NWE,1
11398224,AWBR-3329924988-01,SUB-DAN,SUB-NWE,1
11398224,AWBR-3329926907-01,SUB-DPS-PU,SUB-NWE,1
11398224,AWBR-3330219126-01,SUB-DPS-PU,SUB-NWE,1
11398224,AWBR-3330222301-01,,SUB-NWE,1
11398224,AWBR-3330225809-01,,MAC-KD5,1
11398224,AWBR-3330232633-01,MAC-KOI-PU,MAC-KD5,1
11398224,AWBR-3330243448-01,MAC-MAC,MAC-KD5,1
11398224,AWBR-3330245918-01,MAC-KOI-PU,MAC-KD5,1
11398224,AWBR-3330247052-01,BDO-BDO,MAC-KD5,1
11398224,AWBR-3330252112-01,MAC-MAC,MAC-KD5,1
11398224,AWBTMP-10632-2026-6-30-01,MAC-KOI-PU,MAC-KD5,1
11398224,AWBTMP-10656-2026-6-30-01,MAC-KOI-PU,MAC-KD5,1
11398224,AWBTMP-11226-2026-6-30-01,MAC-KOI-PU,MAC-KD5,1
11398224,AWBTMP-11508-2026-6-30-01,MAC-KOI-PU,MAC-KD5,1
11398224,AWBTMP-1153-2026-6-30-01,MAC-KOI-PU,MAC-KD5,1
11398224,AWBTMP-11634-2026-6-30-01,MAC-KOI-PU,MAC-KD5,1
11398224,AWBTMP-11710-2026-6-30-01,MAC-KOI-PU,MAC-KD5,1
11398224,AWBTMP-12288-2026-6-30-01,MAC-KOI-PU,MAC-KD5,1
11398224,AWBTMP-12447-2026-6-30-01,MAC-KOI-PU,MAC-KD5,1
11398224,AWBTMP-1265-2026-6-30-01,MAC-KOI-PU,MAC-KD5,1
11398224,AWBTMP-1266-2026-6-30-01,MAC-KOI-PU,MAC-KD5,1
11398224,AWBTMP-1299-2026-6-30-01,MAC-KOI-PU,MAC-KD5,1
11398224,AWBTMP-13116-2026-6-30-01,MAC-SRN,MAC-KD5,1
11398224,AWBTMP-1331-2026-6-30-01,MAC-KOI-PU,MAC-KD5,1
11398224,AWBTMP-13346-2026-6-30-01,MAC-SRN,MAC-KD5,1
11398224,AWBTMP-13388-2026-6-30-01,MAC-KOI-PU,MAC-KD5,1
11398224,AWBTMP-13521-2026-6-30-01,MAC-KOI-PU,MAC-KD5,1
11398224,AWBTMP-13541-2026-6-30-01,MAC-KOI-PU,MAC-KD5,1
11398224,AWBTMP-13757-2026-6-30-01,MAC-KOI-PU,MAC-KD5,1
11398224,AWBTMP-1422-2026-6-30-01,MAC-KOI-PU,MAC-KD5,1
11398224,AWBTMP-15051-2026-6-30-01,MAC-SRN,MAC-KD5,1
11398224,AWBTMP-15109-2026-6-30-01,MAC-KOI-PU,MAC-KD5,1
11398224,AWBTMP-15273-2026-6-30-01,MAC-KOI-PU,MAC-KD5,1
11398224,AWBTMP-15344-2026-6-30-01,MAC-KOI-PU,MAC-KD5,1
11398224,AWBTMP-15523-2026-6-30-01,MAC-KOI-PU,MAC-KD5,1
11398224,AWBTMP-15550-2026-6-30-01,MAC-KOI-PU,MAC-KD5,1
11398224,AWBTMP-15573-2026-6-30-01,MAC-KOI-PU,MAC-KD5,1
11398224,AWBTMP-15596-2026-6-30-01,MAC-SRN,MAC-KD5,1
11398224,AWBTMP-15655-2026-6-30-01,MAC-KOI-PU,MAC-KD5,1
11398224,AWBTMP-1568-2026-6-30-01,MAC-KOI-PU,MAC-KD5,1
11398224,AWBTMP-15729-2026-6-30-01,MAC-KOI-PU,MAC-KD5,1
11398224,AWBTMP-15857-2026-6-30-01,MAC-KOI-PU,MAC-KD5,1
11398224,AWBTMP-1587-2026-6-30-01,MAC-KOI-PU,MAC-KD5,1
11398224,AWBTMP-15877-2026-6-30-01,MAC-KOI-PU,MAC-KD5,1
11398224,AWBTMP-1589-2026-6-30-01,MAC-KOI-PU,MAC-KD5,1
11398224,AWBTMP-1590-2026-6-30-01,MAC-KOI-PU,MAC-KD5,1
11398224,AWBTMP-15915-2026-6-30-01,MAC-SRN,MAC-KD5,1
11398224,AWBTMP-1598-2026-6-30-01,MAC-KOI-PU,MAC-KD5,1
11398224,AWBTMP-15996-2026-6-30-01,MAC-KOI-PU,MAC-KD5,1
11398224,AWBTMP-16040-2026-6-30-01,MAC-KOI-PU,MAC-KD5,1
11398224,AWBTMP-16119-2026-6-30-01,MAC-KOI-PU,MAC-KD5,1
11398224,AWBTMP-16139-2026-6-30-01,MAC-KOI-PU,MAC-KD5,1
11398224,AWBTMP-16167-2026-6-30-01,MAC-KOI-PU,MAC-KD5,1
11398224,AWBTMP-16268-2026-6-30-01,MAC-SRN,MAC-KD5,1
11398224,AWBTMP-16416-2026-6-30-01,MAC-MAC-SB-LH,MAC-KD5,1
11398224,AWBTMP-16565-2026-6-30-01,MAC-MAC-SB-LH,MAC-KD5,1
11398224,AWBTMP-16810-2026-6-30-01,MAC-MAC-SB-LH,MAC-KD5,1
11398224,AWBTMP-16848-2026-6-30-01,MAC-MAC-SB-LH,MAC-KD5,1
11398224,AWBTMP-16880-2026-6-30-01,MAC-MAC-SB-LH,MAC-KD5,1
11398224,AWBTMP-17263-2026-6-30-01,MAC-MAC-SB-LH,MAC-KD5,1
11398224,AWBTMP-17341-2026-6-30-01,MAC-SRN,MAC-KD5,1
11398224,AWBTMP-17437-2026-6-30-01,MAC-MAC-SB-LH,MAC-KD5,1
11398224,AWBTMP-2530-2026-6-30-01,MAC-KOI-PU,MAC-KD5,1
11398224,AWBTMP-2776-2026-6-30-01,MAC-SRN,MAC-KD5,1
11398224,AWBTMP-3118-2026-6-30-01,MAC-SRN,MAC-KD5,1
11398224,AWBTMP-3119-2026-6-30-01,MAC-SRN,MAC-KD5,1
11398224,AWBTMP-3124-2026-6-30-01,MAC-SRN,MAC-KD5,1
11398224,AWBTMP-3168-2026-6-30-01,MAC-SRN,MAC-KD5,1
11398224,AWBTMP-3183-2026-6-30-01,MAC-SRN,MAC-KD5,1
11398224,AWBTMP-3725-2026-6-30-01,MAC-SRN,MAC-KD5,1
11398224,AWBTMP-4274-2026-6-30-01,MAC-KOI-PU,MAC-KD5,1
11398224,AWBTMP-660-2026-6-30-01,MAC-KOI-PU,MAC-KD5,1
11398224,AWBTMP-8298-2026-6-30-01,MAC-KOI-PU,MAC-KD5,1
11398224,AWBTMP-8743-2026-6-30-01,MAC-KOI-PU,MAC-KD5,1
11398224,AWBTMP-9089-2026-6-30-01,MAC-KOI-PU,MAC-KD5,1
11398224,AWBTMP-9093-2026-6-30-01,MAC-KOI-PU,MAC-KD5,1
11398224,AWBTMP-9103-2026-6-30-01,MAC-KOI-PU,MAC-KD5,1
11398224,AWBTMP-9136-2026-6-30-01,MAC-KOI-PU,MAC-KD5,1
11398224,AWBTMP-9247-2026-6-30-01,MAC-SRN,MAC-KD5,1
11398224,AWBTMP-983-2026-6-30-01,MAC-KOI-PU,MAC-KD5,1
11398224,AWBTMP-984-2026-6-30-01,MAC-KOI-PU,MAC-KD5,1
11398224,AWBTMP-991-2026-6-30-01,MAC-KOI-PU,MAC-KD5,1
11398224,AWBTMP-992-2026-6-30-01,MAC-KOI-PU,MAC-KD5,1
11398434,26062408245767LOHZY9IFH-R01,CBN-TGL,SUB-NWE,1
11549046,26061107234197AIR8QXBUX1-DO,,OOC,1
11549046,26061107234197AIR8QXBUX1-R01,MAC-KD5,MAC-KD5,1
11549046,26061107234197AIR8QXBUX1-R02,MAC-KD5,MAC-KD5,1
11549046,260616005346612OMDLTGEB-DO,,MAC-CB5,1
11549046,260616005346612OMDLTGEB-R01,MAC-CB5,MAC-CB5,1
11549046,26062113410964ZMKBL8WSS-DO,,MAC-CB5,1
11549046,26062113410964ZMKBL8WSS-R01,MAC-CB5,MAC-CB5,1
11549046,26062215222681GXCGJ6W-DO,,MAC-CB5,1
11549046,26062215222681GXCGJ6W-R01,MAC-CB5,MAC-CB5,1
11549046,26062508525825IQD8W6GAH-DO,,MAC-CB5,1
11549046,26062508525825IQD8W6GAH-R01,MAC-CB5,MAC-CB5,1
11549046,26062702013477HRBEPMON-DO,,MAC-CB5,1
11549046,26062702013477HRBEPMON-R01,MAC-CB5,MAC-CB5,1
11549046,26062703144676FBKDENEL-01,MAC-KD5,MAC-KD5,1
11549046,26062703144676FBKDENEL-DO,MAC-KD5,MAC-KD5,1
11549046,26062703161558ASVJQISRS-DO,,MAC-CB5,1
11549046,26062703161558ASVJQISRS-R01,MAC-CB5,MAC-CB5,1
11549046,26062707223210PDDQ3J41K-01,MAC-CB5,MAC-CB5,1
11549046,26062707223210PDDQ3J41K-DO,MAC-CB5,MAC-CB5,1
11549046,26062714580642CE3JHWP8-01,MAC-KD5,MAC-KD5,1
11549046,26062714580642CE3JHWP8-DO,MAC-KD5,MAC-KD5,1
11549046,26062804030040PS6KAHLJP-01,MAC-KM5,MAC-KM5,1
11549046,26062804030040PS6KAHLJP-DO,MAC-KM5,MAC-KM5,1
11549046,26062804282994FXWFWPR2N-01,MAC-KD5,MAC-KD5,1
11549046,26062804282994FXWFWPR2N-DO,MAC-KD5,MAC-KD5,1
11549046,260628045213871SZZCH7XQ-01,MAC-KD5,MAC-KD5,1
11549046,260628045213871SZZCH7XQ-DO,MAC-KD5,MAC-KD5,1
11549046,26062804521387FMPPARTQRA-01,MAC-KD5,MAC-KD5,1
11549046,26062804521387FMPPARTQRA-DO,MAC-KD5,MAC-KD5,1
11549046,26062804521387T9XNJHZY7-01,MAC-KD5,MAC-KD5,1
11549046,26062804521387T9XNJHZY7-DO,MAC-KD5,MAC-KD5,1
11549046,26062804563685SYCRFPP70-01,MAC-KD5,MAC-KD5,1
11549046,26062804563685SYCRFPP70-DO,MAC-KD5,MAC-KD5,1
11549046,26062804590817JP3HMOAN4-01,MAC-KM5,MAC-KM5,1
11549046,26062804590817JP3HMOAN4-DO,MAC-KM5,MAC-KM5,1
11549046,26062805111284GA7QQGRO-01,MAC-CP5,MAC-CP5,1
11549046,26062805111284GA7QQGRO-DO,MAC-CP5,MAC-CP5,1
11549046,26062805114797Y9TDPFNXM-01,MAC-KD5,MAC-KD5,1
11549046,26062805114797Y9TDPFNXM-02,MAC-KD5,MAC-KD5,1
11549046,26062805114797Y9TDPFNXM-DO,MAC-KD5,MAC-KD5,1
11549046,260628051853227CJIFLMJ4Z-01,MAC-KM5,MAC-KM5,1
11549046,260628051853227CJIFLMJ4Z-DO,MAC-KM5,MAC-KM5,1
11549046,26062805185322N5AKJXH1D-01,MAC-KM5,MAC-KM5,1
11549046,26062805185322N5AKJXH1D-DO,MAC-KM5,MAC-KM5,1
11549046,26062805185322OVBTPHXIW-01,MAC-KM5,MAC-KM5,1
11549046,26062805185322OVBTPHXIW-DO,MAC-KM5,MAC-KM5,1
11549046,26062805185322P8ST5Z3JH-01,MAC-KM5,MAC-KM5,1
11549046,26062805185322P8ST5Z3JH-02,MAC-KM5,MAC-KM5,1
11549046,26062805185322P8ST5Z3JH-DO,MAC-KM5,MAC-KM5,1
11549046,26062805185322P9Y5OSRXED-01,MAC-KM5,MAC-KM5,1
11549046,26062805185322P9Y5OSRXED-DO,MAC-KM5,MAC-KM5,1
11549046,2606280528299284QKSVGWGW-01,MAC-KM5,MAC-KM5,1
11549046,2606280528299284QKSVGWGW-02,MAC-KM5,MAC-KM5,1
11549046,2606280528299284QKSVGWGW-DO,MAC-KM5,MAC-KM5,1
11549046,26062805282992TH7LRJRIR-01,MAC-KM5,MAC-KM5,1
11549046,26062805282992TH7LRJRIR-DO,MAC-KM5,MAC-KM5,1
11549046,26062805282992TMWEPHE6-01,MAC-KM5,MAC-KM5,1
11549046,26062805282992TMWEPHE6-DO,MAC-KM5,MAC-KM5,1
11549046,26062805561858BVTUHVUZ-01,MAC-CB5,MAC-CB5,1
11549046,26062805561858BVTUHVUZ-DO,MAC-CB5,MAC-CB5,1
11549046,26062805561858HMQGWMANWH-01,MAC-CB5,MAC-CB5,1
11549046,26062805561858HMQGWMANWH-DO,MAC-CB5,MAC-CB5,1
11549046,26062805561858UAKZ65JIK8-01,MAC-CB5,MAC-CB5,1
11549046,26062805561858UAKZ65JIK8-DO,MAC-CB5,MAC-CB5,1
11549046,260628055833264TY9K4JG-01,MAC-KM5,MAC-KM5,1
11549046,260628055833264TY9K4JG-DO,MAC-KM5,MAC-KM5,1
11549046,26062805583326EQADHSNKIS-01,MAC-KM5,MAC-KM5,1
11549046,26062805583326EQADHSNKIS-02,MAC-KM5,MAC-KM5,1
11549046,26062805583326EQADHSNKIS-DO,MAC-KM5,MAC-KM5,1
11549046,26062805583326LS5B08TXHF-01,MAC-KM5,MAC-KM5,1
11549046,26062805583326LS5B08TXHF-DO,MAC-KM5,MAC-KM5,1
11549046,26062806084758TTB4HXDZV-01,MAC-CB5,MAC-CB5,1
11549046,26062806084758TTB4HXDZV-DO,MAC-CB5,MAC-CB5,1
11549046,2606280657344719BAQXQI-01,MAC-CB5,MAC-CB5,1
11549046,2606280657344719BAQXQI-DO,MAC-CB5,MAC-CB5,1
11549046,260628065734476FZ4CUD9W-01,MAC-CB5,MAC-CB5,1
11549046,260628065734476FZ4CUD9W-DO,MAC-CB5,MAC-CB5,1
11549046,26062807013646GLGWTGJTZ6-01,MAC-CB5,MAC-CB5,1
11549046,26062807013646GLGWTGJTZ6-02,MAC-CB5,MAC-CB5,1
11549046,26062807013646GLGWTGJTZ6-DO,MAC-CB5,MAC-CB5,1
11549046,26062807013646UDPJXAWOC-01,MAC-CB5,MAC-CB5,1
11549046,26062807013646UDPJXAWOC-DO,MAC-CB5,MAC-CB5,1
11549046,260628070430520QPIY3JM-01,MAC-CB5,MAC-CB5,1
11549046,260628070430520QPIY3JM-DO,MAC-CB5,MAC-CB5,1
11549046,260628072626673ZMGN2A1I-01,MAC-CB5,MAC-CB5,1
11549046,260628072626673ZMGN2A1I-DO,MAC-CB5,MAC-CB5,1
11549046,26062807490286ECNTTXLO-01,MAC-KD5,MAC-KD5,1
11549046,26062807490286ECNTTXLO-DO,MAC-KD5,MAC-KD5,1
11549046,26062807530320J1QSEAMBZ-01,MAC-KD5,MAC-KD5,1
11549046,26062807530320J1QSEAMBZ-DO,MAC-KD5,MAC-KD5,1
11549046,26062808433193IABYT5ZP-01,MAC-KM5,MAC-KM5,1
11549046,26062808433193IABYT5ZP-DO,MAC-KM5,MAC-KM5,1
11549046,26062808480635IWGZGDSHU5-01,MAC-CB5,MAC-CB5,1
11549046,26062808480635IWGZGDSHU5-DO,MAC-CB5,MAC-CB5,1
11549046,26062808480635TZTA56QC2-01,MAC-CB5,MAC-CB5,1
11549046,26062808480635TZTA56QC2-DO,MAC-CB5,MAC-CB5,1
11549046,260628085622408B4NEJLJI-01,MAC-KM5,MAC-KM5,1
11549046,260628085622408B4NEJLJI-DO,MAC-KM5,MAC-KM5,1
11549046,260628090012569QC6PO29L-01,MAC-KD5,MAC-KD5,1
11549046,260628090012569QC6PO29L-DO,MAC-KD5,MAC-KD5,1
11549046,260628090754514XADOUCLQU-01,MAC-KD5,MAC-KD5,1
11549046,260628090754514XADOUCLQU-02,MAC-KD5,MAC-KD5,1
11549046,260628090754514XADOUCLQU-DO,MAC-KD5,MAC-KD5,1
11549046,26062809075451SXJ930WJ-01,MAC-KD5,MAC-KD5,1
11549046,26062809075451SXJ930WJ-DO,MAC-KD5,MAC-KD5,1
11549046,26062809231235WGXCR9CVJW-01,MAC-KD5,MAC-KD5,1
11549046,26062809231235WGXCR9CVJW-02,MAC-KD5,MAC-KD5,1
11549046,26062809231235WGXCR9CVJW-DO,MAC-KD5,MAC-KD5,1
11549046,26062809231235WQLWWT6CX-01,MAC-KD5,MAC-KD5,1
11549046,26062809231235WQLWWT6CX-DO,MAC-KD5,MAC-KD5,1
11549046,26062809244356FTJLZBASY-01,MAC-CB5,MAC-CB5,1
11549046,26062809244356FTJLZBASY-DO,MAC-CB5,MAC-CB5,1
11549046,26062809244356SEOL31SH-01,MAC-CB5,MAC-CB5,1
11549046,26062809244356SEOL31SH-DO,MAC-CB5,MAC-CB5,1
11549046,26062809261943O6SVEVU0Z7-01,MAC-KM5,MAC-KM5,1
11549046,26062809261943O6SVEVU0Z7-DO,MAC-KM5,MAC-KM5,1
11549046,26062809261943YBGQAUOK-01,MAC-KM5,MAC-KM5,1
11549046,26062809261943YBGQAUOK-DO,MAC-KM5,MAC-KM5,1
11549046,26062809464269N9AVHXO5H-01,MAC-KD5,MAC-KD5,1
11549046,26062809464269N9AVHXO5H-DO,MAC-KD5,MAC-KD5,1
11549046,26062809542361MBAO5Y8FI-01,MAC-KD5,MAC-KD5,1
11549046,26062809542361MBAO5Y8FI-02,MAC-KD5,MAC-KD5,1
11549046,26062809542361MBAO5Y8FI-DO,MAC-KD5,MAC-KD5,1
11549046,260628095525017H9AJO6RX-01,MAC-KD5,MAC-KD5,1
11549046,260628095525017H9AJO6RX-DO,MAC-KD5,MAC-KD5,1
11549046,26062810171067FGGUCYIBLQ-01,MAC-KM5,MAC-KM5,1
11549046,26062810171067FGGUCYIBLQ-DO,MAC-KM5,MAC-KM5,1
11549046,26062810171067FZPQST5W-01,MAC-KM5,MAC-KM5,1
11549046,26062810171067FZPQST5W-DO,MAC-KM5,MAC-KM5,1
11549046,26062810171067Y5OM9QJ9LF-01,MAC-KM5,MAC-KM5,1
11549046,26062810171067Y5OM9QJ9LF-DO,MAC-KM5,MAC-KM5,1
11549046,26062810275436JGZOR8ONK-01,MAC-KD5,MAC-KD5,1
11549046,26062810275436JGZOR8ONK-DO,MAC-KD5,MAC-KD5,1
11549046,26062810275436OHJUEAVVEA-01,MAC-KD5,MAC-KD5,1
11549046,26062810275436OHJUEAVVEA-DO,MAC-KD5,MAC-KD5,1
11549046,260628110713535F1GQERAZ-01,MAC-CB5,MAC-CB5,1
11549046,260628110713535F1GQERAZ-DO,MAC-CB5,MAC-CB5,1
11549046,26062811071353U1MBWJLS4-01,MAC-CB5,MAC-CB5,1
11549046,26062811071353U1MBWJLS4-DO,MAC-CB5,MAC-CB5,1
11549046,26062811071353Z2KJ7EOTH2-01,MAC-CB5,MAC-CB5,1
11549046,26062811071353Z2KJ7EOTH2-DO,MAC-CB5,MAC-CB5,1
11549046,26062811153181GI67FQME-01,MAC-KD5,MAC-KD5,1
11549046,26062811153181GI67FQME-DO,MAC-KD5,MAC-KD5,1
11549046,26062811440015QKROYFJ0L-01,MAC-KM5,MAC-KM5,1
11549046,26062811440015QKROYFJ0L-DO,MAC-KM5,MAC-KM5,1
11549046,26062811495282VFFOJ7QDF-01,MAC-CP5,MAC-CP5,1
11549046,26062811495282VFFOJ7QDF-DO,MAC-CP5,MAC-CP5,1
11549046,260628120825603EDHM6E1-01,MAC-KM5,MAC-KM5,1
11549046,260628120825603EDHM6E1-02,MAC-KM5,MAC-KM5,1
11549046,260628120825603EDHM6E1-03,MAC-KM5,MAC-KM5,1
11549046,260628120825603EDHM6E1-04,MAC-KM5,MAC-KM5,1
11549046,260628120825603EDHM6E1-DO,MAC-KM5,MAC-KM5,1
11549046,26062812275157BEQ62NOF-01,MAC-KM5,MAC-KM5,1
11549046,26062812275157BEQ62NOF-DO,MAC-KM5,MAC-KM5,1
11549046,26062812332687BBREEBKZO2-01,MAC-CP5,MAC-CP5,1
11549046,26062812332687BBREEBKZO2-DO,MAC-CP5,MAC-CP5,1
11549046,26062812332687EKABRU9TI-01,MAC-CP5,MAC-CP5,1
11549046,26062812332687EKABRU9TI-DO,MAC-CP5,MAC-CP5,1
11549046,26062812332687IDBAHVBSQ-01,MAC-CP5,MAC-CP5,1
11549046,26062812332687IDBAHVBSQ-DO,MAC-CP5,MAC-CP5,1
11549046,26062812341764N0778LLBL-01,MAC-KD5,MAC-KD5,1
11549046,26062812341764N0778LLBL-DO,MAC-KD5,MAC-KD5,1
11549046,26062812341764SU7XCEYFL-01,MAC-KD5,MAC-KD5,1
11549046,26062812341764SU7XCEYFL-DO,MAC-KD5,MAC-KD5,1
11549046,26062812341764XZSWLLQS6J-01,MAC-KD5,MAC-KD5,1
11549046,26062812341764XZSWLLQS6J-DO,MAC-KD5,MAC-KD5,1
11549046,26062812421210SKAEX0LNY-01,MAC-KD5,MAC-KD5,1
11549046,26062812421210SKAEX0LNY-DO,MAC-KD5,MAC-KD5,1
11549046,26062813053808U2MVTFWMO-01,MAC-KM5,MAC-KM5,1
11549046,26062813053808U2MVTFWMO-DO,MAC-KM5,MAC-KM5,1
11549046,2606281310315444M2IVBP-01,MAC-KD5,MAC-KD5,1
11549046,2606281310315444M2IVBP-DO,MAC-KD5,MAC-KD5,1
11549046,26062813163910LRUYEG8RX-01,MAC-KD5,MAC-KD5,1
11549046,26062813163910LRUYEG8RX-DO,MAC-KD5,MAC-KD5,1
11549046,26062813163910XT8TGP8YR-01,MAC-KD5,MAC-KD5,1
11549046,26062813163910XT8TGP8YR-DO,MAC-KD5,MAC-KD5,1
11549046,26062813172085AE5CJOPWY-01,MAC-CB5,MAC-CB5,1
11549046,26062813172085AE5CJOPWY-02,MAC-CB5,MAC-CB5,1
11549046,26062813172085AE5CJOPWY-DO,MAC-CB5,MAC-CB5,1
11549046,26062813172085UN1NLVDAG-01,MAC-CB5,MAC-CB5,1
11549046,26062813172085UN1NLVDAG-DO,MAC-CB5,MAC-CB5,1
11549046,26062813180029CKFD6YQX-01,MAC-KD5,MAC-KD5,1
11549046,26062813180029CKFD6YQX-02,MAC-KD5,MAC-KD5,1
11549046,26062813180029CKFD6YQX-DO,MAC-KD5,MAC-KD5,1
11549046,26062813354090E8QVLZL4FZ-01,MAC-CP5,MAC-CP5,1
11549046,26062813354090E8QVLZL4FZ-DO,MAC-CP5,MAC-CP5,1
11549046,26062813354090EMQZILL8V-01,MAC-CP5,MAC-CP5,1
11549046,26062813354090EMQZILL8V-DO,MAC-CP5,MAC-CP5,1
11549046,26062813354090QJBSZPXWT-01,MAC-CP5,MAC-CP5,1
11549046,26062813354090QJBSZPXWT-DO,MAC-CP5,MAC-CP5,1
11549046,26062813443632I9QRQY2I-01,MAC-KD5,MAC-KD5,1
11549046,26062813443632I9QRQY2I-DO,MAC-KLD-SDS,MAC-KD5,1
11549046,26062813443632LXOWOP9OT-01,MAC-KD5,MAC-KD5,1
11549046,26062813443632LXOWOP9OT-DO,MAC-KLD-SDS,MAC-KD5,1
11549046,260628140431980YKJ8ENGG-01,MAC-KD5,MAC-KD5,1
11549046,260628140431980YKJ8ENGG-DO,MAC-KD5,MAC-KD5,1
11549046,26062814085052GHGXHMTAF-01,MAC-KD5,MAC-KD5,1
11549046,26062814085052GHGXHMTAF-DO,MAC-KD5,MAC-KD5,1
11549046,26062814085052HSTGPTZ47-01,MAC-KD5,MAC-KD5,1
11549046,26062814085052HSTGPTZ47-DO,MAC-KD5,MAC-KD5,1
11549046,26062814085052JLWASTGQPA-01,MAC-KD5,MAC-KD5,1
11549046,26062814085052JLWASTGQPA-DO,MAC-KD5,MAC-KD5,1
11549046,26062814085052ZBIEZXNJU-01,MAC-KD5,MAC-KD5,1
11549046,26062814085052ZBIEZXNJU-DO,MAC-KD5,MAC-KD5,1
11549046,26062814122432DALA0RNWG-01,MAC-KM5,MAC-KM5,1
11549046,26062814122432DALA0RNWG-DO,MAC-KM5,MAC-KM5,1
11549046,26062814122432EB93LNIOWY-01,MAC-KM5,MAC-KM5,1
11549046,26062814122432EB93LNIOWY-DO,MAC-KM5,MAC-KM5,1
11549046,260628141639205JROBD2F8-01,MAC-KD5,MAC-KD5,1
11549046,260628141639205JROBD2F8-DO,MAC-KD5,MAC-KD5,1
11549046,26062814163920FPQHBMTJ6-01,MAC-KD5,MAC-KD5,1
11549046,26062814163920FPQHBMTJ6-DO,MAC-KD5,MAC-KD5,1
11549046,26062814163920J9VWCVTXN-01,MAC-KD5,MAC-KD5,1
11549046,26062814163920J9VWCVTXN-DO,MAC-KD5,MAC-KD5,1
11549046,26062814420960CDLT91JY4-01,MAC-CB5,MAC-CB5,1
11549046,26062814420960CDLT91JY4-DO,MAC-CB5,MAC-CB5,1
11549046,26062814534664MHTIZJC7-01,MAC-KD5,MAC-KD5,1
11549046,26062814534664MHTIZJC7-DO,MAC-KD5,MAC-KD5,1
11549046,26062814534664TUHAR2PDCJ-01,MAC-KD5,MAC-KD5,1
11549046,26062814534664TUHAR2PDCJ-DO,MAC-KD5,MAC-KD5,1
11549046,26062814534665NSBU6R6P1X-01,MAC-KD5,MAC-KD5,1
11549046,26062814534665NSBU6R6P1X-DO,MAC-KD5,MAC-KD5,1
11549046,260628145610653NDRK0PID5-01,MAC-CB5,MAC-CB5,1
11549046,260628145610653NDRK0PID5-DO,MAC-CB5,MAC-CB5,1
11549046,260628145610656GZR9V8Q-01,MAC-CB5,MAC-CB5,1
11549046,260628145610656GZR9V8Q-02,MAC-CB5,MAC-CB5,1
11549046,260628145610656GZR9V8Q-DO,MAC-CB5,MAC-CB5,1
11549046,26062814561066WIHZHR3CR-01,MAC-CB5,MAC-CB5,1
11549046,26062814561066WIHZHR3CR-DO,MAC-CB5,MAC-CB5,1
11549046,26062815244298UAPXGMUB3-01,MAC-KM5,MAC-KM5,1
11549046,26062815244298UAPXGMUB3-DO,MAC-KM5,MAC-KM5,1
11549046,260628153225640JWUVGCYVI-01,MAC-KD5,MAC-KD5,1
11549046,260628153225640JWUVGCYVI-DO,MAC-KD5,MAC-KD5,1
11549046,26062815322564JEYXC6YDC-01,MAC-KD5,MAC-KD5,1
11549046,26062815322564JEYXC6YDC-DO,MAC-KD5,MAC-KD5,1
11549046,260628154506010CGN2VCG-01,MAC-CB5,MAC-CB5,1
11549046,260628154506010CGN2VCG-DO,MAC-CB5,MAC-CB5,1
11549046,26062815450601KPUVDYICK-01,MAC-CB5,MAC-CB5,1
11549046,26062815450601KPUVDYICK-DO,MAC-CB5,MAC-CB5,1
11549046,260628154630611DBS8YDN2-01,MAC-KM5,MAC-KM5,1
11549046,260628154630611DBS8YDN2-DO,MAC-KM5,MAC-KM5,1
11549046,260628154630614JHRGZW7UM-01,MAC-KM5,MAC-KM5,1
11549046,260628154630614JHRGZW7UM-DO,MAC-KM5,MAC-KM5,1
11549046,26062815463061KHQGPHRZV-01,MAC-KM5,MAC-KM5,1
11549046,26062815463061KHQGPHRZV-DO,MAC-KM5,MAC-KM5,1
11549046,26062815463061VLFTA6QTLT-01,MAC-KM5,MAC-KM5,1
11549046,26062815463061VLFTA6QTLT-DO,MAC-KM5,MAC-KM5,1
11549046,26062816464030IAEYB0SIP-01,MAC-KD5,MAC-KD5,1
11549046,26062816464030IAEYB0SIP-DO,MAC-KD5,MAC-KD5,1
11549046,260628165931527L3PUIBPY-01,MAC-KD5,MAC-KD5,1
11549046,260628165931527L3PUIBPY-DO,MAC-KD5,MAC-KD5,1
11549046,26062816593152CTSZFU6DBS-01,MAC-KD5,MAC-KD5,1
11549046,26062816593152CTSZFU6DBS-DO,MAC-KD5,MAC-KD5,1
11549046,26062816593152I3V0EJ5XSP-01,MAC-KD5,MAC-KD5,1
11549046,26062816593152I3V0EJ5XSP-DO,MAC-KD5,MAC-KD5,1
11549046,26062816593152NUBIDGR1VD-01,MAC-KD5,MAC-KD5,1
11549046,26062816593152NUBIDGR1VD-DO,MAC-KD5,MAC-KD5,1
11549046,26062817504170AEH4LJZ4II-01,MAC-KD5,MAC-KD5,1
11549046,26062817504170AEH4LJZ4II-DO,MAC-KD5,MAC-KD5,1
11549046,26062817504170AUX4FJ0N5-01,MAC-KD5,MAC-KD5,1
11549046,26062817504170AUX4FJ0N5-DO,MAC-KD5,MAC-KD5,1
11549046,26062817504170RIHIRXWR6-01,MAC-KD5,MAC-KD5,1
11549046,26062817504170RIHIRXWR6-DO,MAC-KD5,MAC-KD5,1
11549046,260628175806720GWENK2QKD-01,MAC-KD5,MAC-KD5,1
11549046,260628175806720GWENK2QKD-DO,MAC-KD5,MAC-KD5,1
11549046,26062817580672HMOZRMBST0-01,MAC-KD5,MAC-KD5,1
11549046,26062817580672HMOZRMBST0-DO,MAC-KD5,MAC-KD5,1
11549046,26062822514299O795BKKA3-01,MAC-KD5,MAC-KD5,1
11549046,26062822514299O795BKKA3-DO,MAC-KD5,MAC-KD5,1
11549046,26062823271666WPB5MIDT-01,MAC-KD5,MAC-KD5,1
11549046,26062823271666WPB5MIDT-DO,MAC-KD5,MAC-KD5,1
11549046,260628234605978GG24C0XA-01,MAC-KD5,MAC-KD5,1
11549046,260628234605978GG24C0XA-DO,MAC-KD5,MAC-KD5,1
11549046,26062823460597IQGWTWUST8-01,MAC-KD5,MAC-KD5,1
11549046,26062823460597IQGWTWUST8-DO,MAC-KD5,MAC-KD5,1
11549046,26062823502068BYXOJY1IGG-01,MAC-CB5,MAC-CB5,1
11549046,26062823502068BYXOJY1IGG-02,MAC-CB5,MAC-CB5,1
11549046,26062823502068BYXOJY1IGG-DO,MAC-CB5,MAC-CB5,1
11549046,26062823502068Q1GSBSZRVK-01,MAC-CB5,MAC-CB5,1
11549046,26062823502068Q1GSBSZRVK-02,MAC-CB5,MAC-CB5,1
11549046,26062823502068Q1GSBSZRVK-DO,MAC-CB5,MAC-CB5,1
11549046,26062823502068Y7Y55YTYT-01,MAC-CB5,MAC-CB5,1
11549046,26062823502068Y7Y55YTYT-02,MAC-CB5,MAC-CB5,1
11549046,26062823502068Y7Y55YTYT-DO,MAC-CB5,MAC-CB5,1
11549046,26062823574700UIQOZU8FL-01,MAC-CB5,MAC-CB5,1
11549046,26062823574700UIQOZU8FL-DO,MAC-CB5,MAC-CB5,1
11549046,26062823574700Y3MKD68FZ-01,MAC-CB5,MAC-CB5,1
11549046,26062823574700Y3MKD68FZ-DO,MAC-CB5,MAC-CB5,1
11549046,260628235903264LGUPOGI2-01,MAC-CB5,MAC-CB5,1
11549046,260628235903264LGUPOGI2-DO,MAC-CB5,MAC-CB5,1
11549046,26062823590326ONBMMYRBB-01,MAC-CB5,MAC-CB5,1
11549046,26062823590326ONBMMYRBB-DO,MAC-CB5,MAC-CB5,1
11549046,26062900004019JBNOM8ZCE-01,MAC-CP5,MAC-CP5,1
11549046,26062900004019JBNOM8ZCE-DO,MAC-CP5,MAC-CP5,1
11549046,26062900004019JK8Q0XYOI-01,MAC-CP5,MAC-CP5,1
11549046,26062900004019JK8Q0XYOI-DO,MAC-CP5,MAC-CP5,1
11549046,26062900004019XYVXFRLBZ-01,MAC-CP5,MAC-CP5,1
11549046,26062900004019XYVXFRLBZ-DO,MAC-CP5,MAC-CP5,1
11549046,26062900040945K3ECKK0KC-01,MAC-KM5,MAC-KM5,1
11549046,26062900040945K3ECKK0KC-DO,MAC-KM5,MAC-KM5,1
11549046,26062900040945LOVPXDPIMA-01,MAC-KM5,MAC-KM5,1
11549046,26062900040945LOVPXDPIMA-02,MAC-KM5,MAC-KM5,1
11549046,26062900040945LOVPXDPIMA-DO,MAC-KM5,MAC-KM5,1
11549046,26062900040945ZLK8UZVBSE-01,MAC-KM5,MAC-KM5,1
11549046,26062900040945ZLK8UZVBSE-DO,MAC-KM5,MAC-KM5,1
11549046,26062900065946AG1UNWVES-01,MAC-CB5,MAC-CB5,1
11549046,26062900065946AG1UNWVES-DO,MAC-CB5,MAC-CB5,1
11549046,26062900065946TNQRNPO6F-01,MAC-CB5,MAC-CB5,1
11549046,26062900065946TNQRNPO6F-DO,MAC-CB5,MAC-CB5,1
11549046,26062900065946XQ4VHCF-01,MAC-CB5,MAC-CB5,1
11549046,26062900065946XQ4VHCF-02,MAC-CB5,MAC-CB5,1
11549046,26062900065946XQ4VHCF-DO,MAC-CB5,MAC-CB5,1
11549046,26062900075692NVGJAJCU7-01,MAC-KD5,MAC-KD5,1
11549046,26062900075692NVGJAJCU7-DO,MAC-KD5,MAC-KD5,1
11549046,26062900075692QKSJDYLCJ-01,MAC-KD5,MAC-KD5,1
11549046,26062900075692QKSJDYLCJ-DO,MAC-KD5,MAC-KD5,1
11549046,26062900075692RLCECT1H6A-01,MAC-KD5,MAC-KD5,1
11549046,26062900075692RLCECT1H6A-DO,MAC-KD5,MAC-KD5,1
11549046,260629000909161DSBCGAGV-01,MAC-KD5,MAC-KD5,1
11549046,260629000909161DSBCGAGV-DO,MAC-KD5,MAC-KD5,1
11549046,260629001556265E9BXRKKW-01,MAC-KD5,MAC-KD5,1
11549046,260629001556265E9BXRKKW-DO,MAC-KD5,MAC-KD5,1
11549046,26062900252363JDRKM0RNJ-01,MAC-CB5,MAC-CB5,1
11549046,26062900252363JDRKM0RNJ-DO,MAC-CB5,MAC-CB5,1
11549046,26062900252363SLNDACD9-01,MAC-CB5,MAC-CB5,1
11549046,26062900252363SLNDACD9-DO,MAC-CB5,MAC-CB5,1
11549046,260629003557124B4PR0B1AH-01,MAC-CB5,MAC-CB5,1
11549046,260629003557124B4PR0B1AH-02,MAC-CB5,MAC-CB5,1
11549046,260629003557124B4PR0B1AH-DO,MAC-CB5,MAC-CB5,1
11549046,26062900355712LQ8UNZ17R-01,MAC-CB5,MAC-CB5,1
11549046,26062900355712LQ8UNZ17R-DO,MAC-CB5,MAC-CB5,1
11549046,26062900355712UGT64Z0CI-01,MAC-CB5,MAC-CB5,1
11549046,26062900355712UGT64Z0CI-02,MAC-CB5,MAC-CB5,1
11549046,26062900355712UGT64Z0CI-DO,MAC-CB5,MAC-CB5,1
11549046,260629003932072WMH93JJT-01,MAC-KD5,MAC-KD5,1
11549046,260629003932072WMH93JJT-DO,MAC-KD5,MAC-KD5,1
11549046,26062900393207E1D35GADW-01,MAC-KD5,MAC-KD5,1
11549046,26062900393207E1D35GADW-DO,MAC-KD5,MAC-KD5,1
11549046,26062900393207G7LXK1URWA-01,MAC-KD5,MAC-KD5,1
11549046,26062900393207G7LXK1URWA-DO,MAC-KD5,MAC-KD5,1
11549046,26062900404340IVTYPBNB7T-01,MAC-CB5,MAC-CB5,1
11549046,26062900404340IVTYPBNB7T-DO,MAC-CB5,MAC-CB5,1
11549046,26062900404340J91OKIY-01,MAC-CB5,MAC-CB5,1
11549046,26062900404340J91OKIY-DO,MAC-CB5,MAC-CB5,1
11549046,26062900492662RWNUQQV9KS-01,MAC-KD5,MAC-KD5,1
11549046,26062900492662RWNUQQV9KS-DO,MAC-KD5,MAC-KD5,1
11549046,26062900492662SQBLN0UC-01,MAC-KD5,MAC-KD5,1
11549046,26062900492662SQBLN0UC-DO,MAC-KD5,MAC-KD5,1
11549046,26062900543206UOJTLEYR-01,MAC-KM5,MAC-KM5,1
11549046,26062900543206UOJTLEYR-DO,MAC-KM5,MAC-KM5,1
11549046,260629005440617JABXDUPW-01,MAC-CB5,MAC-CB5,1
11549046,260629005440617JABXDUPW-DO,MAC-CB5,MAC-CB5,1
11549046,26062900544061NTHLQKUV-01,MAC-CB5,MAC-CB5,1
11549046,26062900544061NTHLQKUV-DO,MAC-CB5,MAC-CB5,1
11549046,26062900544062BVPPW5FIT-01,MAC-CB5,MAC-CB5,1
11549046,26062900544062BVPPW5FIT-DO,MAC-CB5,MAC-CB5,1
11549046,26062900553799OBRSL6W9-01,MAC-CB5,MAC-CB5,1
11549046,26062900553799OBRSL6W9-DO,MAC-CB5,MAC-CB5,1
11549046,26062900562836RDQDZN2C-01,MAC-CP5,MAC-CP5,1
11549046,26062900562836RDQDZN2C-DO,MAC-CP5,MAC-CP5,1
11549046,26062900595833O67FTP3W-01,MAC-CB5,MAC-CB5,1
11549046,26062900595833O67FTP3W-DO,MAC-CB5,MAC-CB5,1
11549046,26062901013813M8OWDITJHG-01,MAC-KD5,MAC-KD5,1
11549046,26062901013813M8OWDITJHG-DO,MAC-KD5,MAC-KD5,1
11549046,26062901013813UNABTLQE3-01,MAC-KD5,MAC-KD5,1
11549046,26062901013813UNABTLQE3-DO,MAC-KD5,MAC-KD5,1
11549046,26062901020632BZIXDZ60Q-01,MAC-KM5,MAC-KM5,1
11549046,26062901020632BZIXDZ60Q-DO,MAC-KM5,MAC-KM5,1
11549046,26062901020632VR8RW4DQJC-01,MAC-KM5,MAC-KM5,1
11549046,26062901020632VR8RW4DQJC-DO,MAC-KM5,MAC-KM5,1
11549046,26062901053873ZXZX1NGTD-01,MAC-KM5,MAC-KM5,1
11549046,26062901053873ZXZX1NGTD-DO,MAC-KM5,MAC-KM5,1
11549046,2606290108426991WEYVN2QV-01,MAC-KM5,MAC-KM5,1
11549046,2606290108426991WEYVN2QV-DO,MAC-KM5,MAC-KM5,1
11549046,26062901084269DGKMTYI42I-01,MAC-KM5,MAC-KM5,1
11549046,26062901084269DGKMTYI42I-DO,MAC-KM5,MAC-KM5,1
11549046,26062901084269GGMMZAIFT5-01,MAC-KM5,MAC-KM5,1
11549046,26062901084269GGMMZAIFT5-DO,MAC-KM5,MAC-KM5,1
11549046,26062901084269WSBNBH9AB-01,MAC-KM5,MAC-KM5,1
11549046,26062901084269WSBNBH9AB-DO,MAC-KM5,MAC-KM5,1
11549046,26062901084269YS1YJYUWOL-01,MAC-KM5,MAC-KM5,1
11549046,26062901084269YS1YJYUWOL-DO,MAC-KM5,MAC-KM5,1
11549046,26062901105949MJUIEOLECV-01,MAC-KD5,MAC-KD5,1
11549046,26062901105949MJUIEOLECV-DO,MAC-KD5,MAC-KD5,1
11549046,26062901105949RQV9CYBHS-01,MAC-KD5,MAC-KD5,1
11549046,26062901105949RQV9CYBHS-DO,MAC-KD5,MAC-KD5,1
11549046,260629011113828AY6YHX8YX-01,MAC-KM5,MAC-KM5,1
11549046,260629011113828AY6YHX8YX-DO,MAC-KM5,MAC-KM5,1
11549046,26062901111382LTG4BK-01,MAC-KM5,MAC-KM5,1
11549046,26062901111382LTG4BK-DO,MAC-KM5,MAC-KM5,1
11549046,26062901113742PHXMWWXUSD-01,MAC-KD5,MAC-KD5,1
11549046,26062901113742PHXMWWXUSD-DO,MAC-KD5,MAC-KD5,1
11549046,26062901113742U9VT30RHXT-01,MAC-KD5,MAC-KD5,1
11549046,26062901113742U9VT30RHXT-DO,MAC-KD5,MAC-KD5,1
11549046,26062901113742ZYPVGDEP-01,MAC-KD5,MAC-KD5,1
11549046,26062901113742ZYPVGDEP-DO,MAC-KD5,MAC-KD5,1
11549046,26062901144989UCQOLSNGZU-01,MAC-CB5,MAC-CB5,1
11549046,26062901144989UCQOLSNGZU-DO,MAC-CB5,MAC-CB5,1
11549046,26062901144989W8IQT4X2P-01,MAC-CB5,MAC-CB5,1
11549046,26062901144989W8IQT4X2P-DO,MAC-CB5,MAC-CB5,1
11549046,26062901151912BSNEZFEEN-01,MAC-KD5,MAC-KD5,1
11549046,26062901151912BSNEZFEEN-DO,MAC-KD5,MAC-KD5,1
11549046,26062901151912VN4K266R-01,MAC-KD5,MAC-KD5,1
11549046,26062901151912VN4K266R-DO,MAC-KD5,MAC-KD5,1
11549046,26062901171314EXK1AFA0VW-01,MAC-CB5,MAC-CB5,1
11549046,26062901171314EXK1AFA0VW-DO,MAC-CB5,MAC-CB5,1
11549046,26062901171314OHBGUB40R-01,MAC-CB5,MAC-CB5,1
11549046,26062901171314OHBGUB40R-DO,MAC-CB5,MAC-CB5,1
11549046,26062901182432GDKR8QMXID-01,MAC-KM5,MAC-KM5,1
11549046,26062901182432GDKR8QMXID-DO,MAC-KM5,MAC-KM5,1
11549046,26062901182432KLFW7SUQR-01,MAC-KM5,MAC-KM5,1
11549046,26062901182432KLFW7SUQR-DO,MAC-KM5,MAC-KM5,1
11549046,260629012113891Z2MA3BO-01,MAC-CB5,MAC-CB5,1
11549046,260629012113891Z2MA3BO-DO,MAC-CB5,MAC-CB5,1
11549046,26062901211389WNVLQJAIJO-01,MAC-CB5,MAC-CB5,1
11549046,26062901211389WNVLQJAIJO-DO,MAC-CB5,MAC-CB5,1
11549046,260629012125425BNN3HZCEZ-01,MAC-KD5,MAC-KD5,1
11549046,260629012125425BNN3HZCEZ-DO,MAC-KD5,MAC-KD5,1
11549046,26062901212542YVKYFZFI-01,MAC-KD5,MAC-KD5,1
11549046,26062901212542YVKYFZFI-DO,MAC-KD5,MAC-KD5,1
11549046,26062901233643ATLA2TJQG-01,MAC-KD5,MAC-KD5,1
11549046,26062901233643ATLA2TJQG-DO,MAC-KD5,MAC-KD5,1
11549046,26062901233643UDE2WLFXRF-01,MAC-KD5,MAC-KD5,1
11549046,26062901233643UDE2WLFXRF-DO,MAC-KD5,MAC-KD5,1
11549046,26062901234487DYIF8S6EY-01,MAC-KD5,MAC-KD5,1
11549046,26062901234487DYIF8S6EY-DO,MAC-KD5,MAC-KD5,1
11549046,260629012422616N6PZQARC-01,MAC-KM5,MAC-KM5,1
11549046,260629012422616N6PZQARC-DO,MAC-KM5,MAC-KM5,1
11549046,26062901270961FB7MMNYLR-01,MAC-KD5,MAC-KD5,1
11549046,26062901270961FB7MMNYLR-DO,MAC-KD5,MAC-KD5,1
11549046,26062901280309SP6VENFMG-01,MAC-KD5,MAC-KD5,1
11549046,26062901280309SP6VENFMG-DO,MAC-KD5,MAC-KD5,1
11549046,260629013015076GV3HK9XQ-01,MAC-CP5,MAC-CP5,1
11549046,260629013015076GV3HK9XQ-DO,MAC-CP5,MAC-CP5,1
11549046,26062901301507OKUEPIZD04-01,MAC-CP5,MAC-CP5,1
11549046,26062901301507OKUEPIZD04-DO,MAC-CP5,MAC-CP5,1
11549046,26062901301507R9T9XM24VU-01,MAC-CP5,MAC-CP5,1
11549046,26062901301507R9T9XM24VU-DO,MAC-CP5,MAC-CP5,1
11549046,26062901301507RWF4OTRMWT-01,MAC-CP5,MAC-CP5,1
11549046,26062901301507RWF4OTRMWT-DO,MAC-CP5,MAC-CP5,1
11549046,260629013252444CNQD4BY-01,MAC-KD5,MAC-KD5,1
11549046,260629013252444CNQD4BY-DO,MAC-KD5,MAC-KD5,1
11549046,26062901325244C2YLOLWJO-01,MAC-KD5,MAC-KD5,1
11549046,26062901325244C2YLOLWJO-DO,MAC-KD5,MAC-KD5,1
11549046,26062901335371AXUWSQYNK-01,MAC-CB5,MAC-CB5,1
11549046,26062901335371AXUWSQYNK-DO,MAC-CB5,MAC-CB5,1
11549046,26062901335371G3MCSWUA10-01,MAC-CB5,MAC-CB5,1
11549046,26062901335371G3MCSWUA10-DO,MAC-CB5,MAC-CB5,1
11549046,26062901335775VDZJAKWAJ-01,MAC-KD5,MAC-KD5,1
11549046,26062901335775VDZJAKWAJ-DO,MAC-KD5,MAC-KD5,1
11549046,26062901365469OISTHC7UZ-01,MAC-KD5,MAC-KD5,1
11549046,26062901365469OISTHC7UZ-DO,MAC-KD5,MAC-KD5,1
11549046,26062901365469TYEILY1TD1-01,MAC-KD5,MAC-KD5,1
11549046,26062901365469TYEILY1TD1-DO,MAC-KD5,MAC-KD5,1
11549046,26062901365470AALJQMNF86-01,MAC-KD5,MAC-KD5,1
11549046,26062901365470AALJQMNF86-DO,MAC-KD5,MAC-KD5,1
11549046,26062901391626BLA98YO9J-01,MAC-CB5,MAC-CB5,1
11549046,26062901391626BLA98YO9J-DO,MAC-CB5,MAC-CB5,1
11549046,2606290143424818HADF3VBP-01,MAC-KD5,MAC-KD5,1
11549046,2606290143424818HADF3VBP-DO,MAC-KD5,MAC-KD5,1
11549046,260629014342489UKGG1OU-01,MAC-KD5,MAC-KD5,1
11549046,260629014342489UKGG1OU-DO,MAC-KD5,MAC-KD5,1
11549046,26062901434248G10LYW3PUH-01,MAC-KD5,MAC-KD5,1
11549046,26062901434248G10LYW3PUH-02,MAC-KD5,MAC-KD5,1
11549046,26062901434248G10LYW3PUH-DO,MAC-KD5,MAC-KD5,1
11549046,26062901434248JRLWROL1CX-01,MAC-KD5,MAC-KD5,1
11549046,26062901434248JRLWROL1CX-DO,MAC-KD5,MAC-KD5,1
11549046,26062901440071FJFCAI0D2-01,MAC-CB5,MAC-CB5,1
11549046,26062901440071FJFCAI0D2-DO,MAC-CB5,MAC-CB5,1
11549046,26062901444338ARMOKWPXK-01,MAC-CB5,MAC-CB5,1
11549046,26062901444338ARMOKWPXK-DO,MAC-CB5,MAC-CB5,1
11549046,26062901462273SKKZVPJT2-01,MAC-CB5,MAC-CB5,1
11549046,26062901462273SKKZVPJT2-DO,MAC-CB5,MAC-CB5,1
11549046,26062901472528PMYXNB00-01,MAC-KD5,MAC-KD5,1
11549046,26062901472528PMYXNB00-DO,MAC-KD5,MAC-KD5,1
11549046,260629015044490NWBMOGH-01,MAC-KD5,MAC-KD5,1
11549046,260629015044490NWBMOGH-DO,MAC-KD5,MAC-KD5,1
11549046,26062901504449GCBPRQ2QZI-01,MAC-KD5,MAC-KD5,1
11549046,26062901504449GCBPRQ2QZI-DO,MAC-KD5,MAC-KD5,1
11549046,26062901505147IL76OEG1U-01,MAC-KM5,MAC-KM5,1
11549046,26062901505147IL76OEG1U-DO,MAC-KM5,MAC-KM5,1
11549046,26062901520606YKVGSX0QZ-01,MAC-CB5,MAC-CB5,1
11549046,26062901520606YKVGSX0QZ-DO,MAC-CB5,MAC-CB5,1
11549046,26062901531606Y2AFLMEQQH-01,MAC-KM5,MAC-KM5,1
11549046,26062901531606Y2AFLMEQQH-DO,MAC-KM5,MAC-KM5,1
11549046,26062901531606YGWEDF4BM-01,MAC-KM5,MAC-KM5,1
11549046,26062901531606YGWEDF4BM-DO,MAC-KM5,MAC-KM5,1
11549046,260629015325502THFURB5A-01,MAC-KM5,MAC-KM5,1
11549046,260629015325502THFURB5A-DO,MAC-KM5,MAC-KM5,1
11549046,260629015557336F7K3TQ2V-01,MAC-CB5,MAC-CB5,1
11549046,260629015557336F7K3TQ2V-DO,MAC-CB5,MAC-CB5,1
11549046,26062901555733MIZXBYXYBW-01,MAC-CB5,MAC-CB5,1
11549046,26062901555733MIZXBYXYBW-DO,MAC-CB5,MAC-CB5,1
11549046,26062901555733XA8PHLJHI-01,MAC-CB5,MAC-CB5,1
11549046,26062901555733XA8PHLJHI-DO,MAC-CB5,MAC-CB5,1
11549046,260629015641516ZQTNFMCL-01,MAC-CB5,MAC-CB5,1
11549046,260629015641516ZQTNFMCL-DO,MAC-CB5,MAC-CB5,1
11549046,260629015641518LKMW4EI1-01,MAC-CB5,MAC-CB5,1
11549046,260629015641518LKMW4EI1-DO,MAC-CB5,MAC-CB5,1
11549046,26062901564151TSKGUJZLO-01,MAC-CB5,MAC-CB5,1
11549046,26062901564151TSKGUJZLO-02,MAC-CB5,MAC-CB5,1
11549046,26062901564151TSKGUJZLO-DO,MAC-CB5,MAC-CB5,1
11549046,26062901570886FICDMVZ81-01,MAC-KD5,MAC-KD5,1
11549046,26062901570886FICDMVZ81-DO,MAC-KD5,MAC-KD5,1
11549046,26062901570886JKQHW3SI3I-01,MAC-KD5,MAC-KD5,1
11549046,26062901570886JKQHW3SI3I-DO,MAC-KD5,MAC-KD5,1
11549046,26062901570886Y8KGQRQXY-01,MAC-KD5,MAC-KD5,1
11549046,26062901570886Y8KGQRQXY-DO,MAC-KD5,MAC-KD5,1
11549046,26062901574306BSSHMCXUE-01,MAC-KM5,MAC-KM5,1
11549046,26062901574306BSSHMCXUE-DO,MAC-KM5,MAC-KM5,1
11549046,26062902005996HZMU6874W-01,MAC-KD5,MAC-KD5,1
11549046,26062902005996HZMU6874W-DO,MAC-KD5,MAC-KD5,1
11549046,26062902005996KBDXRPU695-01,MAC-KD5,MAC-KD5,1
11549046,26062902005996KBDXRPU695-DO,MAC-KD5,MAC-KD5,1
11549046,26062902005996SQRLCGWFR-01,MAC-KD5,MAC-KD5,1
11549046,26062902005996SQRLCGWFR-DO,MAC-KD5,MAC-KD5,1
11549046,26062902034970MISEXPD35-01,MAC-KD5,MAC-KD5,1
11549046,26062902034970MISEXPD35-DO,MAC-KD5,MAC-KD5,1
11549046,26062902065573AXBTQDYUZ-01,MAC-KD5,MAC-KD5,1
11549046,26062902065573AXBTQDYUZ-DO,MAC-KD5,MAC-KD5,1
11549046,26062902073047RGHO6IT5O-01,MAC-KM5,MAC-KM5,1
11549046,26062902073047RGHO6IT5O-DO,MAC-KM5,MAC-KM5,1
11549046,26062902073047VBICJMZD9V-01,MAC-KM5,MAC-KM5,1
11549046,26062902073047VBICJMZD9V-DO,MAC-KM5,MAC-KM5,1
11549046,26062902073047VKRCJU1UK-01,MAC-KM5,MAC-KM5,1
11549046,26062902073047VKRCJU1UK-DO,MAC-KM5,MAC-KM5,1
11549046,260629020744390KCR5W7PPS-01,MAC-CB5,MAC-CB5,1
11549046,260629020744390KCR5W7PPS-DO,MAC-CB5,MAC-CB5,1
11549046,26062902074439LVNJISAE-01,MAC-CB5,MAC-CB5,1
11549046,26062902074439LVNJISAE-DO,MAC-CB5,MAC-CB5,1
11549046,26062902074439UNNJAW8CEQ-01,MAC-CB5,MAC-CB5,1
11549046,26062902074439UNNJAW8CEQ-DO,MAC-CB5,MAC-CB5,1
11549046,2606290208410456AINGJTCJ-01,MAC-CB5,MAC-CB5,1
11549046,2606290208410456AINGJTCJ-DO,MAC-CB5,MAC-CB5,1
11549046,26062902084104LIUCCBTVP-01,MAC-CB5,MAC-CB5,1
11549046,26062902084104LIUCCBTVP-02,MAC-CB5,MAC-CB5,1
11549046,26062902084104LIUCCBTVP-DO,MAC-CB5,MAC-CB5,1
11549046,26062902084104R41DXLG0G-01,MAC-CB5,MAC-CB5,1
11549046,26062902084104R41DXLG0G-DO,MAC-CB5,MAC-CB5,1
11549046,26062902094865C3FJDMTG7-01,MAC-KD5,MAC-KD5,1
11549046,26062902094865C3FJDMTG7-DO,MAC-KD5,MAC-KD5,1
11549046,260629021149562PZIBKNRKC-01,MAC-KD5,MAC-KD5,1
11549046,260629021149562PZIBKNRKC-DO,MAC-KD5,MAC-KD5,1
11549046,26062902114956JAMVYOUB4-01,MAC-KD5,MAC-KD5,1
11549046,26062902114956JAMVYOUB4-DO,MAC-KD5,MAC-KD5,1
11549046,26062902120742PNOHMSGJS-01,MAC-KM5,MAC-KM5,1
11549046,26062902120742PNOHMSGJS-DO,MAC-KM5,MAC-KM5,1
11549046,26062902125810QF4EZSXNU-01,MAC-KD5,MAC-KD5,1
11549046,26062902125810QF4EZSXNU-DO,MAC-KD5,MAC-KD5,1
11549046,26062902130666OHYJY9EUT-01,MAC-CB5,MAC-CB5,1
11549046,26062902130666OHYJY9EUT-DO,MAC-CB5,MAC-CB5,1
11549046,26062902143195TZCJ6CQ2C-01,MAC-CP5,MAC-CP5,1
11549046,26062902143195TZCJ6CQ2C-DO,MAC-CP5,MAC-CP5,1
11549046,2606290215520134GS1GBMRR-01,MAC-KD5,MAC-KD5,1
11549046,2606290215520134GS1GBMRR-DO,MAC-KD5,MAC-KD5,1
11549046,26062902155201DQGZMNBJD-01,MAC-KD5,MAC-KD5,1
11549046,26062902155201DQGZMNBJD-DO,MAC-KD5,MAC-KD5,1
11549046,26062902174549HZOJEATT2-01,MAC-KD5,MAC-KD5,1
11549046,26062902174549HZOJEATT2-DO,MAC-KD5,MAC-KD5,1
11549046,26062902174549PCL10OHWS-01,MAC-KD5,MAC-KD5,1
11549046,26062902174549PCL10OHWS-DO,MAC-KD5,MAC-KD5,1
11549046,26062902241045BQAVQQO-01,MAC-KD5,MAC-KD5,1
11549046,26062902241045BQAVQQO-DO,MAC-KD5,MAC-KD5,1
11549046,26062902241045IHEOFFAW9-01,MAC-KD5,MAC-KD5,1
11549046,26062902241045IHEOFFAW9-DO,MAC-KD5,MAC-KD5,1
11549046,26062902260513CAUZYUTFBO-01,MAC-KM5,MAC-KM5,1
11549046,26062902260513CAUZYUTFBO-DO,MAC-KM5,MAC-KM5,1
11549046,26062902260513MJC8HYX0-01,MAC-KM5,MAC-KM5,1
11549046,26062902260513MJC8HYX0-DO,MAC-KM5,MAC-KM5,1
11549046,26062902265532CGVADGCGD-01,MAC-CB5,MAC-CB5,1
11549046,26062902265532CGVADGCGD-DO,MAC-CB5,MAC-CB5,1
11549046,26062902265532GJZCEI04L-01,MAC-CB5,MAC-CB5,1
11549046,26062902265532GJZCEI04L-DO,MAC-CB5,MAC-CB5,1
11549046,26062902265532QM2IL7WXFF-01,MAC-CB5,MAC-CB5,1
11549046,26062902265532QM2IL7WXFF-DO,MAC-CB5,MAC-CB5,1
11549046,260629022907655EGRSGTU1-01,MAC-KD5,MAC-KD5,1
11549046,260629022907655EGRSGTU1-DO,MAC-KD5,MAC-KD5,1
11549046,26062902294055YYXCA9F41-01,MAC-KM5,MAC-KM5,1
11549046,26062902294055YYXCA9F41-DO,MAC-KM5,MAC-KM5,1
11549046,26062902312511CGHCFVQMW-01,MAC-KD5,MAC-KD5,1
11549046,26062902312511CGHCFVQMW-DO,MAC-KD5,MAC-KD5,1
11549046,26062902312511WWAOGVIFU-01,MAC-KD5,MAC-KD5,1
11549046,26062902312511WWAOGVIFU-DO,MAC-KD5,MAC-KD5,1
11549046,26062902312601PULFZU7X4-01,MAC-KM5,MAC-KM5,1
11549046,26062902312601PULFZU7X4-DO,MAC-KM5,MAC-KM5,1
11549046,260629023356711UTPXPUEX-01,MAC-KD5,MAC-KD5,1
11549046,260629023356711UTPXPUEX-DO,MAC-KD5,MAC-KD5,1
11549046,26062902362499KFM8KOQWU-01,MAC-KD5,MAC-KD5,1
11549046,26062902362499KFM8KOQWU-DO,MAC-KD5,MAC-KD5,1
11549046,26062902362499PM5FQ8VOC-01,MAC-KD5,MAC-KD5,1
11549046,26062902362499PM5FQ8VOC-DO,MAC-KD5,MAC-KD5,1
11549046,260629023918399YTPZEMHKQ-01,MAC-KD5,MAC-KD5,1
11549046,260629023918399YTPZEMHKQ-02,MAC-KD5,MAC-KD5,1
11549046,260629023918399YTPZEMHKQ-DO,MAC-KLD-SDS,MAC-KD5,1
11549046,26062902391839R6TYBLOOE-01,MAC-KD5,MAC-KD5,1
11549046,26062902391839R6TYBLOOE-DO,MAC-KD5,MAC-KD5,1
11549046,26062902394217KEV1K1FRWK-01,MAC-KD5,MAC-KD5,1
11549046,26062902394217KEV1K1FRWK-DO,MAC-KD5,MAC-KD5,1
11549046,26062902394217RN0EKYMQI-01,MAC-KD5,MAC-KD5,1
11549046,26062902394217RN0EKYMQI-DO,MAC-KD5,MAC-KD5,1
11549046,26062902411807GOMTGBUN-01,MAC-KM5,MAC-KM5,1
11549046,26062902411807GOMTGBUN-DO,MAC-KM5,MAC-KM5,1
11549046,26062902411807OEWEVQPF2M-01,MAC-KM5,MAC-KM5,1
11549046,26062902411807OEWEVQPF2M-DO,MAC-KM5,MAC-KM5,1
11549046,26062902411807YRPWJ8S7VR-01,MAC-KM5,MAC-KM5,1
11549046,26062902411807YRPWJ8S7VR-DO,MAC-KM5,MAC-KM5,1
11549046,26062902412434TRLYPDAAG-01,MAC-CB5,MAC-CB5,1
11549046,26062902412434TRLYPDAAG-DO,MAC-CB5,MAC-CB5,1
11549046,26062902412434YKUMJUK564-01,MAC-CB5,MAC-CB5,1
11549046,26062902412434YKUMJUK564-DO,MAC-CB5,MAC-CB5,1
11549046,260629024223061WOD84DTNM-01,MAC-CP5,MAC-CP5,1
11549046,260629024223061WOD84DTNM-DO,MAC-CP5,MAC-CP5,1
11549046,26062902422306FJ4H2IRVXV-01,MAC-CP5,MAC-CP5,1
11549046,26062902422306FJ4H2IRVXV-DO,MAC-CP5,MAC-CP5,1
11549046,26062902422306QDXCHPD0-01,MAC-CP5,MAC-CP5,1
11549046,26062902422306QDXCHPD0-DO,MAC-CP5,MAC-CP5,1
11549046,2606290242258555L0QUTSS9-01,MAC-KD5,MAC-KD5,1
11549046,2606290242258555L0QUTSS9-02,MAC-KD5,MAC-KD5,1
11549046,2606290242258555L0QUTSS9-DO,MAC-KD5,MAC-KD5,1
11549046,26062902422585YVSOVWPHY-01,MAC-KD5,MAC-KD5,1
11549046,26062902422585YVSOVWPHY-DO,MAC-KD5,MAC-KD5,1
11549046,26062902462638MUL0KBRVG-01,MAC-CB5,MAC-CB5,1
11549046,26062902462638MUL0KBRVG-DO,MAC-CB5,MAC-CB5,1
11549046,26062902463591AT5VMEKI-01,MAC-KM5,MAC-KM5,1
11549046,26062902463591AT5VMEKI-DO,MAC-KM5,MAC-KM5,1
11549046,26062902463591NWWBXC2ECX-01,MAC-KM5,MAC-KM5,1
11549046,26062902463591NWWBXC2ECX-DO,MAC-KM5,MAC-KM5,1
11549046,26062902463591SSTUVPBZSJ-01,MAC-KM5,MAC-KM5,1
11549046,26062902463591SSTUVPBZSJ-02,MAC-KM5,MAC-KM5,1
11549046,26062902463591SSTUVPBZSJ-DO,MAC-KM5,MAC-KM5,1
11549046,26062902463591XPBKIKHKY0-01,MAC-KM5,MAC-KM5,1
11549046,26062902463591XPBKIKHKY0-DO,MAC-KM5,MAC-KM5,1
11549046,26062902464767HCFYLBUA1A-01,MAC-KD5,MAC-KD5,1
11549046,26062902464767HCFYLBUA1A-DO,MAC-KD5,MAC-KD5,1
11549046,26062902464767UEP8Y0BDL-01,MAC-KD5,MAC-KD5,1
11549046,26062902464767UEP8Y0BDL-DO,MAC-KD5,MAC-KD5,1
11549046,26062902465126ZM28AZ65N-01,MAC-KM5,MAC-KM5,1
11549046,26062902465126ZM28AZ65N-DO,MAC-KM5,MAC-KM5,1
11549046,260629024947193Q3P1XGRYP-01,MAC-KM5,MAC-KM5,1
11549046,260629024947193Q3P1XGRYP-DO,MAC-KM5,MAC-KM5,1
11549046,26062902494719AKSAVDRXZ-01,MAC-KM5,MAC-KM5,1
11549046,26062902494719AKSAVDRXZ-DO,MAC-KM5,MAC-KM5,1
11549046,26062902494719N0VSL6TX6J-01,MAC-KM5,MAC-KM5,1
11549046,26062902494719N0VSL6TX6J-DO,MAC-KM5,MAC-KM5,1
11549046,26062902502358F1HFQOD-01,MAC-KD5,MAC-KD5,1
11549046,26062902502358F1HFQOD-DO,MAC-KD5,MAC-KD5,1
11549046,26062902502358VWZ6GZPOZ6-01,MAC-KD5,MAC-KD5,1
11549046,26062902502358VWZ6GZPOZ6-DO,MAC-KD5,MAC-KD5,1
11549046,26062902503297KURRJCRP9U-01,MAC-KM5,MAC-KM5,1
11549046,26062902503297KURRJCRP9U-DO,MAC-KM5,MAC-KM5,1
11549046,26062902503297L0PSGZRC-01,MAC-KM5,MAC-KM5,1
11549046,26062902503297L0PSGZRC-DO,MAC-KM5,MAC-KM5,1
11549046,26062902503297MCBKP5OXDK-01,MAC-KM5,MAC-KM5,1
11549046,26062902503297MCBKP5OXDK-DO,MAC-KM5,MAC-KM5,1
11549046,26062902511242FYE7SJLPJF-01,MAC-CB5,MAC-CB5,1
11549046,26062902511242FYE7SJLPJF-DO,MAC-CB5,MAC-CB5,1
11549046,26062902511242LSZAIOTU7R-01,MAC-CB5,MAC-CB5,1
11549046,26062902511242LSZAIOTU7R-DO,MAC-CB5,MAC-CB5,1
11549046,26062902511242RSXPUUU4YL-01,MAC-CB5,MAC-CB5,1
11549046,26062902511242RSXPUUU4YL-DO,MAC-CB5,MAC-CB5,1
11549046,26062902511242YCRS89ZE-01,MAC-CB5,MAC-CB5,1
11549046,26062902511242YCRS89ZE-DO,MAC-CB5,MAC-CB5,1
11549046,260629025116846HYGHJ6G0-01,MAC-KD5,MAC-KD5,1
11549046,260629025116846HYGHJ6G0-DO,MAC-KD5,MAC-KD5,1
11549046,260629025116847BX8AJFL4I-01,MAC-KD5,MAC-KD5,1
11549046,260629025116847BX8AJFL4I-02,MAC-KD5,MAC-KD5,1
11549046,260629025116847BX8AJFL4I-DO,MAC-KD5,MAC-KD5,1
11549046,2606290252047103SOU3WSC-01,MAC-KD5,MAC-KD5,1
11549046,2606290252047103SOU3WSC-DO,MAC-KD5,MAC-KD5,1
11549046,26062902524863EQ3VGAHT-01,MAC-KD5,MAC-KD5,1
11549046,26062902524863EQ3VGAHT-DO,MAC-KD5,MAC-KD5,1
11549046,26062902524863H6JBQBLVX-01,MAC-KD5,MAC-KD5,1
11549046,26062902524863H6JBQBLVX-DO,MAC-KD5,MAC-KD5,1
11549046,26062902542121OPF4XFPKMB-01,MAC-CP5,MAC-CP5,1
11549046,26062902542121OPF4XFPKMB-DO,MAC-CP5,MAC-CP5,1
11549046,26062902542121P1S5HKXMG-01,MAC-CP5,MAC-CP5,1
11549046,26062902542121P1S5HKXMG-DO,MAC-CP5,MAC-CP5,1
11549046,26062902542121VQ7MEHI3VS-01,MAC-CP5,MAC-CP5,1
11549046,26062902542121VQ7MEHI3VS-DO,MAC-CP5,MAC-CP5,1
11549046,260629025703600BRBGZH1HE-01,MAC-KM5,MAC-KM5,1
11549046,260629025703600BRBGZH1HE-02,MAC-KM5,MAC-KM5,1
11549046,260629025703600BRBGZH1HE-DO,MAC-KM5,MAC-KM5,1
11549046,260629025703609RJ3KEX4T-01,MAC-KM5,MAC-KM5,1
11549046,260629025703609RJ3KEX4T-DO,MAC-KM5,MAC-KM5,1
11549046,26062902570360B8CXT4U14-01,MAC-KM5,MAC-KM5,1
11549046,26062902570360B8CXT4U14-DO,MAC-KM5,MAC-KM5,1
11549046,26062902570360KOZMFTNIPQ-01,MAC-KM5,MAC-KM5,1
11549046,26062902570360KOZMFTNIPQ-DO,MAC-KM5,MAC-KM5,1
11549046,26062902570360PXKKXCSUSI-01,MAC-KM5,MAC-KM5,1
11549046,26062902570360PXKKXCSUSI-DO,MAC-KM5,MAC-KM5,1
11549046,26062902581370VMHW7R-01,MAC-KD5,MAC-KD5,1
11549046,26062902581370VMHW7R-DO,MAC-KD5,MAC-KD5,1
11549046,26062902581371W4BC8RZP1M-01,MAC-KD5,MAC-KD5,1
11549046,26062902581371W4BC8RZP1M-DO,MAC-KD5,MAC-KD5,1
11549046,26062902581371YA8E7JRTVO-01,MAC-KD5,MAC-KD5,1
11549046,26062902581371YA8E7JRTVO-02,MAC-KD5,MAC-KD5,1
11549046,26062902581371YA8E7JRTVO-03,MAC-KD5,MAC-KD5,1
11549046,26062902581371YA8E7JRTVO-DO,MAC-KD5,MAC-KD5,1
11549046,26062902584238B3HDWZK5N-01,MAC-CP5,MAC-CP5,1
11549046,26062902584238B3HDWZK5N-DO,MAC-CP5,MAC-CP5,1
11549046,260629025850501IQUM6RMB-01,MAC-CB5,MAC-CB5,1
11549046,260629025850501IQUM6RMB-DO,MAC-CB5,MAC-CB5,1
11549046,26062902585050DYM7OSOFO-01,MAC-CB5,MAC-CB5,1
11549046,26062902585050DYM7OSOFO-DO,MAC-CB5,MAC-CB5,1
11549046,260629025903199UHXQM1MBE-01,MAC-KD5,MAC-KD5,1
11549046,260629025903199UHXQM1MBE-DO,MAC-KD5,MAC-KD5,1
11549046,26062902590319TRAEZIWV-01,MAC-KD5,MAC-KD5,1
11549046,26062902590319TRAEZIWV-DO,MAC-KD5,MAC-KD5,1
11549046,26062902595158NE4OC9QFU-01,MAC-KD5,MAC-KD5,1
11549046,26062902595158NE4OC9QFU-DO,MAC-KD5,MAC-KD5,1
11549046,26062902595159LLAPYO8HDM-01,MAC-KD5,MAC-KD5,1
11549046,26062902595159LLAPYO8HDM-DO,MAC-KD5,MAC-KD5,1
11549046,26062902595159SUCT8KZND5-01,MAC-KD5,MAC-KD5,1
11549046,26062902595159SUCT8KZND5-02,MAC-KD5,MAC-KD5,1
11549046,26062902595159SUCT8KZND5-DO,MAC-KD5,MAC-KD5,1
11549046,26062903003683NUOMYUUFC-01,MAC-KD5,MAC-KD5,1
11549046,26062903003683NUOMYUUFC-DO,MAC-KD5,MAC-KD5,1
11549046,26062903003904X61Q3KD7I-01,MAC-KD5,MAC-KD5,1
11549046,26062903003904X61Q3KD7I-DO,MAC-KD5,MAC-KD5,1
11549046,26062903010060MGEU5DL48-01,MAC-CP5,MAC-CP5,1
11549046,26062903010060MGEU5DL48-DO,MAC-CP5,MAC-CP5,1
11549046,26062903015445U9CCZX5KP-01,MAC-KD5,MAC-KD5,1
11549046,26062903015445U9CCZX5KP-DO,MAC-KD5,MAC-KD5,1
11549046,26062903020883DIDNW9PYQB-01,MAC-KD5,MAC-KD5,1
11549046,26062903020883DIDNW9PYQB-DO,MAC-KD5,MAC-KD5,1
11549046,26062903020883YODJLFAI5W-01,MAC-KD5,MAC-KD5,1
11549046,26062903020883YODJLFAI5W-DO,MAC-KD5,MAC-KD5,1
11549046,26062903020883YQ0N1JGHV-01,MAC-KD5,MAC-KD5,1
11549046,26062903020883YQ0N1JGHV-DO,MAC-KD5,MAC-KD5,1
11549046,260629030257396CYJKAY0-01,MAC-KD5,MAC-KD5,1
11549046,260629030257396CYJKAY0-DO,MAC-KD5,MAC-KD5,1
11549046,26062903025739BXCPSYLZ1N-01,MAC-KD5,MAC-KD5,1
11549046,26062903025739BXCPSYLZ1N-DO,MAC-KD5,MAC-KD5,1
11549046,260629030359874YUPG6NCZ-01,MAC-KD5,MAC-KD5,1
11549046,260629030359874YUPG6NCZ-DO,MAC-KD5,MAC-KD5,1
11549046,26062903035987CHB0NIUYD-01,MAC-KD5,MAC-KD5,1
11549046,26062903035987CHB0NIUYD-DO,MAC-KD5,MAC-KD5,1
11549046,26062903043100IKOUJ0RA-01,MAC-KD5,MAC-KD5,1
11549046,26062903043100IKOUJ0RA-DO,MAC-KD5,MAC-KD5,1
11549046,26062903043100RMO8QOI8-01,MAC-KD5,MAC-KD5,1
11549046,26062903043100RMO8QOI8-02,MAC-KD5,MAC-KD5,1
11549046,26062903043100RMO8QOI8-DO,MAC-KD5,MAC-KD5,1
11549046,26062903043943KDCEUASPP9-01,MAC-KD5,MAC-KD5,1
11549046,26062903043943KDCEUASPP9-DO,MAC-KD5,MAC-KD5,1
11549046,260629030532304LNGYD284-01,MAC-KM5,MAC-KM5,1
11549046,260629030532304LNGYD284-DO,MAC-KM5,MAC-KM5,1
11549046,26062903053362O1X6MWO4P-01,MAC-CP5,MAC-CP5,1
11549046,26062903053362O1X6MWO4P-DO,MAC-CP5,MAC-CP5,1
11549046,260629030600081R1GTGPC2J-01,MAC-KD5,MAC-KD5,1
11549046,260629030600081R1GTGPC2J-DO,MAC-KD5,MAC-KD5,1
11549046,260629030600083GPJZ2GVB0-01,MAC-KD5,MAC-KD5,1
11549046,260629030600083GPJZ2GVB0-DO,MAC-KD5,MAC-KD5,1
11549046,26062903060008SOVMDA0XD-01,MAC-KD5,MAC-KD5,1
11549046,26062903060008SOVMDA0XD-DO,MAC-KD5,MAC-KD5,1
11549046,26062903060708CX0TFBSU-01,MAC-KD5,MAC-KD5,1
11549046,26062903060708CX0TFBSU-DO,MAC-KD5,MAC-KD5,1
11549046,26062903063325FZX0ZJZOQ-01,MAC-KM5,MAC-KM5,1
11549046,26062903063325FZX0ZJZOQ-DO,MAC-KM5,MAC-KM5,1
11549046,26062903064997GQDFYRLB-01,MAC-CP5,MAC-CP5,1
11549046,26062903064997GQDFYRLB-DO,MAC-CP5,MAC-CP5,1
11549046,260629030831301Z1IRIIAQA-01,MAC-KD5,MAC-KD5,1
11549046,260629030831301Z1IRIIAQA-DO,MAC-KD5,MAC-KD5,1
11549046,26062903083130ASDUYZNAM-01,MAC-KD5,MAC-KD5,1
11549046,26062903083130ASDUYZNAM-DO,MAC-KD5,MAC-KD5,1
11549046,26062903084866JMSS0IF4Y-01,MAC-CP5,MAC-CP5,1
11549046,26062903084866JMSS0IF4Y-DO,MAC-CP5,MAC-CP5,1
11549046,26062903084866JPZPUJYRXJ-01,MAC-CP5,MAC-CP5,1
11549046,26062903084866JPZPUJYRXJ-DO,MAC-CP5,MAC-CP5,1
11549046,26062903090659BX3M9KB7-01,MAC-KD5,MAC-KD5,1
11549046,26062903090659BX3M9KB7-DO,MAC-KD5,MAC-KD5,1
11549046,26062903090659DOETUF25X5-01,MAC-KD5,MAC-KD5,1
11549046,26062903090659DOETUF25X5-DO,MAC-KD5,MAC-KD5,1
11549046,26062903090659KPHJWWNHFC-01,MAC-KD5,MAC-KD5,1
11549046,26062903090659KPHJWWNHFC-DO,MAC-KD5,MAC-KD5,1
11549046,26062903092790TWHSMUZ14-01,MAC-CP5,MAC-CP5,1
11549046,26062903092790TWHSMUZ14-DO,MAC-CP5,MAC-CP5,1
11549046,26062903104255C6DEZ1EV-01,MAC-KD5,MAC-KD5,1
11549046,26062903104255C6DEZ1EV-DO,MAC-KD5,MAC-KD5,1
11549046,26062903104255FC6TCJTDFL-01,MAC-KD5,MAC-KD5,1
11549046,26062903104255FC6TCJTDFL-02,MAC-KD5,MAC-KD5,1
11549046,26062903104255FC6TCJTDFL-DO,MAC-KD5,MAC-KD5,1
11549046,260629031110884QX6UBAN4M-01,MAC-KD5,MAC-KD5,1
11549046,260629031110884QX6UBAN4M-02,MAC-KD5,MAC-KD5,1
11549046,260629031110884QX6UBAN4M-DO,MAC-KD5,MAC-KD5,1
11549046,26062903111088IERMIQAYA-01,MAC-KD5,MAC-KD5,1
11549046,26062903111088IERMIQAYA-DO,MAC-KD5,MAC-KD5,1
11549046,26062903115435RHT2XRZXM-01,MAC-CB5,MAC-CB5,1
11549046,26062903115435RHT2XRZXM-DO,MAC-CB5,MAC-CB5,1
11549046,260629031201158D19BE024-01,MAC-KD5,MAC-KD5,1
11549046,260629031201158D19BE024-DO,MAC-KD5,MAC-KD5,1
11549046,26062903120115ESQELDDWTO-01,MAC-KD5,MAC-KD5,1
11549046,26062903120115ESQELDDWTO-DO,MAC-KD5,MAC-KD5,1
11549046,26062903134622GIMAMKE0V-01,MAC-KD5,MAC-KD5,1
11549046,26062903134622GIMAMKE0V-DO,MAC-KD5,MAC-KD5,1
11549046,26062903153891DQLQNIZHB-01,MAC-CB5,MAC-CB5,1
11549046,26062903153891DQLQNIZHB-DO,MAC-CB5,MAC-CB5,1
11549046,26062903163807WZ4A7AIZ8-01,MAC-CB5,MAC-CB5,1
11549046,26062903163807WZ4A7AIZ8-DO,MAC-CB5,MAC-CB5,1
11549046,26062903163807YLPZKFXK6-01,MAC-CB5,MAC-CB5,1
11549046,26062903163807YLPZKFXK6-DO,MAC-CB5,MAC-CB5,1
11549046,26062903180584OA0QTZOLMQ-01,MAC-KD5,MAC-KD5,1
11549046,26062903180584OA0QTZOLMQ-02,MAC-KD5,MAC-KD5,1
11549046,26062903180584OA0QTZOLMQ-DO,MAC-KD5,MAC-KD5,1
11549046,26062903180584VRGREKQUL-01,MAC-KD5,MAC-KD5,1
11549046,26062903180584VRGREKQUL-DO,MAC-KD5,MAC-KD5,1
11549046,26062903181303XBG1TU7PZ-01,MAC-KM5,MAC-KM5,1
11549046,26062903181303XBG1TU7PZ-DO,MAC-KM5,MAC-KM5,1
11549046,26062903182062CRSVLTJ4W9-01,MAC-KD5,MAC-KD5,1
11549046,26062903182062CRSVLTJ4W9-DO,MAC-KD5,MAC-KD5,1
11549046,26062903182062HCUEIID4SI-01,MAC-KD5,MAC-KD5,1
11549046,26062903182062HCUEIID4SI-DO,MAC-KD5,MAC-KD5,1
11549046,26062903182062ROJV585TV-01,MAC-KD5,MAC-KD5,1
11549046,26062903182062ROJV585TV-DO,MAC-KD5,MAC-KD5,1
11549046,26062903191422HQB6T7QNC-01,MAC-KD5,MAC-KD5,1
11549046,26062903191422HQB6T7QNC-DO,MAC-KD5,MAC-KD5,1
11549046,26062903191422SGVCLZAMZ9-01,MAC-KD5,MAC-KD5,1
11549046,26062903191422SGVCLZAMZ9-DO,MAC-KD5,MAC-KD5,1
11549046,26062903205156ATHKNI73Y-01,MAC-KD5,MAC-KD5,1
11549046,26062903205156ATHKNI73Y-DO,MAC-KD5,MAC-KD5,1
11549046,26062903205156JZYRUL8O7-01,MAC-KD5,MAC-KD5,1
11549046,26062903205156JZYRUL8O7-DO,MAC-KD5,MAC-KD5,1
11549046,260629032154728ZPHIVG54S-01,MAC-CP5,MAC-CP5,1
11549046,260629032154728ZPHIVG54S-DO,MAC-CP5,MAC-CP5,1
11549046,26062903215472Q8JZRAQ1-01,MAC-CP5,MAC-CP5,1
11549046,26062903215472Q8JZRAQ1-DO,MAC-CP5,MAC-CP5,1
11549046,26062903224836IIE9BCEWN-01,MAC-KD5,MAC-KD5,1
11549046,26062903224836IIE9BCEWN-DO,MAC-KD5,MAC-KD5,1
11549046,26062903234798ANIKRGRQJ-01,MAC-KM5,MAC-KM5,1
11549046,26062903234798ANIKRGRQJ-02,MAC-KM5,MAC-KM5,1
11549046,26062903234798ANIKRGRQJ-DO,MAC-KM5,MAC-KM5,1
11549046,26062903240950GVTQHYUFN-01,MAC-KD5,MAC-KD5,1
11549046,26062903240950GVTQHYUFN-DO,MAC-KD5,MAC-KD5,1
11549046,26062903244118LSKJU610PL-01,MAC-CB5,MAC-CB5,1
11549046,26062903244118LSKJU610PL-DO,MAC-CB5,MAC-CB5,1
11549046,26062903244118RF3KUR4QYD-01,MAC-CB5,MAC-CB5,1
11549046,26062903244118RF3KUR4QYD-DO,MAC-CB5,MAC-CB5,1
11549046,26062903244118YLEEAXBGH-01,MAC-CB5,MAC-CB5,1
11549046,26062903244118YLEEAXBGH-02,MAC-CB5,MAC-CB5,1
11549046,26062903244118YLEEAXBGH-DO,MAC-CB5,MAC-CB5,1
11549046,26062903244257QO5DL2YRV-01,MAC-KD5,MAC-KD5,1
11549046,26062903244257QO5DL2YRV-DO,MAC-KD5,MAC-KD5,1
11549046,26062903244257VFIEYTXNDK-01,MAC-KD5,MAC-KD5,1
11549046,26062903244257VFIEYTXNDK-DO,MAC-KD5,MAC-KD5,1
11549046,26062903255826UECCBPNT-01,MAC-KD5,MAC-KD5,1
11549046,26062903255826UECCBPNT-DO,MAC-KD5,MAC-KD5,1
11549046,260629032630553MVHYATKJ-01,MAC-KD5,MAC-KD5,1
11549046,260629032630553MVHYATKJ-02,MAC-CP5,MAC-KD5,1
11549046,260629032630553MVHYATKJ-DO,MAC-KD5,MAC-KD5,1
11549046,26062903263410EZVLKSWL0-01,MAC-KM5,MAC-KM5,1
11549046,26062903263410EZVLKSWL0-DO,MAC-KM5,MAC-KM5,1
11549046,260629032820992EKQRLPXP1-01,MAC-CP5,MAC-CP5,1
11549046,260629032820992EKQRLPXP1-02,MAC-CP5,MAC-CP5,1
11549046,260629032820992EKQRLPXP1-DO,MAC-CP5,MAC-CP5,1
11549046,2606290328209996XSVZ9Q-01,MAC-CP5,MAC-CP5,1
11549046,2606290328209996XSVZ9Q-DO,MAC-CP5,MAC-CP5,1
11549046,26062903305839LEQZL9ORU-01,MAC-KD5,MAC-KD5,1
11549046,26062903305839LEQZL9ORU-DO,MAC-KD5,MAC-KD5,1
11549046,26062903305839RRYYOLQ4G-01,MAC-KD5,MAC-KD5,1
11549046,26062903305839RRYYOLQ4G-DO,MAC-KD5,MAC-KD5,1
11549046,26062903313166N9OZK1ZKFX-01,MAC-KM5,MAC-KM5,1
11549046,26062903313166N9OZK1ZKFX-DO,MAC-KM5,MAC-KM5,1
11549046,26062903313166PUM4A0Q0W-01,MAC-KM5,MAC-KM5,1
11549046,26062903313166PUM4A0Q0W-DO,MAC-KM5,MAC-KM5,1
11549046,26062903323595J4QMLMUZX-01,MAC-KD5,MAC-KD5,1
11549046,26062903323595J4QMLMUZX-DO,MAC-KD5,MAC-KD5,1
11549046,260629033354323ACWLWTBQ-01,MAC-CB5,MAC-CB5,1
11549046,260629033354323ACWLWTBQ-DO,MAC-CB5,MAC-CB5,1
11549046,26062903335432L181U49XM-01,MAC-CB5,MAC-CB5,1
11549046,26062903335432L181U49XM-DO,MAC-CB5,MAC-CB5,1
11549046,26062903350180APWGZ8VMDB-01,MAC-KM5,MAC-KM5,1
11549046,26062903350180APWGZ8VMDB-DO,MAC-KM5,MAC-KM5,1
11549046,26062903350180Y3HNBWG0X-01,MAC-KM5,MAC-KM5,1
11549046,26062903350180Y3HNBWG0X-DO,MAC-KM5,MAC-KM5,1
11549046,260629033536451YSAQFLI-01,MAC-CP5,MAC-CP5,1
11549046,260629033536451YSAQFLI-DO,MAC-CP5,MAC-CP5,1
11549046,26062903353645DQJCBDHXW-01,MAC-CP5,MAC-CP5,1
11549046,26062903353645DQJCBDHXW-DO,MAC-CP5,MAC-CP5,1
11549046,26062903353645GXU2MTB0RW-01,MAC-CP5,MAC-CP5,1
11549046,26062903353645GXU2MTB0RW-DO,MAC-CP5,MAC-CP5,1
11549046,26062903364432L4KHFZ78BC-01,MAC-CP5,MAC-CP5,1
11549046,26062903364432L4KHFZ78BC-DO,MAC-CP5,MAC-CP5,1
11549046,26062903364432ZGSZ8WFBB-01,MAC-CP5,MAC-CP5,1
11549046,26062903364432ZGSZ8WFBB-DO,MAC-CP5,MAC-CP5,1
11549046,26062903370404FEJUWATMJ6-01,MAC-KM5,MAC-KM5,1
11549046,26062903370404FEJUWATMJ6-DO,MAC-KM5,MAC-KM5,1
11549046,26062903370404JOZMLGYEN-01,MAC-KM5,MAC-KM5,1
11549046,26062903370404JOZMLGYEN-DO,MAC-KM5,MAC-KM5,1
11549046,26062903374256YDED9193G-01,MAC-KD5,MAC-KD5,1
11549046,26062903374256YDED9193G-DO,MAC-KD5,MAC-KD5,1
11549046,26062903380647FOLRHXVLV-01,MAC-KD5,MAC-KD5,1
11549046,26062903380647FOLRHXVLV-DO,MAC-KD5,MAC-KD5,1
11549046,26062903380647UIIIRBDON5-01,MAC-KD5,MAC-KD5,1
11549046,26062903380647UIIIRBDON5-DO,MAC-KD5,MAC-KD5,1
11549046,26062903380647Y0ZISP61KR-01,MAC-KD5,MAC-KD5,1
11549046,26062903380647Y0ZISP61KR-DO,MAC-KD5,MAC-KD5,1
11549046,260629033859246SVBVVEVIE-01,MAC-KM5,MAC-KM5,1
11549046,260629033859246SVBVVEVIE-DO,MAC-KM5,MAC-KM5,1
11549046,26062903385924AUV8VTNM-01,MAC-KM5,MAC-KM5,1
11549046,26062903385924AUV8VTNM-DO,MAC-KM5,MAC-KM5,1
11549046,26062903385924MPOCLO5X4D-01,MAC-KM5,MAC-KM5,1
11549046,26062903385924MPOCLO5X4D-DO,MAC-KM5,MAC-KM5,1
11549046,260629033901046BTI02KZ-01,MAC-KD5,MAC-KD5,1
11549046,260629033901046BTI02KZ-DO,MAC-KD5,MAC-KD5,1
11549046,26062903393978IEEX6IERFL-01,MAC-KD5,MAC-KD5,1
11549046,26062903393978IEEX6IERFL-DO,MAC-KD5,MAC-KD5,1
11549046,26062903393978RUCZBTWXS-01,MAC-KD5,MAC-KD5,1
11549046,26062903393978RUCZBTWXS-DO,MAC-KD5,MAC-KD5,1
11549046,26062903393978WLLOCFGXZT-01,MAC-KD5,MAC-KD5,1
11549046,26062903393978WLLOCFGXZT-DO,MAC-KD5,MAC-KD5,1
11549046,26062903395481VXRICDSST-01,MAC-KM5,MAC-KM5,1
11549046,26062903395481VXRICDSST-DO,MAC-KM5,MAC-KM5,1
11549046,26062903402757L029ISCIY-01,MAC-KD5,MAC-KD5,1
11549046,26062903402757L029ISCIY-DO,MAC-KD5,MAC-KD5,1
11549046,26062903412267HBGRI3GU-01,MAC-KD5,MAC-KD5,1
11549046,26062903412267HBGRI3GU-DO,MAC-KD5,MAC-KD5,1
11549046,26062903412267LPWSBFQM-01,MAC-KD5,MAC-KD5,1
11549046,26062903412267LPWSBFQM-DO,MAC-KD5,MAC-KD5,1
11549046,26062903412267VAYXOBXVCN-01,MAC-KD5,MAC-KD5,1
11549046,26062903412267VAYXOBXVCN-DO,MAC-KD5,MAC-KD5,1
11549046,26062903413979CPKFO74-01,MAC-KD5,MAC-KD5,1
11549046,26062903413979CPKFO74-DO,MAC-KD5,MAC-KD5,1
11549046,26062903413979DZJCNJTOXX-01,MAC-KD5,MAC-KD5,1
11549046,26062903413979DZJCNJTOXX-DO,MAC-KD5,MAC-KD5,1
11549046,26062903413979MHUXYHOMK3-01,MAC-KD5,MAC-KD5,1
11549046,26062903413979MHUXYHOMK3-DO,MAC-KD5,MAC-KD5,1
11549046,260629034253795HCSQBQAB-01,MAC-KD5,MAC-KD5,1
11549046,260629034253795HCSQBQAB-DO,MAC-KD5,MAC-KD5,1
11549046,26062903425379AYVD2V1QYH-01,MAC-KD5,MAC-KD5,1
11549046,26062903425379AYVD2V1QYH-DO,MAC-KD5,MAC-KD5,1
11549046,26062903425461JAHOQ2KI-01,MAC-KD5,MAC-KD5,1
11549046,26062903425461JAHOQ2KI-DO,MAC-KD5,MAC-KD5,1
11549046,260629034439429Y3FJFHUGE-01,MAC-CB5,MAC-CB5,1
11549046,260629034439429Y3FJFHUGE-DO,MAC-CB5,MAC-CB5,1
11549046,26062903443942THLEYXGAZ-01,MAC-CB5,MAC-CB5,1
11549046,26062903443942THLEYXGAZ-DO,MAC-CB5,MAC-CB5,1
11549046,26062903461004JIFKMTAD-01,MAC-KD5,MAC-KD5,1
11549046,26062903461004JIFKMTAD-DO,MAC-KD5,MAC-KD5,1
11549046,26062903461835BBKZUINGP-01,MAC-KD5,MAC-KD5,1
11549046,26062903461835BBKZUINGP-DO,MAC-KD5,MAC-KD5,1
11549046,26062903461835KCNJAO2ZP-01,MAC-KD5,MAC-KD5,1
11549046,26062903461835KCNJAO2ZP-DO,MAC-KD5,MAC-KD5,1
11549046,26062903461835OAFESE464X-01,MAC-KD5,MAC-KD5,1
11549046,26062903461835OAFESE464X-DO,MAC-KD5,MAC-KD5,1
11549046,26062903461835SZB7BVKF0-01,MAC-KD5,MAC-KD5,1
11549046,26062903461835SZB7BVKF0-DO,MAC-KD5,MAC-KD5,1
11549046,26062903462362WQFD8PLOQ-01,MAC-CP5,MAC-CP5,1
11549046,26062903462362WQFD8PLOQ-DO,MAC-CP5,MAC-CP5,1
11549046,26062903471273GJIVVSLRW-01,MAC-KD5,MAC-KD5,1
11549046,26062903471273GJIVVSLRW-DO,MAC-KD5,MAC-KD5,1
11549046,26062903471273TOMQF5HMB-01,MAC-KD5,MAC-KD5,1
11549046,26062903471273TOMQF5HMB-DO,MAC-KD5,MAC-KD5,1
11549046,26062903480692QOKK43ZAV-01,MAC-CB5,MAC-CB5,1
11549046,26062903480692QOKK43ZAV-DO,MAC-CB5,MAC-CB5,1
11549046,26062903480692SSEGD7SMKM-01,MAC-CB5,MAC-CB5,1
11549046,26062903480692SSEGD7SMKM-DO,MAC-CB5,MAC-CB5,1
11549046,26062903481745C44PTKAMA-01,MAC-KD5,MAC-KD5,1
11549046,26062903481745C44PTKAMA-DO,MAC-KD5,MAC-KD5,1
11549046,26062903481746MDQXJEX3BI-01,MAC-KD5,MAC-KD5,1
11549046,26062903481746MDQXJEX3BI-DO,MAC-KD5,MAC-KD5,1
11549046,26062903485948ZGZYYNMIN-01,MAC-CB5,MAC-CB5,1
11549046,26062903485948ZGZYYNMIN-DO,MAC-CB5,MAC-CB5,1
11549046,26062903494402L2Y1D4HDA-01,MAC-KD5,MAC-KD5,1
11549046,26062903494402L2Y1D4HDA-DO,MAC-KD5,MAC-KD5,1
11549046,26062903502544ITK0OBL11-01,MAC-CP5,MAC-CP5,1
11549046,26062903502544ITK0OBL11-DO,MAC-CP5,MAC-CP5,1
11549046,26062903503894WSWOPYNZO-01,MAC-CB5,MAC-CB5,1
11549046,26062903503894WSWOPYNZO-DO,MAC-CB5,MAC-CB5,1
11549046,26062903504286CRXGLLYKCI-01,MAC-CB5,MAC-CB5,1
11549046,26062903504286CRXGLLYKCI-DO,MAC-CB5,MAC-CB5,1
11549046,26062903504286D7D29U27L-01,MAC-CB5,MAC-CB5,1
11549046,26062903504286D7D29U27L-DO,MAC-CB5,MAC-CB5,1
11549046,26062903504286IBZTCJWG-01,MAC-CB5,MAC-CB5,1
11549046,26062903504286IBZTCJWG-DO,MAC-CB5,MAC-CB5,1
11549046,26062903504286OPSREO2OX-01,MAC-CB5,MAC-CB5,1
11549046,26062903504286OPSREO2OX-DO,MAC-CB5,MAC-CB5,1
11549046,2606290351468755KSCLNC6-01,MAC-KD5,MAC-KD5,1
11549046,2606290351468755KSCLNC6-DO,MAC-KD5,MAC-KD5,1
11549046,26062903531665JLZUDPUFB-01,MAC-KM5,MAC-KM5,1
11549046,26062903531665JLZUDPUFB-DO,MAC-KM5,MAC-KM5,1
11549046,26062903531665R6IWIARXLG-01,MAC-KM5,MAC-KM5,1
11549046,26062903531665R6IWIARXLG-DO,MAC-KM5,MAC-KM5,1
11549046,26062903541037IUPG8BQYK-01,MAC-CP5,MAC-CP5,1
11549046,26062903541037IUPG8BQYK-DO,MAC-CP5,MAC-CP5,1
11549046,26062903541380EKREIQG1V-01,MAC-KD5,MAC-KD5,1
11549046,26062903541380EKREIQG1V-DO,MAC-KD5,MAC-KD5,1
11549046,26062903541380JU0DWLYEGA-01,MAC-KD5,MAC-KD5,1
11549046,26062903541380JU0DWLYEGA-DO,MAC-KD5,MAC-KD5,1
11549046,26062903555434PJEPSUUO-01,MAC-CB5,MAC-CB5,1
11549046,26062903555434PJEPSUUO-DO,MAC-CB5,MAC-CB5,1
11549046,26062903564187YTQAGT65OV-01,MAC-CP5,MAC-CP5,1
11549046,26062903564187YTQAGT65OV-DO,MAC-CP5,MAC-CP5,1
11549046,260629035657591IAQARSQP-01,MAC-CB5,MAC-CB5,1
11549046,260629035657591IAQARSQP-DO,MAC-CB5,MAC-CB5,1
11549046,26062903565759J7PZ7NRS-01,MAC-CB5,MAC-CB5,1
11549046,26062903565759J7PZ7NRS-DO,MAC-CB5,MAC-CB5,1
11549046,26062903565759QGAIIMUC-DO,,MAC-CB5,1
11549046,26062903565759QGAIIMUC-R01,MAC-CB5,MAC-CB5,1
11549046,26062903565759QGAIIMUCS-01,MAC-CB5,MAC-CB5,1
11549046,26062903565759QGAIIMUCS-DO,MAC-CB5,MAC-CB5,1
11549046,26062903565759UBY02WKC2N-01,MAC-CB5,MAC-CB5,1
11549046,26062903565759UBY02WKC2N-DO,MAC-CB5,MAC-CB5,1
11549046,26062903572462CFHMNWDM-01,MAC-KD5,MAC-KD5,1
11549046,26062903572462CFHMNWDM-02,MAC-KD5,MAC-KD5,1
11549046,26062903572462CFHMNWDM-DO,MAC-KD5,MAC-KD5,1
11549046,26062903572463FH7DFPTFYM-01,MAC-KD5,MAC-KD5,1
11549046,26062903572463FH7DFPTFYM-02,MAC-KD5,MAC-KD5,1
11549046,26062903572463FH7DFPTFYM-DO,MAC-KD5,MAC-KD5,1
11549046,26062903572463LXRYQ0RNI-01,MAC-KD5,MAC-KD5,1
11549046,26062903572463LXRYQ0RNI-DO,MAC-KD5,MAC-KD5,1
11549046,26062903572463XFWMX77JP1-01,MAC-KD5,MAC-KD5,1
11549046,26062903572463XFWMX77JP1-02,MAC-KD5,MAC-KD5,1
11549046,26062903572463XFWMX77JP1-DO,MAC-KD5,MAC-KD5,1
11549046,260629035733157JYQ6JVR6I-01,MAC-KD5,MAC-KD5,1
11549046,260629035733157JYQ6JVR6I-DO,MAC-KD5,MAC-KD5,1
11549046,26062903573315TPZ1IJB1L4-01,MAC-KD5,MAC-KD5,1
11549046,26062903573315TPZ1IJB1L4-DO,MAC-KD5,MAC-KD5,1
11549046,26062903573315XACD3JT3E-01,MAC-KD5,MAC-KD5,1
11549046,26062903573315XACD3JT3E-DO,MAC-KD5,MAC-KD5,1
11549046,26062903573315YDDR9ZHE0K-01,MAC-KD5,MAC-KD5,1
11549046,26062903573315YDDR9ZHE0K-02,MAC-KD5,MAC-KD5,1
11549046,26062903573315YDDR9ZHE0K-03,MAC-KD5,MAC-KD5,1
11549046,26062903573315YDDR9ZHE0K-DO,MAC-KD5,MAC-KD5,1
11549046,26062903581307BMYXD2ODHF-01,MAC-CP5,MAC-CP5,1
11549046,26062903581307BMYXD2ODHF-02,MAC-CP5,MAC-CP5,1
11549046,26062903581307BMYXD2ODHF-03,MAC-CP5,MAC-CP5,1
11549046,26062903581307BMYXD2ODHF-DO,MAC-CP5,MAC-CP5,1
11549046,26062903581307IATNJSY5B-01,MAC-CP5,MAC-CP5,1
11549046,26062903581307IATNJSY5B-DO,MAC-CP5,MAC-CP5,1
11549046,26062903581307SDVDM0IMD-01,MAC-CP5,MAC-CP5,1
11549046,26062903581307SDVDM0IMD-DO,MAC-CP5,MAC-CP5,1
11549046,260629035824308TZF1DQKUQ-01,MAC-KD5,MAC-KD5,1
11549046,260629035824308TZF1DQKUQ-DO,MAC-KD5,MAC-KD5,1
11549046,26062903582430WNRGK8GAO-01,MAC-KD5,MAC-KD5,1
11549046,26062903582430WNRGK8GAO-DO,MAC-KD5,MAC-KD5,1
11549046,26062903583796RSOAJZGVE-01,MAC-CP5,MAC-CP5,1
11549046,26062903583796RSOAJZGVE-DO,MAC-CP5,MAC-CP5,1
11549046,26062903590653YVAGVUQ3C-01,MAC-KD5,MAC-KD5,1
11549046,26062903590653YVAGVUQ3C-DO,MAC-KD5,MAC-KD5,1
11549046,26062903591300BG3NBAP11-01,MAC-KM5,MAC-KM5,1
11549046,26062903591300BG3NBAP11-DO,MAC-KM5,MAC-KM5,1
11549046,26062903591745HYCNZHOKMM-01,MAC-KD5,MAC-KD5,1
11549046,26062903591745HYCNZHOKMM-DO,MAC-KD5,MAC-KD5,1
11549046,26062903591745QPHEJMJAU-01,MAC-KD5,MAC-KD5,1
11549046,26062903591745QPHEJMJAU-DO,MAC-KD5,MAC-KD5,1
11549046,26062903592457JE4OSKGKH-01,MAC-KD5,MAC-KD5,1
11549046,26062903592457JE4OSKGKH-DO,MAC-KD5,MAC-KD5,1
11549046,26062903592457PHLLT6M1EV-01,MAC-KD5,MAC-KD5,1
11549046,26062903592457PHLLT6M1EV-DO,MAC-KD5,MAC-KD5,1
11549046,26062903592457QGU0ED0DZ-01,MAC-KD5,MAC-KD5,1
11549046,26062903592457QGU0ED0DZ-DO,MAC-KD5,MAC-KD5,1
11549046,26062903593721ARGFSELDVM-01,MAC-CB5,MAC-CB5,1
11549046,26062903593721ARGFSELDVM-02,MAC-CB5,MAC-CB5,1
11549046,26062903593721ARGFSELDVM-DO,MAC-CB5,MAC-CB5,1
11549046,26062903593721KZDISM78X1-01,MAC-CB5,MAC-CB5,1
11549046,26062903593721KZDISM78X1-DO,MAC-CB5,MAC-CB5,1
11549046,26062903593721L5N5XEH22-01,MAC-CB5,MAC-CB5,1
11549046,26062903593721L5N5XEH22-DO,MAC-CB5,MAC-CB5,1
11549046,26062903593721ZPM327XVUJ-01,MAC-CB5,MAC-CB5,1
11549046,26062903593721ZPM327XVUJ-DO,MAC-CB5,MAC-CB5,1
11549046,26062904035600HMTX9BIBC-01,MAC-KD5,MAC-KD5,1
11549046,26062904035600HMTX9BIBC-DO,MAC-KD5,MAC-KD5,1
11549046,26062904035600KGGKFL33H-01,MAC-KD5,MAC-KD5,1
11549046,26062904035600KGGKFL33H-DO,MAC-KD5,MAC-KD5,1
11549046,26062904044182PSRHBQPWX-01,MAC-CP5,MAC-CP5,1
11549046,26062904044182PSRHBQPWX-DO,MAC-CP5,MAC-CP5,1
11549046,26062904100443XG3V2VAK1-01,MAC-KD5,MAC-KD5,1
11549046,26062904100443XG3V2VAK1-DO,MAC-KD5,MAC-KD5,1
11549046,260629041354101DEK3PBIHL-01,MAC-KM5,MAC-KM5,1
11549046,260629041354101DEK3PBIHL-DO,MAC-KM5,MAC-KM5,1
11549046,2606290413541058QNYP0I9V-01,,MAC-KM5,1
11549046,2606290413541058QNYP0I9V-DO,,MAC-KD5,1
11549046,26062904135410SQMEFBOTE-01,MAC-KM5,MAC-KM5,1
11549046,26062904135410SQMEFBOTE-DO,MAC-KM5,MAC-KM5,1
11549046,26062904154933MU2WHARNBR-01,MAC-KD5,MAC-KD5,1
11549046,26062904154933MU2WHARNBR-DO,MAC-KD5,MAC-KD5,1
11549046,26062904154933WD5PVQQUD-01,MAC-KD5,MAC-KD5,1
11549046,26062904154933WD5PVQQUD-DO,MAC-KD5,MAC-KD5,1
11549046,26062904202995JCCBVZO1EO-01,MAC-CB5,MAC-CB5,1
11549046,26062904202995JCCBVZO1EO-DO,MAC-CB5,MAC-CB5,1
11549046,26062904202995X2JHUCO5S-01,MAC-CB5,MAC-CB5,1
11549046,26062904202995X2JHUCO5S-DO,MAC-CB5,MAC-CB5,1
11549046,26062904242136FFFH5YMGD-01,MAC-KD5,MAC-KD5,1
11549046,26062904242136FFFH5YMGD-DO,MAC-KD5,MAC-KD5,1
11549046,26062904242136VOWO2YNL96-01,MAC-KD5,MAC-KD5,1
11549046,26062904242136VOWO2YNL96-DO,MAC-KD5,MAC-KD5,1
11549046,26062904271793DJWQBUJBYR-01,MAC-KD5,MAC-KD5,1
11549046,26062904271793DJWQBUJBYR-DO,MAC-KD5,MAC-KD5,1
11549046,26062904271793NZLA61U4V-01,MAC-KD5,MAC-KD5,1
11549046,26062904271793NZLA61U4V-DO,MAC-KD5,MAC-KD5,1
11549046,26062904271793O8XPMWPYJI-01,MAC-KD5,MAC-KD5,1
11549046,26062904271793O8XPMWPYJI-DO,MAC-KD5,MAC-KD5,1
11549046,260629043229964YQOFQDYT-01,MAC-CB5,MAC-CB5,1
11549046,260629043229964YQOFQDYT-DO,MAC-CB5,MAC-CB5,1
11549046,26062904334876HTO0IQUCR1-01,MAC-CP5,MAC-CP5,1
11549046,26062904334876HTO0IQUCR1-02,MAC-CP5,MAC-CP5,1
11549046,26062904334876HTO0IQUCR1-DO,MAC-CP5,MAC-CP5,1
11549046,26062904334876PJUDDWPRGI-01,MAC-CP5,MAC-CP5,1
11549046,26062904334876PJUDDWPRGI-DO,MAC-CP5,MAC-CP5,1
11549046,26062904334876Q1U4NULXL-01,MAC-CP5,MAC-CP5,1
11549046,26062904334876Q1U4NULXL-DO,MAC-CP5,MAC-CP5,1
11549046,26062904334876UOCKM1T9PO-01,MAC-CP5,MAC-CP5,1
11549046,26062904334876UOCKM1T9PO-DO,MAC-CP5,MAC-CP5,1
11549046,26062904334876YXSZ5JXO0B-01,MAC-CP5,MAC-CP5,1
11549046,26062904334876YXSZ5JXO0B-02,MAC-CP5,MAC-CP5,1
11549046,26062904334876YXSZ5JXO0B-DO,MAC-CP5,MAC-CP5,1
11549046,26062904395024HSKL7HSM-01,MAC-CB5,MAC-CB5,1
11549046,26062904395024HSKL7HSM-DO,MAC-CB5,MAC-CB5,1
11549046,2606290440331486KQXWCTFW-01,MAC-KD5,MAC-KD5,1
11549046,2606290440331486KQXWCTFW-DO,MAC-KD5,MAC-KD5,1
11549046,26062904403314IE1H6WNJ-01,MAC-KD5,MAC-KD5,1
11549046,26062904403314IE1H6WNJ-DO,MAC-KD5,MAC-KD5,1
11549046,26062904404719EYWOZZMG-01,MAC-KD5,MAC-KD5,1
11549046,26062904404719EYWOZZMG-DO,MAC-KD5,MAC-KD5,1
11549046,26062904404719L5WO2M7OML-01,MAC-KD5,MAC-KD5,1
11549046,26062904404719L5WO2M7OML-DO,MAC-KD5,MAC-KD5,1
11549046,26062904404719QUYKRNWMU-01,MAC-KD5,MAC-KD5,1
11549046,26062904404719QUYKRNWMU-DO,MAC-KD5,MAC-KD5,1
11549046,260629044238302LPHHUBYYJ-01,MAC-KD5,MAC-KD5,1
11549046,260629044238302LPHHUBYYJ-DO,MAC-KD5,MAC-KD5,1
11549046,26062904423830UMBLRN8GB9-01,MAC-KD5,MAC-KD5,1
11549046,26062904423830UMBLRN8GB9-DO,MAC-KD5,MAC-KD5,1
11549046,26062904423830ZIYSYQIM2-01,MAC-KD5,MAC-KD5,1
11549046,26062904423830ZIYSYQIM2-DO,MAC-KD5,MAC-KD5,1
11549046,26062904595877BITWAUQG-01,MAC-CP5,MAC-CP5,1
11549046,26062904595877BITWAUQG-02,MAC-CP5,MAC-CP5,1
11549046,26062904595877BITWAUQG-DO,MAC-CP5,MAC-CP5,1
11549046,260629050017690GEUXTZS98-01,MAC-KD5,MAC-KD5,1
11549046,260629050017690GEUXTZS98-DO,MAC-KD5,MAC-KD5,1
11549046,260629050017690KGZWGQKBB-01,MAC-KD5,MAC-KD5,1
11549046,260629050017690KGZWGQKBB-02,MAC-KD5,MAC-KD5,1
11549046,260629050017690KGZWGQKBB-03,MAC-KD5,MAC-KD5,1
11549046,260629050017690KGZWGQKBB-DO,MAC-KD5,MAC-KD5,1
11549046,26062905001769GCK7VHBUY-01,MAC-KD5,MAC-KD5,1
11549046,26062905001769GCK7VHBUY-DO,MAC-KD5,MAC-KD5,1
11549046,260629050019479LETXQQLB-01,MAC-KM5,MAC-KM5,1
11549046,260629050019479LETXQQLB-DO,MAC-KM5,MAC-KM5,1
11549046,26062905015152S1USJ76CG-01,MAC-KD5,MAC-KD5,1
11549046,26062905015152S1USJ76CG-DO,,MAC-KD5,1
11549046,26062905030289QM0UEHVUV-01,MAC-CP5,MAC-CP5,1
11549046,26062905030289QM0UEHVUV-02,MAC-CP5,MAC-CP5,1
11549046,26062905030289QM0UEHVUV-DO,MAC-CP5,MAC-CP5,1
11549046,26062905053760MBDSSHAHL-01,MAC-CP5,MAC-CP5,1
11549046,26062905053760MBDSSHAHL-02,MAC-CP5,MAC-CP5,1
11549046,26062905053760MBDSSHAHL-DO,MAC-CP5,MAC-CP5,1
11549046,26062905084311OOFPLVTXZ-01,MAC-KD5,MAC-KD5,1
11549046,26062905084311OOFPLVTXZ-DO,MAC-KD5,MAC-KD5,1
11549046,260629051120772PM9MRWII-01,MAC-CP5,MAC-CP5,1
11549046,260629051120772PM9MRWII-DO,MAC-CP5,MAC-CP5,1
11549046,26062905224371R7YBLJT7J-01,MAC-KD5,MAC-KD5,1
11549046,26062905224371R7YBLJT7J-DO,MAC-KD5,MAC-KD5,1
11549046,26062905224371XWVHCKXKW6-01,MAC-KD5,MAC-KD5,1
11549046,26062905224371XWVHCKXKW6-DO,MAC-KD5,MAC-KD5,1
11549046,26062905224371Y38FQGDRFM-01,MAC-KD5,MAC-KD5,1
11549046,26062905224371Y38FQGDRFM-DO,MAC-KD5,MAC-KD5,1
11549046,26062905281377APYRJUAQMU-01,MAC-KD5,MAC-KD5,1
11549046,26062905281377APYRJUAQMU-02,MAC-KD5,MAC-KD5,1
11549046,26062905281377APYRJUAQMU-DO,MAC-KD5,MAC-KD5,1
11549046,26062905281377BGFUNNPBN-01,MAC-KD5,MAC-KD5,1
11549046,26062905281377BGFUNNPBN-DO,MAC-KD5,MAC-KD5,1
11549046,260629052813781YBQWJROLG-01,MAC-KD5,MAC-KD5,1
11549046,260629052813781YBQWJROLG-02,MAC-KD5,MAC-KD5,1
11549046,260629052813781YBQWJROLG-DO,MAC-KD5,MAC-KD5,1
11549046,26062905415457GEUCSRUUQ-01,MAC-KD5,MAC-KD5,1
11549046,26062905415457GEUCSRUUQ-DO,MAC-KD5,MAC-KD5,1
11549046,26062905415457JTFLKSMP0-01,MAC-KD5,MAC-KD5,1
11549046,26062905415457JTFLKSMP0-DO,MAC-KD5,MAC-KD5,1
11549046,26062905415457S3MAK5BISH-01,MAC-KD5,MAC-KD5,1
11549046,26062905415457S3MAK5BISH-DO,MAC-KD5,MAC-KD5,1
11549046,26062905481763HUKFWYG2S-01,MAC-KD5,MAC-KD5,1
11549046,26062905481763HUKFWYG2S-DO,MAC-KD5,MAC-KD5,1
11549046,26062905481763J0MQCNDEC4-01,MAC-KD5,MAC-KD5,1
11549046,26062905481763J0MQCNDEC4-DO,MAC-KD5,MAC-KD5,1
11549046,26062905530793MQ1Q0EZEA-01,MAC-KM5,MAC-KM5,1
11549046,26062905530793MQ1Q0EZEA-02,MAC-KM5,MAC-KM5,1
11549046,26062905530793MQ1Q0EZEA-03,MAC-KM5,MAC-KM5,1
11549046,26062905530793MQ1Q0EZEA-DO,MAC-KM5,MAC-KM5,1
11549046,260629055927199SJGAZSTG-01,MAC-CP5,MAC-CP5,1
11549046,260629055927199SJGAZSTG-DO,MAC-CP5,MAC-CP5,1
11549046,26062905592719S5IRII5E-01,MAC-CP5,MAC-CP5,1
11549046,26062905592719S5IRII5E-02,MAC-CP5,MAC-CP5,1
11549046,26062905592719S5IRII5E-03,MAC-CP5,MAC-CP5,1
11549046,26062905592719S5IRII5E-DO,MAC-CP5,MAC-CP5,1
11549046,26062906060429KQT9PY9QT-01,MAC-CB5,MAC-CB5,1
11549046,26062906060429KQT9PY9QT-DO,MAC-CB5,MAC-CB5,1
11549046,26062906100137OSJJIP4N7-01,MAC-KM5,MAC-KM5,1
11549046,26062906100137OSJJIP4N7-DO,MAC-KM5,MAC-KM5,1
11549046,26062906100138C8IX2GRUKH-01,MAC-KM5,MAC-KM5,1
11549046,26062906100138C8IX2GRUKH-02,MAC-KM5,MAC-KM5,1
11549046,26062906100138C8IX2GRUKH-DO,MAC-KM5,MAC-KM5,1
11549046,26062906123366U7TRYTFAAD-01,MAC-KD5,MAC-KD5,1
11549046,26062906123366U7TRYTFAAD-DO,MAC-KD5,MAC-KD5,1
11549046,26062906195549M2JZQ3E-01,MAC-KM5,MAC-KM5,1
11549046,26062906195549M2JZQ3E-02,MAC-KM5,MAC-KM5,1
11549046,26062906195549M2JZQ3E-DO,MAC-KM5,MAC-KM5,1
11549046,26062906211661RCKL7FCM-01,MAC-KM5,MAC-KM5,1
11549046,26062906211661RCKL7FCM-DO,MAC-KM5,MAC-KM5,1
11549046,26062906215494HISRBRQZS-01,MAC-KD5,MAC-KD5,1
11549046,26062906215494HISRBRQZS-DO,MAC-KD5,MAC-KD5,1
11549046,26062906241517XIRXAF5OB-01,MAC-CB5,MAC-CB5,1
11549046,26062906241517XIRXAF5OB-DO,MAC-CB5,MAC-CB5,1
11549046,26062906245671FKZBSOZH-01,MAC-KD5,MAC-KD5,1
11549046,26062906245671FKZBSOZH-02,MAC-KD5,MAC-KD5,1
11549046,26062906245671FKZBSOZH-DO,MAC-KD5,MAC-KD5,1
11549046,260629063021980R4YEE6T6-01,MAC-CB5,MAC-CB5,1
11549046,260629063021980R4YEE6T6-DO,MAC-CB5,MAC-CB5,1
11549046,26062906302198OWON8F02VP-01,MAC-CB5,MAC-CB5,1
11549046,26062906302198OWON8F02VP-DO,MAC-CB5,MAC-CB5,1
11549046,26062906302403KPJV7MOCA-01,MAC-KM5,MAC-KM5,1
11549046,26062906302403KPJV7MOCA-DO,MAC-KM5,MAC-KM5,1
11549046,26062906360348JSANCU330-01,MAC-CB5,MAC-CB5,1
11549046,26062906360348JSANCU330-DO,MAC-CB5,MAC-CB5,1
11549046,2606290637272831YTVCM1P1-01,MAC-KD5,MAC-KD5,1
11549046,2606290637272831YTVCM1P1-DO,MAC-KD5,MAC-KD5,1
11549046,26062906372728UMUF7SS0O-01,MAC-KD5,MAC-KD5,1
11549046,26062906372728UMUF7SS0O-DO,MAC-KD5,MAC-KD5,1
11549046,26062906575730LOLAHMNRB-01,MAC-KD5,MAC-KD5,1
11549046,26062906575730LOLAHMNRB-DO,MAC-KD5,MAC-KD5,1
11549046,26062906581766YRYQSMCN6-01,MAC-KD5,MAC-KD5,1
11549046,26062906581766YRYQSMCN6-DO,MAC-KD5,MAC-KD5,1
11549046,26062907093373SVNNX6Z1O-01,MAC-KD5,MAC-KD5,1
11549046,26062907093373SVNNX6Z1O-02,MAC-KD5,MAC-KD5,1
11549046,26062907093373SVNNX6Z1O-DO,MAC-KD5,MAC-KD5,1
11549046,26062907143485BH6Z6OEEI-01,MAC-KM5,MAC-KM5,1
11549046,26062907143485BH6Z6OEEI-02,MAC-KM5,MAC-KM5,1
11549046,26062907143485BH6Z6OEEI-DO,MAC-KM5,MAC-KM5,1
11549046,26062907143485MSV9TLQHRD-01,MAC-KM5,MAC-KM5,1
11549046,26062907143485MSV9TLQHRD-DO,MAC-KM5,MAC-KM5,1
11549046,26062907143485WQ9PNUQJP5-01,MAC-KM5,MAC-KM5,1
11549046,26062907143485WQ9PNUQJP5-02,MAC-KM5,MAC-KM5,1
11549046,26062907143485WQ9PNUQJP5-DO,MAC-KM5,MAC-KM5,1
11549046,26062907190158FWTDPVROXA-01,MAC-KM5,MAC-KM5,1
11549046,26062907190158FWTDPVROXA-DO,MAC-KM5,MAC-KM5,1
11549046,26062907190158Y566CEMXH-01,MAC-KM5,MAC-KM5,1
11549046,26062907190158Y566CEMXH-DO,MAC-KM5,MAC-KM5,1
11549046,26062907191134FRPPU2FLM-01,MAC-KM5,MAC-KM5,1
11549046,26062907191134FRPPU2FLM-DO,MAC-KM5,MAC-KM5,1
11549046,26062907221802UPP5WAI7J-01,MAC-KD5,MAC-KD5,1
11549046,26062907221802UPP5WAI7J-DO,MAC-KD5,MAC-KD5,1
11549046,26062907235314GJLIZAFNDC-01,MAC-KM5,MAC-KM5,1
11549046,26062907235314GJLIZAFNDC-DO,MAC-KM5,MAC-KM5,1
11549046,26062907235314LCZDGQ67C-01,MAC-KM5,MAC-KM5,1
11549046,26062907235314LCZDGQ67C-DO,MAC-KM5,MAC-KM5,1
11549046,26062907260245KZ6PTTK4UL-01,MAC-KM5,MAC-KM5,1
11549046,26062907260245KZ6PTTK4UL-DO,MAC-KM5,MAC-KM5,1
11549046,26062907260245S990WORQ-01,MAC-KM5,MAC-KM5,1
11549046,26062907260245S990WORQ-02,MAC-KM5,MAC-KM5,1
11549046,26062907260245S990WORQ-DO,MAC-KM5,MAC-KM5,1
11549046,26062907284527IAYJY7V6F-01,MAC-KD5,MAC-KD5,1
11549046,26062907284527IAYJY7V6F-DO,MAC-KD5,MAC-KD5,1
11549046,26062907294845IC5RMBZWT-01,MAC-KD5,MAC-KD5,1
11549046,26062907294845IC5RMBZWT-DO,MAC-KD5,MAC-KD5,1
11549046,26062907302657O7MVCLYEY-01,MAC-KD5,MAC-KD5,1
11549046,26062907302657O7MVCLYEY-DO,MAC-KD5,MAC-KD5,1
11549046,26062907380313WN1JQQYTH-01,MAC-CB5,MAC-CB5,1
11549046,26062907380313WN1JQQYTH-DO,MAC-CB5,MAC-CB5,1
11549046,26062907381088BRC4HVKNHS-01,MAC-KD5,MAC-KD5,1
11549046,26062907381088BRC4HVKNHS-DO,MAC-KLD-SDS,MAC-KD5,1
11549046,26062907381088RGXPKG1E5-01,MAC-KD5,MAC-KD5,1
11549046,26062907381088RGXPKG1E5-DO,MAC-KD5,MAC-KD5,1
11549046,26062907390323REPHKLTDK-01,MAC-CB5,MAC-CB5,1
11549046,26062907390323REPHKLTDK-DO,MAC-CB5,MAC-CB5,1
11549046,26062907510415Z2P57FXVE-01,MAC-KD5,MAC-KD5,1
11549046,26062907510415Z2P57FXVE-DO,MAC-KD5,MAC-KD5,1
11549046,26062907520917DX0POGSBQ-01,MAC-KD5,MAC-KD5,1
11549046,26062907520917DX0POGSBQ-DO,MAC-KD5,MAC-KD5,1
11549046,26062907542044ZLLI9TK9M-01,MAC-CP5,MAC-CP5,1
11549046,26062907542044ZLLI9TK9M-DO,MAC-CP5,MAC-CP5,1
11549046,26062907542045KXMP7E8YHL-01,MAC-CP5,MAC-CP5,1
11549046,26062907542045KXMP7E8YHL-DO,MAC-CP5,MAC-CP5,1
11549046,26062907573944XFTH5G6LA-01,MAC-KD5,MAC-KD5,1
11549046,26062907573944XFTH5G6LA-DO,MAC-KD5,MAC-KD5,1
11549046,26062907575469VDWEFUSNC-01,MAC-KD5,MAC-KD5,1
11549046,26062907575469VDWEFUSNC-DO,MAC-KD5,MAC-KD5,1
11549046,26062908061867TDIWIZET3-01,MAC-KD5,MAC-KD5,1
11549046,26062908061867TDIWIZET3-DO,MAC-KD5,MAC-KD5,1
11549046,26062908061867WO9NT8OG8-01,MAC-KD5,MAC-KD5,1
11549046,26062908061867WO9NT8OG8-DO,MAC-KD5,MAC-KD5,1
11549046,26062908244091KRUQLEHA4G-01,MAC-KM5,MAC-KM5,1
11549046,26062908244091KRUQLEHA4G-DO,MAC-KM5,MAC-KM5,1
11549046,26062908244091LOHGNQQ1-01,MAC-KM5,MAC-KM5,1
11549046,26062908244091LOHGNQQ1-DO,MAC-KM5,MAC-KM5,1
11549046,26062908244091XRGKCCSNYD-01,MAC-KM5,MAC-KM5,1
11549046,26062908244091XRGKCCSNYD-DO,MAC-KM5,MAC-KM5,1
11549046,260629082534638KZGYO7ML-01,MAC-KD5,MAC-KD5,1
11549046,260629082534638KZGYO7ML-DO,MAC-KD5,MAC-KD5,1
11549046,26062908253463NTYHQ2G-01,MAC-KD5,MAC-KD5,1
11549046,26062908253463NTYHQ2G-DO,MAC-KD5,MAC-KD5,1
11549046,26062908253463UBWIIFT1PY-01,MAC-KD5,MAC-KD5,1
11549046,26062908253463UBWIIFT1PY-DO,MAC-KD5,MAC-KD5,1
11549046,26062908313027BLQW8Q88-01,MAC-KD5,MAC-KD5,1
11549046,26062908313027BLQW8Q88-DO,MAC-KD5,MAC-KD5,1
11549046,26062908313027P8RSZDZSI-01,MAC-KD5,MAC-KD5,1
11549046,26062908313027P8RSZDZSI-DO,MAC-KD5,MAC-KD5,1
11549046,26062908363438VCSK5D2US-01,MAC-CP5,MAC-CP5,1
11549046,26062908363438VCSK5D2US-DO,MAC-CP5,MAC-CP5,1
11549046,26062908392947IKD8VV9R-01,MAC-KD5,MAC-KD5,1
11549046,26062908392947IKD8VV9R-DO,MAC-KD5,MAC-KD5,1
11549046,26062908392947KYNYLF7WE6-01,MAC-KD5,MAC-KD5,1
11549046,26062908392947KYNYLF7WE6-DO,MAC-KD5,MAC-KD5,1
11549046,26062908432124CBFDWHUMH-01,MAC-CB5,MAC-CB5,1
11549046,26062908432124CBFDWHUMH-DO,MAC-CB5,MAC-CB5,1
11549046,260629084414953FYNJHZBMD-01,MAC-CB5,MAC-CB5,1
11549046,260629084414953FYNJHZBMD-DO,MAC-CB5,MAC-CB5,1
11549046,26062908441495PXSPIWEY2-01,MAC-CB5,MAC-CB5,1
11549046,26062908441495PXSPIWEY2-DO,MAC-CB5,MAC-CB5,1
11549046,260629090347291TACZPVPO-01,MAC-KD5,MAC-KD5,1
11549046,260629090347291TACZPVPO-DO,MAC-KD5,MAC-KD5,1
11549046,26062909034729EEQTWKVZY3-01,MAC-KD5,MAC-KD5,1
11549046,26062909034729EEQTWKVZY3-DO,MAC-KD5,MAC-KD5,1
11549046,26062909082545CDXP0UFNT-01,MAC-CB5,MAC-CB5,1
11549046,26062909082545CDXP0UFNT-02,MAC-CB5,MAC-CB5,1
11549046,26062909082545CDXP0UFNT-DO,MAC-CB5,MAC-CB5,1
11549046,26062909110391GGXE2PBP4S-01,MAC-KD5,MAC-KD5,1
11549046,26062909110391GGXE2PBP4S-DO,MAC-KD5,MAC-KD5,1
11549046,26062909110391GSGGULZV5-01,MAC-KD5,MAC-KD5,1
11549046,26062909110391GSGGULZV5-DO,MAC-KD5,MAC-KD5,1
11549046,26062909110391PCDYPJHBY-01,MAC-KD5,MAC-KD5,1
11549046,26062909110391PCDYPJHBY-DO,MAC-KD5,MAC-KD5,1
11549046,26062909110391YTR80USVOT-01,MAC-KD5,MAC-KD5,1
11549046,26062909110391YTR80USVOT-DO,MAC-KD5,MAC-KD5,1
11549046,260629091142601IXHOQN7Y-01,MAC-KD5,MAC-KD5,1
11549046,260629091142601IXHOQN7Y-DO,MAC-KD5,MAC-KD5,1
11549046,26062909114260ECFG5GPCFY-01,MAC-KD5,MAC-KD5,1
11549046,26062909114260ECFG5GPCFY-DO,MAC-KD5,MAC-KD5,1
11549046,26062909114260GBIAAD7U-01,MAC-KD5,MAC-KD5,1
11549046,26062909114260GBIAAD7U-DO,MAC-KD5,MAC-KD5,1
11549046,26062909214007ASXRQAP4N-01,MAC-CB5,MAC-CB5,1
11549046,26062909214007ASXRQAP4N-DO,MAC-CB5,MAC-CB5,1
11549046,26062909214007HI7COZZUUC-01,MAC-CB5,MAC-CB5,1
11549046,26062909214007HI7COZZUUC-DO,MAC-CB5,MAC-CB5,1
11549046,26062909242364QBKKQ5PC-01,MAC-CB5,MAC-CB5,1
11549046,26062909242364QBKKQ5PC-02,MAC-CB5,MAC-CB5,1
11549046,26062909242364QBKKQ5PC-03,MAC-CB5,MAC-CB5,1
11549046,26062909242364QBKKQ5PC-DO,MAC-CB5,MAC-CB5,1
11549046,26062909290499ER6IRWHNTV-01,MAC-CB5,MAC-CB5,1
11549046,26062909290499ER6IRWHNTV-DO,MAC-CB5,MAC-CB5,1
11549046,26062909290499JQWZCEOSO-01,MAC-CB5,MAC-CB5,1
11549046,26062909290499JQWZCEOSO-DO,MAC-CB5,MAC-CB5,1
11549046,260629093644887HVXLPAYQ-01,MAC-KD5,MAC-KD5,1
11549046,260629093644887HVXLPAYQ-DO,MAC-KD5,MAC-KD5,1
11549046,26062909364488ICV77NLBLJ-01,MAC-KD5,MAC-KD5,1
11549046,26062909364488ICV77NLBLJ-DO,MAC-KD5,MAC-KD5,1
11549046,260629094006438BXF8PIM-01,MAC-CB5,MAC-CB5,1
11549046,260629094006438BXF8PIM-02,MAC-CB5,MAC-CB5,1
11549046,260629094006438BXF8PIM-DO,MAC-CB5,MAC-CB5,1
11549046,26062909400643EEYMFJQH-01,MAC-CB5,MAC-CB5,1
11549046,26062909400643EEYMFJQH-DO,MAC-CB5,MAC-CB5,1
11549046,260629094640751ER9LR6UW-01,MAC-KD5,MAC-KD5,1
11549046,260629094640751ER9LR6UW-DO,MAC-KD5,MAC-KD5,1
11549046,26062909464075HKKJQZBHMS-01,MAC-KD5,MAC-KD5,1
11549046,26062909464075HKKJQZBHMS-DO,MAC-KD5,MAC-KD5,1
11549046,260629095711022CI3OJDL5-01,MAC-KM5,MAC-KM5,1
11549046,260629095711022CI3OJDL5-DO,MAC-KM5,MAC-KM5,1
11549046,26062910013863HW5RNM5I-01,MAC-KD5,MAC-KD5,1
11549046,26062910013863HW5RNM5I-DO,MAC-KD5,MAC-KD5,1
11549046,26062910013863JBDEBRZYD-01,MAC-KD5,MAC-KD5,1
11549046,26062910013863JBDEBRZYD-DO,MAC-KD5,MAC-KD5,1
11549046,26062910024465GOTHSM8G-01,MAC-CB5,MAC-CB5,1
11549046,26062910024465GOTHSM8G-DO,MAC-CB5,MAC-CB5,1
11549046,260629100452115TRJDRG55-01,MAC-KD5,MAC-KD5,1
11549046,260629100452115TRJDRG55-02,MAC-KD5,MAC-KD5,1
11549046,260629100452115TRJDRG55-DO,MAC-KD5,MAC-KD5,1
11549046,26062910121345NO2WJORLP-01,MAC-KD5,MAC-KD5,1
11549046,26062910121345NO2WJORLP-02,MAC-KD5,MAC-KD5,1
11549046,26062910121345NO2WJORLP-DO,MAC-KD5,MAC-KD5,1
11549046,26062910180755V6D6DRB7O-01,MAC-CP5,MAC-CP5,1
11549046,26062910180755V6D6DRB7O-DO,MAC-CP5,MAC-CP5,1
11549046,26062910321427UWUSWZS0-01,MAC-KD5,MAC-KD5,1
11549046,26062910321427UWUSWZS0-DO,MAC-KD5,MAC-KD5,1
11549046,26062910321428WGPT6SZM4H-01,MAC-KD5,MAC-KD5,1
11549046,26062910321428WGPT6SZM4H-DO,MAC-KD5,MAC-KD5,1
11549046,26062910351301WLPEWAWNC-01,MAC-CB5,MAC-CB5,1
11549046,26062910351301WLPEWAWNC-DO,MAC-CB5,MAC-CB5,1
11549046,26062910351301X6QWY6YD-01,MAC-CB5,MAC-CB5,1
11549046,26062910351301X6QWY6YD-DO,MAC-CB5,MAC-CB5,1
11549046,26062910380182AXO1AFIFK4-01,MAC-CB5,MAC-CB5,1
11549046,26062910380182AXO1AFIFK4-DO,MAC-CB5,MAC-CB5,1
11549046,26062910380182XQDHECXHB-01,MAC-CB5,MAC-CB5,1
11549046,26062910380182XQDHECXHB-DO,MAC-CB5,MAC-CB5,1
11549046,260629104410676THIIZ4UE-01,MAC-CB5,MAC-CB5,1
11549046,260629104410676THIIZ4UE-DO,MAC-CB5,MAC-CB5,1
11549046,26062910554396I7ALNSNIPO-01,MAC-KD5,MAC-KD5,1
11549046,26062910554396I7ALNSNIPO-DO,MAC-KD5,MAC-KD5,1
11549046,26062910554396WYABJRM07-01,MAC-KD5,MAC-KD5,1
11549046,26062910554396WYABJRM07-DO,MAC-KD5,MAC-KD5,1
11549046,26062910554488D6CPLGGO-01,MAC-KM5,MAC-KM5,1
11549046,26062910554488D6CPLGGO-DO,MAC-KM5,MAC-KM5,1
11549046,26062910554488PMF1PYMZ5-01,MAC-KM5,MAC-KM5,1
11549046,26062910554488PMF1PYMZ5-DO,MAC-KM5,MAC-KM5,1
11549046,26062910574357R3K1KB0Q-01,MAC-CP5,MAC-CP5,1
11549046,26062910574357R3K1KB0Q-DO,MAC-CP5,MAC-CP5,1
11549046,2606291104549633PHJQUE3-01,MAC-KD5,MAC-KD5,1
11549046,2606291104549633PHJQUE3-DO,MAC-KD5,MAC-KD5,1
11549046,26062911115705AQQZCY53U6-01,MAC-CP5,MAC-CP5,1
11549046,26062911115705AQQZCY53U6-DO,MAC-CP5,MAC-CP5,1
11549046,26062911115705CR8UWN9NM-01,MAC-CP5,MAC-CP5,1
11549046,26062911115705CR8UWN9NM-DO,MAC-CP5,MAC-CP5,1
11549046,26062911115705QJD6RI0GX-01,MAC-CP5,MAC-CP5,1
11549046,26062911115705QJD6RI0GX-02,MAC-CP5,MAC-CP5,1
11549046,26062911115705QJD6RI0GX-DO,MAC-CP5,MAC-CP5,1
11549046,26062911133171D4YCLSRCS-01,MAC-KM5,MAC-KM5,1
11549046,26062911133171D4YCLSRCS-DO,MAC-KM5,MAC-KM5,1
11549046,26062911133171KFMDJBT9J3-01,MAC-KM5,MAC-KM5,1
11549046,26062911133171KFMDJBT9J3-DO,MAC-KM5,MAC-KM5,1
11549046,26062911370302PCAYIFFS-01,MAC-CB5,MAC-CB5,1
11549046,26062911370302PCAYIFFS-DO,MAC-CB5,MAC-CB5,1
11549046,26062911382607ZU6HCEQ6E-01,MAC-KD5,MAC-KD5,1
11549046,26062911382607ZU6HCEQ6E-DO,MAC-KD5,MAC-KD5,1
11549046,26062911465326CQO7GDIKM-01,MAC-KM5,MAC-KM5,1
11549046,26062911465326CQO7GDIKM-DO,MAC-KM5,MAC-KM5,1
11549046,26062911465326WZHXOBR4L9-01,MAC-KM5,MAC-KM5,1
11549046,26062911465326WZHXOBR4L9-DO,MAC-KM5,MAC-KM5,1
11549046,26062911514265KUY0QHR2Q-01,MAC-KD5,MAC-KD5,1
11549046,26062911514265KUY0QHR2Q-DO,MAC-KD5,MAC-KD5,1
11549046,26062911532248EDZCAPX4A-01,MAC-KD5,MAC-KD5,1
11549046,26062911532248EDZCAPX4A-DO,MAC-KD5,MAC-KD5,1
11549046,260629120756669K8XURQN7-01,MAC-KM5,MAC-KM5,1
11549046,260629120756669K8XURQN7-DO,MAC-KM5,MAC-KM5,1
11549046,26062912075666CRIL1WDIZ-01,MAC-KM5,MAC-KM5,1
11549046,26062912075666CRIL1WDIZ-DO,MAC-KM5,MAC-KM5,1
11549046,26062912075666I4HCONJL-01,MAC-KM5,MAC-KM5,1
11549046,26062912075666I4HCONJL-DO,MAC-KM5,MAC-KM5,1
11549046,260629121619422WOXDEFB1-01,MAC-KM5,MAC-KM5,1
11549046,260629121619422WOXDEFB1-DO,MAC-KM5,MAC-KM5,1
11549046,26062912214220LBP1S9VMT1-01,MAC-CB5,MAC-CB5,1
11549046,26062912214220LBP1S9VMT1-DO,MAC-CB5,MAC-CB5,1
11549046,26062912214220N4LNXKFU-01,MAC-CB5,MAC-CB5,1
11549046,26062912214220N4LNXKFU-DO,MAC-CB5,MAC-CB5,1
11549046,26062912222664WKQF8TIIRX-01,MAC-CB5,MAC-CB5,1
11549046,26062912222664WKQF8TIIRX-02,MAC-CB5,MAC-CB5,1
11549046,26062912222664WKQF8TIIRX-DO,MAC-CB5,MAC-CB5,1
11549046,26062912222664WU8C4IWHA-01,MAC-CB5,MAC-CB5,1
11549046,26062912222664WU8C4IWHA-02,MAC-CB5,MAC-CB5,1
11549046,26062912222664WU8C4IWHA-DO,MAC-CB5,MAC-CB5,1
11549046,26062912222664YJQ8VXVZ2-01,MAC-CB5,MAC-CB5,1
11549046,26062912222664YJQ8VXVZ2-DO,MAC-CB5,MAC-CB5,1
11549046,26062912222664ZKF79RDC1-01,MAC-CB5,MAC-CB5,1
11549046,26062912222664ZKF79RDC1-DO,MAC-CB5,MAC-CB5,1
11549046,2606291224521429XEPZYS1-01,MAC-CB5,MAC-CB5,1
11549046,2606291224521429XEPZYS1-DO,MAC-CB5,MAC-CB5,1
11549046,260629122759624BMRARSFK-01,MAC-KD5,MAC-KD5,1
11549046,260629122759624BMRARSFK-DO,MAC-KD5,MAC-KD5,1
11549046,26062912275962BOKXMSBMRQ-01,MAC-KD5,MAC-KD5,1
11549046,26062912275962BOKXMSBMRQ-DO,MAC-KD5,MAC-KD5,1
11549046,26062912275962UM96S29UUQ-01,MAC-KD5,MAC-KD5,1
11549046,26062912275962UM96S29UUQ-DO,MAC-KD5,MAC-KD5,1
11549046,26062912285211BWWRKMV6X-01,MAC-CB5,MAC-CB5,1
11549046,26062912285211BWWRKMV6X-DO,MAC-CB5,MAC-CB5,1
11549046,26062912285212AEFDTDJ1KZ-01,MAC-CB5,MAC-CB5,1
11549046,26062912285212AEFDTDJ1KZ-02,MAC-CB5,MAC-CB5,1
11549046,26062912285212AEFDTDJ1KZ-DO,MAC-CB5,MAC-CB5,1
11549046,260629122933633CKMZX8ZUG-01,MAC-CB5,MAC-CB5,1
11549046,260629122933633CKMZX8ZUG-DO,MAC-CB5,MAC-CB5,1
11549046,26062912293363HPWV0SIE5-01,MAC-CB5,MAC-CB5,1
11549046,26062912293363HPWV0SIE5-DO,MAC-CB5,MAC-CB5,1
11549046,26062912341998VEOVNEBPX-01,MAC-CB5,MAC-CB5,1
11549046,26062912341998VEOVNEBPX-DO,MAC-CB5,MAC-CB5,1
11549046,26062912352141AHUUNSHRH-01,MAC-CB5,MAC-CB5,1
11549046,26062912352141AHUUNSHRH-02,MAC-CB5,MAC-CB5,1
11549046,26062912352141AHUUNSHRH-DO,MAC-CB5,MAC-CB5,1
11549046,26062912352245JBEDFNVUBN-01,MAC-KD5,MAC-KD5,1
11549046,26062912352245JBEDFNVUBN-DO,MAC-KD5,MAC-KD5,1
11549046,26062912352245YJTRMHOGH-01,MAC-KD5,MAC-KD5,1
11549046,26062912352245YJTRMHOGH-DO,MAC-KD5,MAC-KD5,1
11549046,260629123602519OIHGBGH-01,MAC-CB5,MAC-CB5,1
11549046,260629123602519OIHGBGH-DO,MAC-CB5,MAC-CB5,1
11549046,260629124147457EY3SAVCN-01,MAC-KD5,MAC-KD5,1
11549046,260629124147457EY3SAVCN-DO,MAC-KD5,MAC-KD5,1
11549046,26062912430109EOEYMRPSW-01,MAC-KM5,MAC-KM5,1
11549046,26062912430109EOEYMRPSW-DO,MAC-KM5,MAC-KM5,1
11549046,26062912474436AB1PPMX2YF-01,MAC-KD5,MAC-KD5,1
11549046,26062912474436AB1PPMX2YF-DO,MAC-KD5,MAC-KD5,1
11549046,26062912474436RX5RXXCJ-01,MAC-KD5,MAC-KD5,1
11549046,26062912474436RX5RXXCJ-DO,MAC-KD5,MAC-KD5,1
11549046,26062912521335Y6F2X6QMS-01,MAC-KD5,MAC-KD5,1
11549046,26062912521335Y6F2X6QMS-DO,MAC-KD5,MAC-KD5,1
11549046,26062912545710VVSGNVCNX-01,MAC-KM5,MAC-KM5,1
11549046,26062912545710VVSGNVCNX-DO,MAC-KM5,MAC-KM5,1
11549046,26062912560216QIPKOYEJ4-01,MAC-KD5,MAC-KD5,1
11549046,26062912560216QIPKOYEJ4-DO,MAC-KD5,MAC-KD5,1
11549046,26062913021860HNDCGXSM2-01,MAC-KD5,MAC-KD5,1
11549046,26062913021860HNDCGXSM2-DO,MAC-KD5,MAC-KD5,1
11549046,260629130232099QGTP1IGC-01,MAC-KM5,MAC-KM5,1
11549046,260629130232099QGTP1IGC-DO,MAC-KM5,MAC-KM5,1
11549046,2606291307553987DJNEICA-01,MAC-CB5,MAC-CB5,1
11549046,2606291307553987DJNEICA-DO,MAC-CB5,MAC-CB5,1
11549046,26062913075539ZTGNYOVMW-01,MAC-CB5,MAC-CB5,1
11549046,26062913075539ZTGNYOVMW-DO,MAC-CB5,MAC-CB5,1
11549046,26062913101902HDDYFKJ3X-01,MAC-KM5,MAC-KM5,1
11549046,26062913101902HDDYFKJ3X-DO,MAC-KM5,MAC-KM5,1
11549046,260629131713777MIOVZOJF-01,MAC-KM5,MAC-KM5,1
11549046,260629131713777MIOVZOJF-DO,MAC-KM5,MAC-KM5,1
11549046,260629132606300MEIHCQN9-01,MAC-KM5,MAC-KM5,1
11549046,260629132606300MEIHCQN9-DO,MAC-KM5,MAC-KM5,1
11549046,26062913264678NJHUJYZKMA-01,MAC-KD5,MAC-KD5,1
11549046,26062913264678NJHUJYZKMA-DO,MAC-KD5,MAC-KD5,1
11549046,26062913264678U93X6GB5F-01,MAC-KD5,MAC-KD5,1
11549046,26062913264678U93X6GB5F-DO,MAC-KD5,MAC-KD5,1
11549046,26062913411073A2AYHALVF-01,MAC-KM5,MAC-KM5,1
11549046,26062913411073A2AYHALVF-DO,MAC-KM5,MAC-KM5,1
11549046,26062913430815QEQYFSRSG-01,MAC-KM5,MAC-KM5,1
11549046,26062913430815QEQYFSRSG-DO,MAC-KM5,MAC-KM5,1
11549046,26062913452103TQRET5KU-01,MAC-KM5,MAC-KM5,1
11549046,26062913452103TQRET5KU-DO,MAC-KM5,MAC-KM5,1
11549046,26062913452103UES4VFJ3BI-01,MAC-KM5,MAC-KM5,1
11549046,26062913452103UES4VFJ3BI-DO,MAC-KM5,MAC-KM5,1
11549046,26062913452103XKOICAQG-01,MAC-KM5,MAC-KM5,1
11549046,26062913452103XKOICAQG-DO,MAC-KM5,MAC-KM5,1
11549046,26062913460669C3YH0KLMX-01,MAC-KM5,MAC-KM5,1
11549046,26062913460669C3YH0KLMX-DO,MAC-KM5,MAC-KM5,1
11549046,260629134755567Q7YHCL9V-01,MAC-CB5,MAC-CB5,1
11549046,260629134755567Q7YHCL9V-DO,MAC-CB5,MAC-CB5,1
11549046,260629134927884RJ9QG9D-01,MAC-KD5,MAC-KD5,1
11549046,260629134927884RJ9QG9D-DO,MAC-KD5,MAC-KD5,1
11549046,26062913492788N4NLKBH1Q-01,MAC-KD5,MAC-KD5,1
11549046,26062913492788N4NLKBH1Q-DO,MAC-KD5,MAC-KD5,1
11549046,26062913492789KAYOAU7A-01,MAC-KD5,MAC-KD5,1
11549046,26062913492789KAYOAU7A-DO,MAC-KD5,MAC-KD5,1
11549046,26062913504753AW7DPPVL-01,MAC-KM5,MAC-KM5,1
11549046,26062913504753AW7DPPVL-DO,MAC-KM5,MAC-KM5,1
11549046,26062914025886IN7686PVA-01,MAC-KD5,MAC-KD5,1
11549046,26062914025886IN7686PVA-DO,MAC-KD5,MAC-KD5,1
11549046,26062914025886IYDG4FPB7R-01,MAC-KD5,MAC-KD5,1
11549046,26062914025886IYDG4FPB7R-DO,MAC-KD5,MAC-KD5,1
11549046,26062914064213SBQYWHBZV-01,MAC-CP5,MAC-CP5,1
11549046,26062914064213SBQYWHBZV-DO,MAC-CP5,MAC-CP5,1
11549046,26062914064213UHKGDTQHJ-01,MAC-CP5,MAC-CP5,1
11549046,26062914064213UHKGDTQHJ-DO,MAC-CP5,MAC-CP5,1
11549046,26062914064213WZJNIDDT89-01,MAC-CP5,MAC-CP5,1
11549046,26062914064213WZJNIDDT89-DO,MAC-CP5,MAC-CP5,1
11549046,26062914095483PRKCC3KZP-01,MAC-KD5,MAC-KD5,1
11549046,26062914095483PRKCC3KZP-DO,MAC-KD5,MAC-KD5,1
11549046,26062914095483RFJN9AFLI3-01,MAC-KD5,MAC-KD5,1
11549046,26062914095483RFJN9AFLI3-DO,MAC-KD5,MAC-KD5,1
11549046,260629142059077F7AXRFOS-01,MAC-CP5,MAC-CP5,1
11549046,260629142059077F7AXRFOS-DO,MAC-CP5,MAC-CP5,1
11549046,26062914205907DFQUXHFN-01,MAC-CP5,MAC-CP5,1
11549046,26062914205907DFQUXHFN-DO,MAC-CP5,MAC-CP5,1
11549046,26062914205907PYHBSCE1Y-01,MAC-CP5,MAC-CP5,1
11549046,26062914205907PYHBSCE1Y-DO,MAC-CP5,MAC-CP5,1
11549046,2606291430569214JGUDZO-01,MAC-KD5,MAC-KD5,1
11549046,2606291430569214JGUDZO-DO,MAC-KD5,MAC-KD5,1
11549046,26062914305692N6GIQ0WNJF-01,MAC-KD5,MAC-KD5,1
11549046,26062914305692N6GIQ0WNJF-DO,MAC-KD5,MAC-KD5,1
11549046,26062914320637MCJNWJ6RJY-01,MAC-KM5,MAC-KM5,1
11549046,26062914320637MCJNWJ6RJY-DO,MAC-KM5,MAC-KM5,1
11549046,26062914320637QJVM2FVSK-01,MAC-KM5,MAC-KM5,1
11549046,26062914320637QJVM2FVSK-DO,MAC-KM5,MAC-KM5,1
11549046,26062914323330T4WCPLI3R-01,MAC-KD5,MAC-KD5,1
11549046,26062914323330T4WCPLI3R-DO,MAC-KD5,MAC-KD5,1
11549046,26062914372715EXXDOHOYO-01,MAC-KD5,MAC-KD5,1
11549046,26062914372715EXXDOHOYO-DO,MAC-KD5,MAC-KD5,1
11549046,26062914372715YDGYUKLZTC-01,MAC-KD5,MAC-KD5,1
11549046,26062914372715YDGYUKLZTC-DO,MAC-KD5,MAC-KD5,1
11549046,26062914451802FY8KC1IRM2-01,MAC-KD5,MAC-KD5,1
11549046,26062914451802FY8KC1IRM2-DO,MAC-KD5,MAC-KD5,1
11549046,26062914451802ZTJIMOATL-01,MAC-KD5,MAC-KD5,1
11549046,26062914451802ZTJIMOATL-DO,MAC-KD5,MAC-KD5,1
11549046,26062914453056WDABFNYHQ-01,MAC-KD5,MAC-KD5,1
11549046,26062914453056WDABFNYHQ-DO,MAC-KD5,MAC-KD5,1
11549046,26062914453157XDBTA8AG-01,MAC-KD5,MAC-KD5,1
11549046,26062914453157XDBTA8AG-DO,MAC-KD5,MAC-KD5,1
11549046,26062914455697ACNRIFWLS-01,MAC-KM5,MAC-KM5,1
11549046,26062914455697ACNRIFWLS-DO,MAC-KM5,MAC-KM5,1
11549046,26062914480461BYL5WGXAO6-01,MAC-KD5,MAC-KD5,1
11549046,26062914480461BYL5WGXAO6-DO,MAC-KD5,MAC-KD5,1
11549046,26062914480461NIXW2SN3K-01,MAC-KD5,MAC-KD5,1
11549046,26062914480461NIXW2SN3K-DO,MAC-KD5,MAC-KD5,1
11549046,26062914484162HOC5275DX-01,MAC-KD5,MAC-KD5,1
11549046,26062914484162HOC5275DX-DO,MAC-KD5,MAC-KD5,1
11549046,26062914484162TU3P9OKL3-01,MAC-KD5,MAC-KD5,1
11549046,26062914484162TU3P9OKL3-DO,MAC-KD5,MAC-KD5,1
11549046,2606291451068505VUXFZRW-01,MAC-KD5,MAC-KD5,1
11549046,2606291451068505VUXFZRW-DO,MAC-KD5,MAC-KD5,1
11549046,26062914510685XYRJIKPLR-01,MAC-KD5,MAC-KD5,1
11549046,26062914510685XYRJIKPLR-DO,MAC-KD5,MAC-KD5,1
11549046,260629151346559CHBVI234-01,MAC-KD5,MAC-KD5,1
11549046,260629151346559CHBVI234-DO,MAC-KD5,MAC-KD5,1
11549046,26062915184578DRRBDUOJ1-01,MAC-KD5,MAC-KD5,1
11549046,26062915184578DRRBDUOJ1-DO,MAC-KD5,MAC-KD5,1
11549046,26062915231882BKB2LN7AO-01,MAC-KD5,MAC-KD5,1
11549046,26062915231882BKB2LN7AO-DO,MAC-KD5,MAC-KD5,1
11549046,26062915231882JR3UG3E3OE-01,MAC-KD5,MAC-KD5,1
11549046,26062915231882JR3UG3E3OE-DO,MAC-KD5,MAC-KD5,1
11549046,26062915344159FITPBKVP-01,MAC-KD5,MAC-KD5,1
11549046,26062915344159FITPBKVP-DO,MAC-KD5,MAC-KD5,1
11549046,26062915344198VOUXVZIBV-01,MAC-CB5,MAC-CB5,1
11549046,26062915344198VOUXVZIBV-DO,MAC-CB5,MAC-CB5,1
11549046,26062915345320I3PBR8EX1-01,MAC-KM5,MAC-KM5,1
11549046,26062915345320I3PBR8EX1-DO,MAC-KM5,MAC-KM5,1
11549046,26062915345320LZS6MM3MEH-01,MAC-KM5,MAC-KM5,1
11549046,26062915345320LZS6MM3MEH-DO,MAC-KM5,MAC-KM5,1
11549046,26062915555900KOMVO7HPHO-01,MAC-KM5,MAC-KM5,1
11549046,26062915555900KOMVO7HPHO-02,MAC-KM5,MAC-KM5,1
11549046,26062915555900KOMVO7HPHO-DO,MAC-KM5,MAC-KM5,1
11549046,26062916275318A0CSHJGLKE-01,MAC-CP5,MAC-CP5,1
11549046,26062916275318A0CSHJGLKE-DO,MAC-CP5,MAC-CP5,1
11549046,26062916275318EA4UM6PEYI-01,MAC-CP5,MAC-CP5,1
11549046,26062916275318EA4UM6PEYI-DO,MAC-CP5,MAC-CP5,1
11549046,26062916275318IGWALBDHL-01,MAC-CP5,MAC-CP5,1
11549046,26062916275318IGWALBDHL-DO,MAC-CP5,MAC-CP5,1
11549046,260629163001491P2LB9VXMR-01,MAC-KD5,MAC-KD5,1
11549046,260629163001491P2LB9VXMR-DO,MAC-KD5,MAC-KD5,1
11549046,26062916300149KZC0JQ6KI-01,MAC-KD5,MAC-KD5,1
11549046,26062916300149KZC0JQ6KI-DO,MAC-KD5,MAC-KD5,1
11549046,260629164511490TGOPH0WRR-01,MAC-CP5,MAC-CP5,1
11549046,260629164511490TGOPH0WRR-DO,MAC-CP5,MAC-CP5,1
11549046,260629164511493KAHEBCCJC-01,MAC-CP5,MAC-CP5,1
11549046,260629164511493KAHEBCCJC-DO,MAC-CP5,MAC-CP5,1
11549046,26062916451149E6BDBAP6M-01,MAC-CP5,MAC-CP5,1
11549046,26062916451149E6BDBAP6M-02,MAC-CP5,MAC-CP5,1
11549046,26062916451149E6BDBAP6M-DO,MAC-CP5,MAC-CP5,1
11549046,26062918291631DE7SHOGZG-01,MAC-KD5,MAC-KD5,1
11549046,26062918291631DE7SHOGZG-DO,MAC-KD5,MAC-KD5,1
11549046,26062918291631SEHQEDAI6Y-01,MAC-KD5,MAC-KD5,1
11549046,26062918291631SEHQEDAI6Y-DO,MAC-KD5,MAC-KD5,1
11549046,26062918291632BN4EB4TAJ-01,MAC-KD5,MAC-KD5,1
11549046,26062918291632BN4EB4TAJ-DO,MAC-KD5,MAC-KD5,1
11549046,26062918291632TELSTRGLCQ-01,MAC-KD5,MAC-KD5,1
11549046,26062918291632TELSTRGLCQ-DO,MAC-KD5,MAC-KD5,1
11549046,260629185438918PAWHUOAY-01,MAC-KD5,MAC-KD5,1
11549046,260629185438918PAWHUOAY-02,MAC-KD5,MAC-KD5,1
11549046,260629185438918PAWHUOAY-DO,MAC-KD5,MAC-KD5,1
11549046,26062918543891OP7UOCIV37-01,MAC-KD5,MAC-KD5,1
11549046,26062918543891OP7UOCIV37-DO,MAC-KD5,MAC-KD5,1
11549046,26062918543892PXX8YNFWWA-01,MAC-KD5,MAC-KD5,1
11549046,26062918543892PXX8YNFWWA-DO,MAC-KD5,MAC-KD5,1
11549046,26062918543892WEBQZJS4FG-01,MAC-KD5,MAC-KD5,1
11549046,26062918543892WEBQZJS4FG-02,MAC-KD5,MAC-KD5,1
11549046,26062918543892WEBQZJS4FG-03,MAC-KD5,MAC-KD5,1
11549046,26062918543892WEBQZJS4FG-DO,MAC-KD5,MAC-KD5,1
11549046,26062922200715RFFIIUSWJW-01,MAC-KD5,MAC-KD5,1
11549046,26062922200715RFFIIUSWJW-DO,MAC-KD5,MAC-KD5,1
11549046,26062922200715TFSXA4LKP-01,MAC-KD5,MAC-KD5,1
11549046,26062922200715TFSXA4LKP-DO,MAC-KD5,MAC-KD5,1
11549046,26062922362594GU51EQNSU-01,MAC-KD5,MAC-KD5,1
11549046,26062922362594GU51EQNSU-DO,MAC-KD5,MAC-KD5,1
11549046,26062922505377FZDTRN1M-01,MAC-KD5,MAC-KD5,1
11549046,26062922505377FZDTRN1M-DO,MAC-KD5,MAC-KD5,1
11549046,26062923040110YR635MADV-01,MAC-KD5,MAC-KD5,1
11549046,26062923040110YR635MADV-DO,MAC-KD5,MAC-KD5,1
11549046,26062923040111FIX68WF72Z-01,MAC-KD5,MAC-KD5,1
11549046,26062923040111FIX68WF72Z-DO,MAC-KD5,MAC-KD5,1
11549046,26062923051648FBW3HGHBQ-01,MAC-CB5,MAC-CB5,1
11549046,26062923051648FBW3HGHBQ-02,MAC-CB5,MAC-CB5,1
11549046,26062923051648FBW3HGHBQ-DO,MAC-CB5,MAC-CB5,1
11549046,260629230657546EA3LKYCM-01,MAC-KD5,MAC-KD5,1
11549046,260629230657546EA3LKYCM-DO,MAC-KD5,MAC-KD5,1
11549046,26062923101335TFSB6WD93-01,MAC-KM5,MAC-KM5,1
11549046,26062923101335TFSB6WD93-DO,MAC-KM5,MAC-KM5,1
11549046,26062923101335U2B9BLIKE6-01,MAC-KM5,MAC-KM5,1
11549046,26062923101335U2B9BLIKE6-02,MAC-KM5,MAC-KM5,1
11549046,26062923101335U2B9BLIKE6-DO,MAC-KM5,MAC-KM5,1
11549046,26062923151770NGDXBBDXN-01,MAC-KM5,MAC-KM5,1
11549046,26062923151770NGDXBBDXN-DO,MAC-KM5,MAC-KM5,1
11549046,260629231929987CXZE9NH-01,MAC-KM5,MAC-KM5,1
11549046,260629231929987CXZE9NH-DO,MAC-KM5,MAC-KM5,1
11549046,260629231929988RVTAAIP57-01,MAC-KM5,MAC-KM5,1
11549046,260629231929988RVTAAIP57-DO,MAC-KM5,MAC-KM5,1
11549046,26062923244016FJPXHTNT0Y-01,MAC-KM5,MAC-KM5,1
11549046,26062923244016FJPXHTNT0Y-DO,MAC-KM5,MAC-KM5,1
11549046,26062923244016QLX6GHBT1K-01,MAC-KM5,MAC-KM5,1
11549046,26062923244016QLX6GHBT1K-DO,MAC-KM5,MAC-KM5,1
11549046,26062923244016ZECDMEFQH-01,MAC-KM5,MAC-KM5,1
11549046,26062923244016ZECDMEFQH-DO,MAC-KM5,MAC-KM5,1
11549046,26062923293127QPT7WUBUM-01,MAC-KM5,MAC-KM5,1
11549046,26062923293127QPT7WUBUM-DO,MAC-KM5,MAC-KM5,1
11549046,260629234218394MUBBIVK2-01,MAC-KM5,MAC-KM5,1
11549046,260629234218394MUBBIVK2-DO,MAC-KM5,MAC-KM5,1
11549046,26062923421840CRAC3OXBPJ-01,MAC-KM5,MAC-KM5,1
11549046,26062923421840CRAC3OXBPJ-02,MAC-KM5,MAC-KM5,1
11549046,26062923421840CRAC3OXBPJ-DO,MAC-KM5,MAC-KM5,1
11549046,2606292354201641UG8QQZBB-01,MAC-KM5,MAC-KM5,1
11549046,2606292354201641UG8QQZBB-DO,MAC-KM5,MAC-KM5,1
11549046,26062923542016DCUP77XYA-01,MAC-KM5,MAC-KM5,1
11549046,26062923542016DCUP77XYA-DO,MAC-KM5,MAC-KM5,1
11549046,26062923542016FAVGSA4P9I-01,MAC-KM5,MAC-KM5,1
11549046,26062923542016FAVGSA4P9I-02,MAC-KM5,MAC-KM5,1
11549046,26062923542016FAVGSA4P9I-DO,MAC-KM5,MAC-KM5,1
11549046,26063000025553J5XZURHXJ-01,MAC-KM5,MAC-KM5,1
11549046,26063000025553J5XZURHXJ-02,MAC-KM5,MAC-KM5,1
11549046,26063000025553J5XZURHXJ-DO,MAC-KM5,MAC-KM5,1
11549046,260630001006865CVNXNMN4-01,MAC-KM5,MAC-KM5,1
11549046,260630001006865CVNXNMN4-DO,MAC-KM5,MAC-KM5,1
11549046,26063000170706ZDIXKKXM-01,MAC-KM5,MAC-KM5,1
11549046,26063000170706ZDIXKKXM-02,MAC-KM5,MAC-KM5,1
11549046,26063000170706ZDIXKKXM-03,MAC-KM5,MAC-KM5,1
11549046,26063000170706ZDIXKKXM-DO,MAC-KM5,MAC-KM5,1
11549046,260630001821001OYYZK94XM-01,MAC-KD5,MAC-KD5,1
11549046,260630001821001OYYZK94XM-DO,MAC-KD5,MAC-KD5,1
11549046,260630001821009RHOR2Q7-01,MAC-KD5,MAC-KD5,1
11549046,260630001821009RHOR2Q7-DO,MAC-KD5,MAC-KD5,1
11549046,26063000211533AKP5I1SWI-01,MAC-KD5,MAC-KD5,1
11549046,26063000211533AKP5I1SWI-DO,MAC-KD5,MAC-KD5,1
11549046,26063000211533HMP0LVZFU-01,MAC-KD5,MAC-KD5,1
11549046,26063000211533HMP0LVZFU-DO,MAC-KD5,MAC-KD5,1
11549046,26063000221371BT8RQPL4I-01,MAC-KD5,MAC-KD5,1
11549046,26063000221371BT8RQPL4I-DO,MAC-KD5,MAC-KD5,1
11549046,26063000263077V0DVZZKY-01,MAC-KD5,MAC-KD5,1
11549046,26063000263077V0DVZZKY-DO,MAC-KD5,MAC-KD5,1
11549046,26063000283638FBNYJJM03-01,MAC-KM5,MAC-KM5,1
11549046,26063000283638FBNYJJM03-DO,MAC-KM5,MAC-KM5,1
11549046,26063000283638HJUREVJFC-01,MAC-KM5,MAC-KM5,1
11549046,26063000283638HJUREVJFC-DO,MAC-KM5,MAC-KM5,1
11549046,26063000283638YGBKR5MNUC-01,MAC-KM5,MAC-KM5,1
11549046,26063000283638YGBKR5MNUC-DO,MAC-KM5,MAC-KM5,1
11549046,26063000341324YIVPMRGXH-01,MAC-KM5,MAC-KM5,1
11549046,26063000341324YIVPMRGXH-DO,MAC-KM5,MAC-KM5,1
11549046,260630004031837QM7S4J6X-01,MAC-KM5,MAC-KM5,1
11549046,260630004031837QM7S4J6X-DO,MAC-KM5,MAC-KM5,1
11549046,26063000403183VUYTONYKUL-01,MAC-KM5,MAC-KM5,1
11549046,26063000403183VUYTONYKUL-DO,MAC-KM5,MAC-KM5,1
11549046,26063000443644CBDKDYXWGQ-01,MAC-KM5,MAC-KM5,1
11549046,26063000443644CBDKDYXWGQ-DO,MAC-KM5,MAC-KM5,1
11549046,26063000443644KVE1TNRC-01,MAC-KM5,MAC-KM5,1
11549046,26063000443644KVE1TNRC-DO,MAC-KM5,MAC-KM5,1
11549046,26063000474182RNTENPNR-01,MAC-KD5,MAC-KD5,1
11549046,26063000474182RNTENPNR-02,MAC-KD5,MAC-KD5,1
11549046,26063000474182RNTENPNR-03,MAC-KD5,MAC-KD5,1
11549046,26063000474182RNTENPNR-DO,MAC-KD5,MAC-KD5,1
11549046,26063000480540JWZSXA6F-01,MAC-KM5,MAC-KM5,1
11549046,26063000480540JWZSXA6F-DO,MAC-KM5,MAC-KM5,1
11549046,26063000575882BGW6ICZ8-01,MAC-KD5,MAC-KD5,1
11549046,26063000575882BGW6ICZ8-DO,MAC-KD5,MAC-KD5,1
11549046,26063001103389K2WMPRWV4-01,MAC-KD5,MAC-KD5,1
11549046,26063001103389K2WMPRWV4-DO,MAC-KD5,MAC-KD5,1
11549046,26063001103389OGWBHW1MD5-01,MAC-KD5,MAC-KD5,1
11549046,26063001103389OGWBHW1MD5-DO,MAC-KD5,MAC-KD5,1
11549046,26063001103389RJBWG00W5U-01,MAC-KD5,MAC-KD5,1
11549046,26063001103389RJBWG00W5U-DO,MAC-KD5,MAC-KD5,1
11549046,26063001103671FI9JXKK83-01,MAC-CP5,MAC-CP5,1
11549046,26063001103671FI9JXKK83-DO,MAC-CP5,MAC-CP5,1
11549046,26063001132139QAJLE3JY-01,MAC-KD5,MAC-KD5,1
11549046,26063001132139QAJLE3JY-DO,MAC-KD5,MAC-KD5,1
11549046,26063001140829DPLRDIAE-01,MAC-CB5,MAC-CB5,1
11549046,26063001140829DPLRDIAE-DO,MAC-CB5,MAC-CB5,1
11549046,26063001140829UXLMSGHWS-01,MAC-CB5,MAC-CB5,1
11549046,26063001140829UXLMSGHWS-DO,MAC-CB5,MAC-CB5,1
11549046,260630011732395RFXNIYLU-01,MAC-KD5,MAC-KD5,1
11549046,260630011732395RFXNIYLU-DO,MAC-KD5,MAC-KD5,1
11549046,2606300118137612FDJJWQJ-01,MAC-CB5,MAC-CB5,1
11549046,2606300118137612FDJJWQJ-DO,MAC-CB5,MAC-CB5,1
11549046,26063001181376BFVR1QMZLJ-01,MAC-CB5,MAC-CB5,1
11549046,26063001181376BFVR1QMZLJ-DO,MAC-CB5,MAC-CB5,1
11549046,26063001181376MHXM8B8JOP-01,MAC-CB5,MAC-CB5,1
11549046,26063001181376MHXM8B8JOP-DO,MAC-CB5,MAC-CB5,1
11549046,26063001182112CHF73QMIG-01,MAC-CB5,MAC-CB5,1
11549046,26063001182112CHF73QMIG-DO,MAC-CB5,MAC-CB5,1
11549046,26063001182112D2BFOXQTBQ-01,MAC-CB5,MAC-CB5,1
11549046,26063001182112D2BFOXQTBQ-DO,MAC-CB5,MAC-CB5,1
11549046,26063001182562V9GPGOVQYJ-01,MAC-KD5,MAC-KD5,1
11549046,26063001182562V9GPGOVQYJ-DO,MAC-KD5,MAC-KD5,1
11549046,26063001182562VSQNELB3Y-01,MAC-KD5,MAC-KD5,1
11549046,26063001182562VSQNELB3Y-DO,MAC-KD5,MAC-KD5,1
11549046,26063001195806KNAYTHLBC-01,MAC-KM5,MAC-KM5,1
11549046,26063001195806KNAYTHLBC-DO,MAC-KM5,MAC-KM5,1
11549046,26063001223372QSA1JSOFV-01,MAC-CP5,MAC-CP5,1
11549046,26063001223372QSA1JSOFV-DO,MAC-CP5,MAC-CP5,1
11549046,26063001292851C1A8IMY2P-01,MAC-KM5,MAC-KM5,1
11549046,26063001292851C1A8IMY2P-DO,MAC-KM5,MAC-KM5,1
11549046,26063001302873GA8KMXTZH-01,MAC-CP5,MAC-CP5,1
11549046,26063001302873GA8KMXTZH-DO,MAC-CP5,MAC-CP5,1
11549046,260630013209794WHEIOBTU-01,MAC-CP5,MAC-CP5,1
11549046,260630013209794WHEIOBTU-DO,MAC-CP5,MAC-CP5,1
11549046,26063001320979SJR5BV2QKD-01,MAC-CP5,MAC-CP5,1
11549046,26063001320979SJR5BV2QKD-DO,MAC-CP5,MAC-CP5,1
11549046,260630013244744JPPGGXBP5-01,MAC-KD5,MAC-KD5,1
11549046,260630013244744JPPGGXBP5-DO,MAC-KD5,MAC-KD5,1
11549046,26063001324474EVDNNE5E5-01,MAC-KD5,MAC-KD5,1
11549046,26063001324474EVDNNE5E5-DO,MAC-KD5,MAC-KD5,1
11549046,26063001324794CAB71DH1T-01,MAC-CB5,MAC-CB5,1
11549046,26063001324794CAB71DH1T-DO,MAC-CB5,MAC-CB5,1
11549046,26063001335737BNNYIOZHE-01,MAC-KD5,MAC-KD5,1
11549046,26063001335737BNNYIOZHE-DO,MAC-KD5,MAC-KD5,1
11549046,26063001335737IW9SG2M1C-01,MAC-KD5,MAC-KD5,1
11549046,26063001335737IW9SG2M1C-DO,MAC-KD5,MAC-KD5,1
11549046,26063001360448JLSMRVJBR-01,MAC-CB5,MAC-CB5,1
11549046,26063001360448JLSMRVJBR-DO,MAC-CB5,MAC-CB5,1
11549046,26063001360448XW6K7ANYB-01,MAC-CB5,MAC-CB5,1
11549046,26063001360448XW6K7ANYB-DO,MAC-CB5,MAC-CB5,1
11549046,26063001383569FVTX0EBQ2-01,MAC-KM5,MAC-KM5,1
11549046,26063001383569FVTX0EBQ2-DO,MAC-KM5,MAC-KM5,1
11549046,26063001383954AKENOCSHF1-01,MAC-KM5,MAC-KM5,1
11549046,26063001383954AKENOCSHF1-DO,MAC-KM5,MAC-KM5,1
11549046,26063001383954DIAHZVKMI-01,MAC-KM5,MAC-KM5,1
11549046,26063001383954DIAHZVKMI-DO,MAC-KM5,MAC-KM5,1
11549046,26063001414501CTCQFOSJV-01,MAC-KD5,MAC-KD5,1
11549046,26063001414501CTCQFOSJV-DO,MAC-KD5,MAC-KD5,1
11549046,260630014248276DFE2JMCP-01,MAC-KD5,MAC-KD5,1
11549046,260630014248276DFE2JMCP-DO,MAC-KD5,MAC-KD5,1
11549046,26063001444755VW0AH77A-01,MAC-KD5,MAC-KD5,1
11549046,26063001444755VW0AH77A-DO,MAC-KD5,MAC-KD5,1
11549046,26063001444756RS10NBCUZG-01,MAC-KD5,MAC-KD5,1
11549046,26063001444756RS10NBCUZG-DO,MAC-KD5,MAC-KD5,1
11549046,26063001444756TT4ZVA49IA-01,MAC-KD5,MAC-KD5,1
11549046,26063001444756TT4ZVA49IA-DO,MAC-KD5,MAC-KD5,1
11549046,26063001451338M7YBV8R1-01,MAC-KM5,MAC-KM5,1
11549046,26063001451338M7YBV8R1-DO,MAC-KM5,MAC-KM5,1
11549046,26063001451425SGNHHQ5RB-01,MAC-CB5,MAC-CB5,1
11549046,26063001451425SGNHHQ5RB-DO,MAC-CB5,MAC-CB5,1
11549046,26063001451426RXZSWP8VK-01,MAC-CB5,MAC-CB5,1
11549046,26063001451426RXZSWP8VK-02,MAC-CB5,MAC-CB5,1
11549046,26063001451426RXZSWP8VK-DO,MAC-CB5,MAC-CB5,1
11549046,26063001461350WHMKTVHIL-01,MAC-KD5,MAC-KD5,1
11549046,26063001461350WHMKTVHIL-DO,MAC-KD5,MAC-KD5,1
11549046,260630014734671VBGZM5AZ-01,MAC-KD5,MAC-KD5,1
11549046,260630014734671VBGZM5AZ-DO,MAC-KD5,MAC-KD5,1
11549046,26063001473467RMAWJHZPQA-01,MAC-KD5,MAC-KD5,1
11549046,26063001473467RMAWJHZPQA-DO,MAC-KD5,MAC-KD5,1
11549046,26063001474221NE4P8KYJC-01,MAC-CB5,MAC-CB5,1
11549046,26063001474221NE4P8KYJC-DO,MAC-CB5,MAC-CB5,1
11549046,260630014751714L6N0QROK-01,MAC-CB5,MAC-CB5,1
11549046,260630014751714L6N0QROK-DO,MAC-CB5,MAC-CB5,1
11549046,26063001495259EWX0Z63X-01,MAC-KM5,MAC-KM5,1
11549046,26063001495259EWX0Z63X-DO,MAC-KM5,MAC-KM5,1
11549046,26063001495259PX4LJ5GOP0-01,MAC-KM5,MAC-KM5,1
11549046,26063001495259PX4LJ5GOP0-DO,MAC-KM5,MAC-KM5,1
11549046,26063001554926OUHH3PIBB-01,MAC-KD5,MAC-KD5,1
11549046,26063001554926OUHH3PIBB-DO,MAC-KD5,MAC-KD5,1
11549046,26063001555421FTHV6BBEU-01,MAC-KD5,MAC-KD5,1
11549046,26063001555422M139SB9EK-01,MAC-KD5,MAC-KD5,1
11549046,26063001555422M139SB9EK-DO,MAC-KD5,MAC-KD5,1
11549046,26063001563284OGTZTVH8D-01,MAC-KM5,MAC-KM5,1
11549046,26063001563284OGTZTVH8D-DO,MAC-KM5,MAC-KM5,1
11549046,260630015811244BRDLA77-01,MAC-CB5,MAC-CB5,1
11549046,260630015811244BRDLA77-DO,MAC-CB5,MAC-CB5,1
11549046,260630015938589OGMNNHG7-01,MAC-CB5,MAC-CB5,1
11549046,260630015938589OGMNNHG7-DO,MAC-CB5,MAC-CB5,1
11549046,26063002002437ADEVC24TC-01,MAC-KD5,MAC-KD5,1
11549046,26063002002437ADEVC24TC-DO,MAC-KD5,MAC-KD5,1
11549046,26063002022387FCWD4RBYQ9-01,MAC-CB5,MAC-CB5,1
11549046,26063002022387FCWD4RBYQ9-DO,MAC-CB5,MAC-CB5,1
11549046,26063002022387QX7URVDAK-01,MAC-CB5,MAC-CB5,1
11549046,26063002022387QX7URVDAK-DO,MAC-CB5,MAC-CB5,1
11549046,260630020232363N358YPQOV-01,MAC-KM5,MAC-KM5,1
11549046,260630020232363N358YPQOV-DO,MAC-KM5,MAC-KM5,1
11549046,26063002023236HN1ZXFRCM-01,MAC-KM5,MAC-KM5,1
11549046,26063002023236HN1ZXFRCM-DO,MAC-KM5,MAC-KM5,1
11549046,26063002023236JTKHSMUD-01,MAC-KM5,MAC-KM5,1
11549046,26063002023236JTKHSMUD-DO,MAC-KM5,MAC-KM5,1
11549046,26063002062548LQUS67RMJ-01,MAC-KM5,MAC-KM5,1
11549046,26063002062548LQUS67RMJ-DO,MAC-KM5,MAC-KM5,1
11549046,26063002100219SKJVH8UGV-01,MAC-CB5,MAC-CB5,1
11549046,26063002100219SKJVH8UGV-DO,MAC-CB5,MAC-CB5,1
11549046,260630021056093BFJVRC4L-01,MAC-CP5,MAC-CP5,1
11549046,260630021056093BFJVRC4L-DO,MAC-CP5,MAC-CP5,1
11549046,26063002122515SKPIKGSVO-01,MAC-CB5,MAC-CB5,1
11549046,26063002122515SKPIKGSVO-DO,MAC-CB5,MAC-CB5,1
11549046,26063002122515YTD4U67LH-01,MAC-CB5,MAC-CB5,1
11549046,26063002122515YTD4U67LH-DO,MAC-CB5,MAC-CB5,1
11549046,26063002123585L2XPSWA-01,MAC-KD5,MAC-KD5,1
11549046,26063002123585L2XPSWA-DO,MAC-KD5,MAC-KD5,1
11549046,26063002145238DDRK8KEGXU-01,MAC-KD5,MAC-KD5,1
11549046,26063002145238DDRK8KEGXU-DO,MAC-KD5,MAC-KD5,1
11549046,26063002145238NXQTJFNWP-01,MAC-KD5,MAC-KD5,1
11549046,26063002145238NXQTJFNWP-DO,MAC-KD5,MAC-KD5,1
11549046,260630021623664CEYGVRFW-01,MAC-KD5,MAC-KD5,1
11549046,260630021623664CEYGVRFW-DO,MAC-KD5,MAC-KD5,1
11549046,26063002162366WCSJMONWE5-01,MAC-KD5,MAC-KD5,1
11549046,26063002162366WCSJMONWE5-02,MAC-KD5,MAC-KD5,1
11549046,26063002162366WCSJMONWE5-DO,MAC-KD5,MAC-KD5,1
11549046,26063002180729FAIYNGHIL-01,MAC-KD5,MAC-KD5,1
11549046,26063002180729FAIYNGHIL-DO,MAC-KD5,MAC-KD5,1
11549046,26063002180729OHNMGUW2VO-01,MAC-KD5,MAC-KD5,1
11549046,26063002180729OHNMGUW2VO-DO,MAC-KD5,MAC-KD5,1
11549046,26063002183067OCT6SO53A-01,MAC-KD5,MAC-KD5,1
11549046,26063002183067OCT6SO53A-DO,MAC-KD5,MAC-KD5,1
11549046,26063002183759XREX4FNPQK-01,MAC-KD5,MAC-KD5,1
11549046,26063002183759XREX4FNPQK-DO,MAC-KD5,MAC-KD5,1
11549046,26063002183759YX2T0JCXU-01,MAC-KD5,MAC-KD5,1
11549046,26063002183759YX2T0JCXU-DO,MAC-KD5,MAC-KD5,1
11549046,26063002194661IBAINIRSY-01,MAC-KD5,MAC-KD5,1
11549046,26063002194661IBAINIRSY-DO,MAC-KD5,MAC-KD5,1
11549046,26063002214600KZFCVYGMX-01,MAC-CB5,MAC-CB5,1
11549046,26063002214600KZFCVYGMX-DO,MAC-CB5,MAC-CB5,1
11549046,26063002214601K0EV5XDYGF-01,MAC-CB5,MAC-CB5,1
11549046,26063002214601K0EV5XDYGF-DO,MAC-CB5,MAC-CB5,1
11549046,26063002252227IHHF756FM-01,MAC-CB5,MAC-CB5,1
11549046,26063002252227IHHF756FM-DO,MAC-CB5,MAC-CB5,1
11549046,26063002300765KNLEBPGKE-01,MAC-KM5,MAC-KM5,1
11549046,26063002300765KNLEBPGKE-DO,MAC-KM5,MAC-KM5,1
11549046,26063002323917NFQQ7Z3CR-01,MAC-KD5,MAC-KD5,1
11549046,26063002323917NFQQ7Z3CR-DO,MAC-KD5,MAC-KD5,1
11549046,26063002350013V3FA8ZMG-01,MAC-KM5,MAC-KM5,1
11549046,26063002350013V3FA8ZMG-DO,MAC-KM5,MAC-KM5,1
11549046,260630023500145IUBOXELX-01,MAC-KM5,MAC-KM5,1
11549046,260630023500145IUBOXELX-DO,MAC-KM5,MAC-KM5,1
11549046,26063002373585PMQMWKQNC-01,MAC-KD5,MAC-KD5,1
11549046,26063002373585PMQMWKQNC-DO,MAC-KD5,MAC-KD5,1
11549046,26063002373585QAB7H6ZF-01,MAC-KD5,MAC-KD5,1
11549046,26063002373585QAB7H6ZF-DO,MAC-KD5,MAC-KD5,1
11549046,260630023810703EJFW45SCJ-01,MAC-CP5,MAC-CP5,1
11549046,260630023810703EJFW45SCJ-DO,MAC-CP5,MAC-CP5,1
11549046,26063002381070SXZGKVMUN-01,MAC-CP5,MAC-CP5,1
11549046,26063002381070SXZGKVMUN-02,MAC-CP5,MAC-CP5,1
11549046,26063002381070SXZGKVMUN-DO,MAC-CP5,MAC-CP5,1
11549046,260630023851789UHJFNMC3-01,MAC-KD5,MAC-KD5,1
11549046,260630023851789UHJFNMC3-DO,MAC-KD5,MAC-KD5,1
11549046,26063002401187NMP7S0AMF-01,MAC-KD5,MAC-KD5,1
11549046,26063002401187NMP7S0AMF-DO,MAC-KD5,MAC-KD5,1
11549046,26063002405745FE4DUFSSE-01,MAC-KD5,MAC-KD5,1
11549046,26063002405745FE4DUFSSE-DO,MAC-KD5,MAC-KD5,1
11549046,26063002421621CNXNTOZCXQ-01,MAC-CB5,MAC-CB5,1
11549046,26063002421621CNXNTOZCXQ-DO,MAC-CB5,MAC-CB5,1
11549046,26063002421621MF4WYN2YF-01,MAC-CB5,MAC-CB5,1
11549046,26063002421621MF4WYN2YF-DO,MAC-CB5,MAC-CB5,1
11549046,26063002421621SSYJ7X2W-01,MAC-CB5,MAC-CB5,1
11549046,26063002421621SSYJ7X2W-DO,MAC-CB5,MAC-CB5,1
11549046,26063002421621VJGBJURZQ-01,MAC-CB5,MAC-CB5,1
11549046,26063002421621VJGBJURZQ-DO,MAC-CB5,MAC-CB5,1
11549046,2606300243091682ZKXLO3-01,MAC-KD5,MAC-KD5,1
11549046,2606300243091682ZKXLO3-DO,MAC-KD5,MAC-KD5,1
11549046,26063002430916JE1GX8SZX-01,MAC-KD5,MAC-KD5,1
11549046,26063002430916JE1GX8SZX-DO,MAC-KD5,MAC-KD5,1
11549046,26063002433964J8VGVU0ODA-01,MAC-KD5,MAC-KD5,1
11549046,26063002433964J8VGVU0ODA-DO,MAC-KD5,MAC-KD5,1
11549046,26063002433964R6YNMYPBW-01,MAC-KD5,MAC-KD5,1
11549046,26063002433964R6YNMYPBW-DO,MAC-KD5,MAC-KD5,1
11549046,260630024444777CJKZIS3E-01,MAC-KD5,MAC-KD5,1
11549046,260630024444777CJKZIS3E-DO,MAC-KD5,MAC-KD5,1
11549046,26063002444477QQL6OZXZQT-01,MAC-KD5,MAC-KD5,1
11549046,26063002444477QQL6OZXZQT-DO,MAC-KD5,MAC-KD5,1
11549046,26063002444478LMGVRXSHUE-01,MAC-KD5,MAC-KD5,1
11549046,26063002444478LMGVRXSHUE-DO,MAC-KD5,MAC-KD5,1
11549046,26063002460257RSGAXJFBN-01,MAC-KD5,MAC-KD5,1
11549046,26063002460257RSGAXJFBN-DO,MAC-KD5,MAC-KD5,1
11549046,260630024607878WPB2IWBA-01,MAC-KD5,MAC-KD5,1
11549046,260630024607878WPB2IWBA-DO,MAC-KD5,MAC-KD5,1
11549046,26063002460787HLXUCWGQ7Q-01,MAC-KD5,MAC-KD5,1
11549046,26063002460787HLXUCWGQ7Q-DO,MAC-KD5,MAC-KD5,1
11549046,26063002464127BCNWKSO5NA-01,MAC-KD5,MAC-KD5,1
11549046,26063002464127BCNWKSO5NA-DO,MAC-KD5,MAC-KD5,1
11549046,26063002464127UCF6YX8EU-01,MAC-KD5,MAC-KD5,1
11549046,26063002464127UCF6YX8EU-02,MAC-KD5,MAC-KD5,1
11549046,26063002464127UCF6YX8EU-DO,MAC-KD5,MAC-KD5,1
11549046,26063002472875DDUMGTJYED-01,MAC-KD5,MAC-KD5,1
11549046,26063002472875DDUMGTJYED-DO,MAC-KD5,MAC-KD5,1
11549046,26063002472875ZACFEMD84-01,MAC-KD5,MAC-KD5,1
11549046,26063002472875ZACFEMD84-DO,MAC-KD5,MAC-KD5,1
11549046,260630024847678TUUJJ7GQF-01,MAC-KD5,MAC-KD5,1
11549046,260630024847678TUUJJ7GQF-DO,MAC-KD5,MAC-KD5,1
11549046,26063002484767LXHC0FKIV-01,MAC-KD5,MAC-KD5,1
11549046,26063002484767LXHC0FKIV-DO,MAC-KD5,MAC-KD5,1
11549046,26063002484767QVJD3JN9-01,MAC-KD5,MAC-KD5,1
11549046,26063002484767QVJD3JN9-DO,MAC-KD5,MAC-KD5,1
11549046,26063002501738KDWCIMGNTJ-01,MAC-KD5,MAC-KD5,1
11549046,26063002501738KDWCIMGNTJ-DO,MAC-KD5,MAC-KD5,1
11549046,26063002501738KLPRBVQZT-01,MAC-KD5,MAC-KD5,1
11549046,26063002501738KLPRBVQZT-DO,MAC-KD5,MAC-KD5,1
11549046,26063002501738RSBH5UCH9E-01,MAC-KD5,MAC-KD5,1
11549046,26063002501738RSBH5UCH9E-DO,MAC-KD5,MAC-KD5,1
11549046,26063002502390K6UBIYXG-01,MAC-KD5,MAC-KD5,1
11549046,26063002502390K6UBIYXG-DO,MAC-KD5,MAC-KD5,1
11549046,26063002502390QFM4MKAQ-01,MAC-KD5,MAC-KD5,1
11549046,26063002502390QFM4MKAQ-DO,MAC-KD5,MAC-KD5,1
11549046,2606300251306344FXSQJ62K-01,MAC-KD5,MAC-KD5,1
11549046,2606300251306344FXSQJ62K-DO,MAC-KD5,MAC-KD5,1
11549046,26063002513063CWRM26EV-01,MAC-KD5,MAC-KD5,1
11549046,26063002513063CWRM26EV-DO,MAC-KD5,MAC-KD5,1
11549046,26063002513063VMTD1I912C-01,MAC-KD5,MAC-KD5,1
11549046,26063002513063VMTD1I912C-DO,MAC-KD5,MAC-KD5,1
11549046,260630025339173ZTBXOTQF-01,MAC-CB5,MAC-CB5,1
11549046,260630025339173ZTBXOTQF-DO,MAC-CB5,MAC-CB5,1
11549046,26063002533917F65UTBJN7F-01,MAC-CB5,MAC-CB5,1
11549046,26063002533917F65UTBJN7F-DO,MAC-CB5,MAC-CB5,1
11549046,26063002533917XZDKEIZBB3-01,MAC-CB5,MAC-CB5,1
11549046,26063002533917XZDKEIZBB3-DO,MAC-CB5,MAC-CB5,1
11549046,260630025405016F7UHSJMO-01,MAC-KD5,MAC-KD5,1
11549046,260630025405016F7UHSJMO-DO,MAC-KD5,MAC-KD5,1
11549046,26063002540501OVQHFLCQMG-01,MAC-KD5,MAC-KD5,1
11549046,26063002540501OVQHFLCQMG-DO,MAC-KD5,MAC-KD5,1
11549046,260630025552560TTPE0RJM-01,MAC-KM5,MAC-KM5,1
11549046,260630025552560TTPE0RJM-DO,MAC-KM5,MAC-KM5,1
11549046,26063002555256IDZMAOWT-01,MAC-KM5,MAC-KM5,1
11549046,26063002555256IDZMAOWT-DO,MAC-KM5,MAC-KM5,1
11549046,26063002572215NL1YQBZSP-01,MAC-CB5,MAC-CB5,1
11549046,26063002572215NL1YQBZSP-DO,MAC-CB5,MAC-CB5,1
11549046,26063002572216I3SWCFTIFU-01,MAC-CB5,MAC-CB5,1
11549046,26063002572216I3SWCFTIFU-DO,MAC-CB5,MAC-CB5,1
11549046,260630025729589X9O5HPUW-01,MAC-KD5,MAC-KD5,1
11549046,260630025729589X9O5HPUW-DO,MAC-KD5,MAC-KD5,1
11549046,2606300258520029EVKV0CG-01,MAC-KD5,MAC-KD5,1
11549046,2606300258520029EVKV0CG-DO,MAC-KD5,MAC-KD5,1
11549046,26063002590178JDWN9MKVGM-01,MAC-KD5,MAC-KD5,1
11549046,26063002590178JDWN9MKVGM-DO,MAC-KD5,MAC-KD5,1
11549046,26063002590178YK2HP6HLU-01,MAC-KD5,MAC-KD5,1
11549046,26063002590178YK2HP6HLU-DO,MAC-KD5,MAC-KD5,1
11549046,26063003030047CAOA03M6B-01,MAC-CB5,MAC-CB5,1
11549046,26063003030047CAOA03M6B-DO,MAC-CB5,MAC-CB5,1
11549046,26063003030048A8ROFNPQVW-01,MAC-CB5,MAC-CB5,1
11549046,26063003030048A8ROFNPQVW-02,MAC-CB5,MAC-CB5,1
11549046,26063003030048A8ROFNPQVW-DO,MAC-CB5,MAC-CB5,1
11549046,26063003030048O7BICPPBVJ-01,MAC-CB5,MAC-CB5,1
11549046,26063003030048O7BICPPBVJ-02,MAC-CB5,MAC-CB5,1
11549046,26063003030048O7BICPPBVJ-03,MAC-CB5,MAC-CB5,1
11549046,26063003030048O7BICPPBVJ-DO,MAC-CB5,MAC-CB5,1
11549046,26063003031463KWHRMRZR8-01,MAC-KD5,MAC-KD5,1
11549046,26063003031463KWHRMRZR8-DO,MAC-KD5,MAC-KD5,1
11549046,260630030612110DLVDTOIQV-01,MAC-KM5,MAC-KM5,1
11549046,260630030612110DLVDTOIQV-02,MAC-KM5,MAC-KM5,1
11549046,260630030612110DLVDTOIQV-03,MAC-KM5,MAC-KM5,1
11549046,260630030612110DLVDTOIQV-DO,MAC-KM5,MAC-KM5,1
11549046,26063003061211KZMCEFXQZX-01,MAC-KM5,MAC-KM5,1
11549046,26063003061211KZMCEFXQZX-02,MAC-KM5,MAC-KM5,1
11549046,26063003061211KZMCEFXQZX-DO,MAC-KM5,MAC-KM5,1
11549046,26063003061211UUDPCZEK-01,MAC-KM5,MAC-KM5,1
11549046,26063003061211UUDPCZEK-DO,MAC-KM5,MAC-KM5,1
11549046,26063003092764IYULDB4MFC-01,MAC-CB5,MAC-CB5,1
11549046,26063003092764IYULDB4MFC-DO,MAC-CB5,MAC-CB5,1
11549046,26063003092764NXXFZW1LB-01,MAC-CB5,MAC-CB5,1
11549046,26063003092764NXXFZW1LB-DO,MAC-CB5,MAC-CB5,1
11549046,26063003110720MVQTRWD79-01,MAC-KD5,MAC-KD5,1
11549046,26063003110720MVQTRWD79-DO,MAC-KD5,MAC-KD5,1
11549046,26063003123136MILX0EHJB-01,MAC-CB5,MAC-CB5,1
11549046,26063003130538RKPZJ8K9Q-01,MAC-KM5,MAC-KM5,1
11549046,26063003130538RKPZJ8K9Q-DO,MAC-KM5,MAC-KM5,1
11549046,26063003130538ZJC1ZOQEA-01,MAC-KM5,MAC-KM5,1
11549046,26063003130538ZJC1ZOQEA-DO,MAC-KM5,MAC-KM5,1
11549046,26063003130870ADJBJCTKG-01,MAC-CB5,MAC-CB5,1
11549046,26063003130870ADJBJCTKG-02,MAC-CB5,MAC-CB5,1
11549046,26063003130870ADJBJCTKG-DO,MAC-CB5,MAC-CB5,1
11549046,260630031423591CB6VCRZN8-01,MAC-KD5,MAC-KD5,1
11549046,260630031423591CB6VCRZN8-DO,MAC-KD5,MAC-KD5,1
11549046,26063003142359NRONKL9IU3-01,MAC-KD5,MAC-KD5,1
11549046,26063003142359NRONKL9IU3-DO,MAC-KD5,MAC-KD5,1
11549046,26063003142359S8KTZF0XB-01,MAC-KD5,MAC-KD5,1
11549046,26063003142359S8KTZF0XB-DO,MAC-KD5,MAC-KD5,1
11549046,26063003152270CYKAPB5F-01,MAC-KM5,MAC-KM5,1
11549046,26063003152270CYKAPB5F-DO,MAC-KM5,MAC-KM5,1
11549046,260630031654159RQOAFJW-01,MAC-KD5,MAC-KD5,1
11549046,260630031654159RQOAFJW-DO,MAC-KD5,MAC-KD5,1
11549046,26063003173735IVXHJUXKSZ-01,MAC-KD5,MAC-KD5,1
11549046,26063003173735IVXHJUXKSZ-DO,MAC-KD5,MAC-KD5,1
11549046,26063003173735S1GHGCSB2-01,MAC-KD5,MAC-KD5,1
11549046,26063003173735S1GHGCSB2-DO,MAC-KD5,MAC-KD5,1
11549046,260630031751676NWSANJPK-01,MAC-KD5,MAC-KD5,1
11549046,260630031751676NWSANJPK-DO,MAC-KD5,MAC-KD5,1
11549046,26063003175312LVFXPMPZV-01,MAC-KD5,MAC-KD5,1
11549046,26063003175312LVFXPMPZV-DO,MAC-KD5,MAC-KD5,1
11549046,26063003175312SKTWEK1AB-01,MAC-KD5,MAC-KD5,1
11549046,26063003175312SKTWEK1AB-DO,MAC-KD5,MAC-KD5,1
11549046,26063003191885KI4CNUC7G-01,MAC-KD5,MAC-KD5,1
11549046,26063003191885KI4CNUC7G-DO,MAC-KD5,MAC-KD5,1
11549046,26063003191885Q3URC5OPF-01,MAC-KD5,MAC-KD5,1
11549046,26063003191885Q3URC5OPF-DO,MAC-KD5,MAC-KD5,1
11549046,26063003243741KTTJ9IAA-01,MAC-CB5,MAC-CB5,1
11549046,26063003243741KTTJ9IAA-DO,MAC-CB5,MAC-CB5,1
11549046,26063003272704TQ0MRZOO-01,MAC-KD5,MAC-KD5,1
11549046,26063003272704TQ0MRZOO-DO,MAC-KD5,MAC-KD5,1
11549046,26063003280065MAODJUW6C-01,MAC-KD5,MAC-KD5,1
11549046,26063003280065MAODJUW6C-DO,MAC-KD5,MAC-KD5,1
11549046,26063003280065QZVXYWMT5A-01,MAC-KD5,MAC-KD5,1
11549046,26063003280065QZVXYWMT5A-DO,MAC-KD5,MAC-KD5,1
11549046,26063003322352ANBTQ6LWF-01,MAC-KD5,MAC-KD5,1
11549046,26063003322352ANBTQ6LWF-DO,MAC-KD5,MAC-KD5,1
11549046,26063003322353P2LQVVNHW1-01,MAC-KD5,MAC-KD5,1
11549046,26063003322353P2LQVVNHW1-DO,MAC-KD5,MAC-KD5,1
11549046,260630033547072OPG0EWKV-01,MAC-KM5,MAC-KM5,1
11549046,260630033547072OPG0EWKV-DO,MAC-KM5,MAC-KM5,1
11549046,260630033607360J9UKBDACC-01,MAC-KD5,MAC-KD5,1
11549046,260630033607360J9UKBDACC-DO,MAC-KD5,MAC-KD5,1
11549046,26063003360736A1LJODTRQ-01,MAC-KD5,MAC-KD5,1
11549046,26063003360736A1LJODTRQ-DO,MAC-KD5,MAC-KD5,1
11549046,2606300336228313RKNPGBO-01,MAC-KD5,MAC-KD5,1
11549046,2606300336228313RKNPGBO-DO,MAC-KD5,MAC-KD5,1
11549046,260630033622835070GWFN71-01,MAC-KD5,MAC-KD5,1
11549046,260630033622835070GWFN71-02,MAC-KD5,MAC-KD5,1
11549046,260630033622835070GWFN71-DO,MAC-KD5,MAC-KD5,1
11549046,26063003362283GH2ZJGAUKD-01,MAC-KD5,MAC-KD5,1
11549046,26063003362283GH2ZJGAUKD-02,MAC-KD5,MAC-KD5,1
11549046,26063003362283GH2ZJGAUKD-DO,MAC-KD5,MAC-KD5,1
11549046,26063003362283PGQZ4U6SBN-01,MAC-KD5,MAC-KD5,1
11549046,26063003362283PGQZ4U6SBN-DO,MAC-KD5,MAC-KD5,1
11549046,26063003394584TGUMWHJXC-01,MAC-KD5,MAC-KD5,1
11549046,26063003394584TGUMWHJXC-DO,MAC-KD5,MAC-KD5,1
11549046,26063003405748BTPJHDQI3A-01,MAC-KD5,MAC-KD5,1
11549046,26063003405748BTPJHDQI3A-DO,MAC-KD5,MAC-KD5,1
11549046,26063003405748O9GSUSFEU-01,MAC-KD5,MAC-KD5,1
11549046,26063003405748O9GSUSFEU-DO,MAC-KD5,MAC-KD5,1
11549046,26063003451333BU4WQL7GQ-01,MAC-KM5,MAC-KM5,1
11549046,26063003451333BU4WQL7GQ-DO,MAC-KM5,MAC-KM5,1
11549046,260630034645353VVHNC0Y-01,MAC-KD5,MAC-KD5,1
11549046,260630034645353VVHNC0Y-DO,MAC-KD5,MAC-KD5,1
11549046,26063003464535EEEWGRODB8-01,MAC-KD5,MAC-KD5,1
11549046,26063003464535EEEWGRODB8-02,MAC-KD5,MAC-KD5,1
11549046,26063003464535EEEWGRODB8-DO,MAC-KD5,MAC-KD5,1
11549046,26063003464535N1TMGYBQSF-01,MAC-KD5,MAC-KD5,1
11549046,26063003464535N1TMGYBQSF-DO,MAC-KD5,MAC-KD5,1
11549046,26063003464535NN5EBYOJAH-01,MAC-KD5,MAC-KD5,1
11549046,26063003464535NN5EBYOJAH-DO,MAC-KD5,MAC-KD5,1
11549046,26063003464535QVCN4EXOFU-01,MAC-KD5,MAC-KD5,1
11549046,26063003464535QVCN4EXOFU-02,MAC-KD5,MAC-KD5,1
11549046,26063003464535QVCN4EXOFU-DO,MAC-KD5,MAC-KD5,1
11549046,26063003464535YUVWUDLAQ8-01,MAC-KD5,MAC-KD5,1
11549046,26063003464535YUVWUDLAQ8-DO,MAC-KD5,MAC-KD5,1
11549046,26063003464789OUNVKLYPJ-01,MAC-KD5,MAC-KD5,1
11549046,26063003464789OUNVKLYPJ-DO,MAC-KD5,MAC-KD5,1
11549046,26063003464789WYNVGIAK-01,MAC-KD5,MAC-KD5,1
11549046,26063003464789WYNVGIAK-DO,MAC-KD5,MAC-KD5,1
11549046,260630034702692XYAJVR7D-01,MAC-KD5,MAC-KD5,1
11549046,260630034702692XYAJVR7D-DO,MAC-KD5,MAC-KD5,1
11549046,26063003470269D3K3HFDYBE-01,MAC-KD5,MAC-KD5,1
11549046,26063003470269D3K3HFDYBE-DO,MAC-KD5,MAC-KD5,1
11549046,26063003470269I212E8HCA6-01,MAC-KD5,MAC-KD5,1
11549046,26063003470269I212E8HCA6-DO,MAC-KD5,MAC-KD5,1
11549046,26063003472554UMDDNAZO-01,MAC-CP5,MAC-CP5,1
11549046,26063003472554UMDDNAZO-DO,MAC-CP5,MAC-CP5,1
11549046,2606300347323051CGDYL8-01,MAC-CP5,MAC-CP5,1
11549046,2606300347323051CGDYL8-DO,MAC-CP5,MAC-CP5,1
11549046,26063003473230A7QVGR4CFY-01,MAC-CP5,MAC-CP5,1
11549046,26063003473230A7QVGR4CFY-DO,MAC-CP5,MAC-CP5,1
11549046,26063003473231LFHKIAJVER-01,MAC-CP5,MAC-CP5,1
11549046,26063003473231LFHKIAJVER-DO,MAC-CP5,MAC-CP5,1
11549046,26063003483839K7KAJTKVT-01,MAC-CB5,MAC-CB5,1
11549046,26063003483839K7KAJTKVT-DO,MAC-CB5,MAC-CB5,1
11549046,26063003485285WXGVPB2-01,MAC-KD5,MAC-KD5,1
11549046,26063003485285WXGVPB2-DO,MAC-KD5,MAC-KD5,1
11549046,26063003485286FS3ZQHKCRK-01,MAC-KD5,MAC-KD5,1
11549046,26063003485286FS3ZQHKCRK-DO,MAC-KD5,MAC-KD5,1
11549046,26063003485818FABEHGDTN-01,MAC-KD5,MAC-KD5,1
11549046,26063003485818FABEHGDTN-DO,MAC-KD5,MAC-KD5,1
11549046,260630034908652LPZRHM-01,MAC-CB5,MAC-CB5,1
11549046,260630034908652LPZRHM-DO,MAC-CB5,MAC-CB5,1
11549046,260630034908656LOCJFHOQA-01,MAC-CB5,MAC-CB5,1
11549046,260630034908656LOCJFHOQA-02,MAC-CB5,MAC-CB5,1
11549046,260630034908656LOCJFHOQA-03,MAC-CB5,MAC-CB5,1
11549046,26063003490865ENIAILUQAZ-01,MAC-CB5,MAC-CB5,1
11549046,26063003490865ENIAILUQAZ-DO,MAC-CB5,MAC-CB5,1
11549046,26063003490865FE5L4UJ8FO-01,MAC-CB5,MAC-CB5,1
11549046,26063003490865FE5L4UJ8FO-DO,MAC-CB5,MAC-CB5,1
11549046,26063003511250LSEAF2IZ-01,MAC-KD5,MAC-KD5,1
11549046,26063003511250LSEAF2IZ-DO,MAC-KD5,MAC-KD5,1
11549046,260630035135832KGX72V8Q-01,MAC-KD5,MAC-KD5,1
11549046,260630035135832KGX72V8Q-DO,MAC-KD5,MAC-KD5,1
11549046,26063003513583TXN5OLETGH-01,MAC-KD5,MAC-KD5,1
11549046,26063003513583TXN5OLETGH-DO,MAC-KD5,MAC-KD5,1
11549046,26063003525765PMNTF9SR7-01,MAC-KD5,MAC-KD5,1
11549046,26063003525765PMNTF9SR7-DO,MAC-KD5,MAC-KD5,1
11549046,26063003525765T65YGLQET-01,MAC-KD5,MAC-KD5,1
11549046,26063003525765T65YGLQET-DO,MAC-KD5,MAC-KD5,1
11549046,26063003533921G2V5S0BPK-01,MAC-KD5,MAC-KD5,1
11549046,26063003533921G2V5S0BPK-DO,MAC-KD5,MAC-KD5,1
11549046,26063003550147CR2QZDMGLK-01,MAC-KD5,MAC-KD5,1
11549046,26063003550147CR2QZDMGLK-DO,MAC-KD5,MAC-KD5,1
11549046,26063003550147FW86524XS-01,MAC-KD5,MAC-KD5,1
11549046,26063003550147FW86524XS-DO,MAC-KD5,MAC-KD5,1
11549046,26063003551873I6WWVCJP-01,MAC-CP5,MAC-KD5,1
11549046,26063003551873I6WWVCJP-DO,MAC-KD5,MAC-KD5,1
11549046,26063003551873WIFEM03KBB-01,MAC-KD5,MAC-KD5,1
11549046,26063003551873WIFEM03KBB-DO,MAC-KD5,MAC-KD5,1
11549046,26063003552031S0VRI9ZWHO-01,MAC-KD5,MAC-KD5,1
11549046,26063003552031S0VRI9ZWHO-DO,MAC-KD5,MAC-KD5,1
11549046,26063003552031UMTUPIDZ7-01,MAC-KD5,MAC-KD5,1
11549046,26063003552031UMTUPIDZ7-DO,MAC-KD5,MAC-KD5,1
11549046,260630035555508RM2UCYM1-01,MAC-CB5,MAC-CB5,1
11549046,260630035555508RM2UCYM1-DO,MAC-CB5,MAC-CB5,1
11549046,26063003555550JRH9KDGHC-01,MAC-CB5,MAC-CB5,1
11549046,26063003555550JRH9KDGHC-DO,MAC-CB5,MAC-CB5,1
11549046,26063003563134AEVGUY4V2-01,MAC-KD5,MAC-KD5,1
11549046,26063003563134AEVGUY4V2-DO,MAC-KD5,MAC-KD5,1
11549046,26063003575275ZNNGWP2NI-01,MAC-CB5,MAC-CB5,1
11549046,26063003575275ZNNGWP2NI-DO,MAC-CB5,MAC-CB5,1
11549046,26063003575276ZOQXLKQU6H-01,MAC-CB5,MAC-CB5,1
11549046,26063003575276ZOQXLKQU6H-02,MAC-CB5,MAC-CB5,1
11549046,26063003575276ZOQXLKQU6H-DO,MAC-CB5,MAC-CB5,1
11549046,26063003583747H1HLRLAXY-01,MAC-CB5,MAC-CB5,1
11549046,26063003583747H1HLRLAXY-DO,MAC-CB5,MAC-CB5,1
11549046,26063003591015CXGVVMAKW-01,MAC-KM5,MAC-KM5,1
11549046,26063003591015CXGVVMAKW-DO,MAC-KM5,MAC-KM5,1
11549046,26063003591015FEHS2YM5O-01,MAC-KM5,MAC-KM5,1
11549046,26063003591015FEHS2YM5O-DO,MAC-KM5,MAC-KM5,1
11549046,26063003593575IKXDQSHH-01,MAC-CP5,MAC-CP5,1
11549046,26063003593575IKXDQSHH-02,MAC-CP5,MAC-CP5,1
11549046,26063003593575IKXDQSHH-03,MAC-CP5,MAC-CP5,1
11549046,26063003593575IKXDQSHH-04,MAC-CP5,MAC-CP5,1
11549046,26063003593575IKXDQSHH-DO,MAC-CP5,MAC-CP5,1
11549046,26063003593575QDACXAX9P-01,MAC-CP5,MAC-CP5,1
11549046,26063003593575QDACXAX9P-DO,MAC-CP5,MAC-CP5,1
11549046,26063003593575YBLJLNOTCV-01,MAC-CP5,MAC-CP5,1
11549046,26063003593575YBLJLNOTCV-DO,MAC-CP5,MAC-CP5,1
11549046,260630035947523AQGKFRIO-01,MAC-KD5,MAC-KD5,1
11549046,260630035947523AQGKFRIO-DO,MAC-KD5,MAC-KD5,1
11549046,26063004015856P48QFEQI-01,MAC-CB5,MAC-CB5,1
11549046,26063004015856P48QFEQI-DO,MAC-CB5,MAC-CB5,1
11549046,26063004015856VZXTJISOE-01,MAC-CB5,MAC-CB5,1
11549046,26063004015856VZXTJISOE-DO,MAC-CB5,MAC-CB5,1
11549046,26063004055972KEDLZWX7-01,MAC-CB5,MAC-CB5,1
11549046,26063004055972KEDLZWX7-02,MAC-CB5,MAC-CB5,1
11549046,26063004055972KEDLZWX7-03,MAC-CB5,MAC-CB5,1
11549046,26063004055972KEDLZWX7-DO,MAC-CB5,MAC-CB5,1
11549046,26063004055972VG3NIPIHBS-01,MAC-CB5,MAC-CB5,1
11549046,26063004055972VG3NIPIHBS-DO,MAC-CB5,MAC-CB5,1
11549046,26063004081709TILJHPOKQ-01,MAC-KM5,MAC-KM5,1
11549046,26063004081709TILJHPOKQ-DO,MAC-KM5,MAC-KM5,1
11549046,26063004103258NT3OKCUXQO-01,MAC-KD5,MAC-KD5,1
11549046,26063004103258NT3OKCUXQO-DO,MAC-KD5,MAC-KD5,1
11549046,26063004103258PYQS1Q0MR-01,MAC-KD5,MAC-KD5,1
11549046,26063004103258PYQS1Q0MR-DO,MAC-KD5,MAC-KD5,1
11549046,26063004103258TMAUXYAA2-01,MAC-KD5,MAC-KD5,1
11549046,26063004103258TMAUXYAA2-DO,MAC-KD5,MAC-KD5,1
11549046,260630042224006SYATSIY9S-01,MAC-CB5,MAC-CB5,1
11549046,260630042224006SYATSIY9S-DO,MAC-CB5,MAC-CB5,1
11549046,26063004222400XF49C4SGT-01,MAC-CB5,MAC-CB5,1
11549046,26063004222400XF49C4SGT-DO,MAC-CB5,MAC-CB5,1
11549046,26063004230684WMMGNYRH-01,MAC-CB5,MAC-CB5,1
11549046,26063004230684WMMGNYRH-DO,MAC-CB5,MAC-CB5,1
11549046,26063004230684X1MOUW7B9Q-01,MAC-CB5,MAC-CB5,1
11549046,26063004230684X1MOUW7B9Q-DO,MAC-CB5,MAC-CB5,1
11549046,26063004232480KYGPBNGXF-01,MAC-KM5,MAC-KM5,1
11549046,26063004232480KYGPBNGXF-DO,MAC-KM5,MAC-KM5,1
11549046,26063004243794DWI82FA-01,MAC-KM5,MAC-KM5,1
11549046,26063004243794DWI82FA-DO,MAC-KM5,MAC-KM5,1
11549046,26063004244130JFBGKNAW-01,MAC-KD5,MAC-KD5,1
11549046,26063004244130JFBGKNAW-DO,MAC-KD5,MAC-KD5,1
11549046,26063004244130OAOLSMTZTW-01,MAC-KD5,MAC-KD5,1
11549046,26063004244130OAOLSMTZTW-DO,MAC-KD5,MAC-KD5,1
11549046,26063004244130XEFIYMHSNK-01,MAC-KD5,MAC-KD5,1
11549046,26063004244130XEFIYMHSNK-DO,MAC-KD5,MAC-KD5,1
11549046,26063004245445RVONGLIL9-01,MAC-CB5,MAC-CB5,1
11549046,26063004245445RVONGLIL9-DO,MAC-CB5,MAC-CB5,1
11549046,26063004311519KKFR0FFNIJ-01,MAC-CP5,MAC-CP5,1
11549046,26063004311519KKFR0FFNIJ-DO,MAC-CP5,MAC-CP5,1
11549046,26063004311519OUKNPX5UG-01,MAC-CP5,MAC-CP5,1
11549046,26063004311519OUKNPX5UG-DO,MAC-CP5,MAC-CP5,1
11549046,260630043240937C3Y0EC88B-01,MAC-CB5,MAC-CB5,1
11549046,260630043240937C3Y0EC88B-DO,MAC-CB5,MAC-CB5,1
11549046,26063004324093K4TQI2FY-01,MAC-CB5,MAC-CB5,1
11549046,26063004324093K4TQI2FY-DO,MAC-CB5,MAC-CB5,1
11549046,26063004363524PILC8PCS-01,MAC-CP5,MAC-CP5,1
11549046,26063004363524PILC8PCS-DO,MAC-CP5,MAC-CP5,1
11549046,26063004402821BYXPPHYD-01,MAC-KD5,MAC-KD5,1
11549046,26063004402821BYXPPHYD-DO,MAC-KLD-SDS,MAC-KD5,1
11549046,26063004402821OYVF11D7IW-01,MAC-KD5,MAC-KD5,1
11549046,26063004402821OYVF11D7IW-DO,MAC-KLD-SDS,MAC-KD5,1
11549046,26063004402821XAX2KPOVL6-01,MAC-KD5,MAC-KD5,1
11549046,26063004402821XAX2KPOVL6-DO,MAC-KLD-SDS,MAC-KD5,1
11549046,26063004412594LA0RRT03I-01,MAC-KD5,MAC-KD5,1
11549046,26063004412594LA0RRT03I-DO,MAC-KD5,MAC-KD5,1
11549046,26063004414576AKEKBMGCA-01,MAC-CP5,MAC-CP5,1
11549046,26063004414576AKEKBMGCA-DO,MAC-CP5,MAC-CP5,1
11549046,26063004414576OZSM2ZNNBR-01,MAC-CP5,MAC-CP5,1
11549046,26063004414576OZSM2ZNNBR-DO,MAC-CP5,MAC-CP5,1
11549046,26063004463520SSXTLVTNP-01,MAC-KM5,MAC-KM5,1
11549046,26063004463520SSXTLVTNP-DO,MAC-KM5,MAC-KM5,1
11549046,26063004533154NEPRQNUNV-01,MAC-KM5,MAC-KM5,1
11549046,26063004533154NEPRQNUNV-DO,MAC-KM5,MAC-KM5,1
11549046,26063004533154QSL9G2JJ-01,MAC-KM5,MAC-KM5,1
11549046,26063004533154QSL9G2JJ-DO,MAC-KM5,MAC-KM5,1
11549046,26063004562238NQ6WYE0M-01,MAC-KM5,MAC-KM5,1
11549046,26063004562238NQ6WYE0M-DO,MAC-KM5,MAC-KM5,1
11549046,26063005024796QS6T9VS1R-01,MAC-KD5,MAC-KD5,1
11549046,26063005024796QS6T9VS1R-DO,MAC-KD5,MAC-KD5,1
11549046,26063005033868LCI3JZJ4Q-01,MAC-CP5,MAC-CP5,1
11549046,26063005033868LCI3JZJ4Q-DO,MAC-CP5,MAC-CP5,1
11549046,260630050357573OFYYVRBN-01,MAC-CB5,MAC-CB5,1
11549046,260630050357573OFYYVRBN-DO,MAC-CB5,MAC-CB5,1
11549046,26063005035757HLUUKPO65B-01,MAC-CB5,MAC-CB5,1
11549046,26063005035757HLUUKPO65B-DO,MAC-CB5,MAC-CB5,1
11549046,26063005035757HNWUF1HO9J-01,MAC-CB5,MAC-CB5,1
11549046,26063005035757HNWUF1HO9J-DO,MAC-CB5,MAC-CB5,1
11549046,260630050823361NGVPEO2RR-01,MAC-KM5,MAC-KM5,1
11549046,260630050823361NGVPEO2RR-DO,MAC-KM5,MAC-KM5,1
11549046,26063005082336XWOSISDDL-01,MAC-KM5,MAC-KM5,1
11549046,26063005082336XWOSISDDL-DO,MAC-KM5,MAC-KM5,1
11549046,260630050823372B88XOMIBZ-01,MAC-KM5,MAC-KM5,1
11549046,260630050823372B88XOMIBZ-DO,MAC-KM5,MAC-KM5,1
11549046,26063005100061CRRQHG9S-01,MAC-CB5,MAC-CB5,1
11549046,26063005100061CRRQHG9S-DO,MAC-CB5,MAC-CB5,1
11549046,26063005104358EMUUFTDDC-01,MAC-KM5,MAC-KM5,1
11549046,26063005104358EMUUFTDDC-DO,MAC-KM5,MAC-KM5,1
11549046,26063005104358RRGYIY31P-01,MAC-KM5,MAC-KM5,1
11549046,26063005104358RRGYIY31P-DO,MAC-KM5,MAC-KM5,1
11549046,260630052229790SKCYORSS-01,MAC-KD5,MAC-KD5,1
11549046,260630052229790SKCYORSS-DO,MAC-KLD-SDS,MAC-KD5,1
11549046,26063005241486E5FKNVHDC-01,MAC-KD5,MAC-KD5,1
11549046,26063005241486E5FKNVHDC-DO,MAC-KD5,MAC-KD5,1
11549046,26063005250567CZJNA1ON-01,MAC-CB5,MAC-CB5,1
11549046,26063005250567CZJNA1ON-DO,MAC-CB5,MAC-CB5,1
11549046,26063005334181BQYD5A5M0-01,MAC-KD5,MAC-KD5,1
11549046,26063005334181BQYD5A5M0-DO,MAC-KD5,MAC-KD5,1
11549046,26063005383679DBIDNEN7-01,MAC-KD5,MAC-KD5,1
11549046,26063005383679DBIDNEN7-DO,MAC-KD5,MAC-KD5,1
11549046,26063005395079LGXUD4Q-01,MAC-KD5,MAC-KD5,1
11549046,26063005395079LGXUD4Q-DO,MAC-KD5,MAC-KD5,1
11549046,260630054137433DSXWMPD-01,MAC-KD5,MAC-KD5,1
11549046,260630054137433DSXWMPD-DO,MAC-KD5,MAC-KD5,1
11549046,26063005575562H7ZY4GHDH-01,MAC-KD5,MAC-KD5,1
11549046,26063005575562H7ZY4GHDH-DO,MAC-KD5,MAC-KD5,1
11549046,26063005575562HMEEWOOQQJ-01,MAC-KD5,MAC-KD5,1
11549046,26063005575562HMEEWOOQQJ-DO,MAC-KD5,MAC-KD5,1
11549046,26063005575562PX89WLOWZ-01,MAC-KD5,MAC-KD5,1
11549046,26063005575562PX89WLOWZ-DO,MAC-KD5,MAC-KD5,1
11549046,26063005575635SJVAOUOZKC-01,MAC-KD5,MAC-KD5,1
11549046,26063005575635SJVAOUOZKC-DO,MAC-KD5,MAC-KD5,1
11549046,26063005575635WZ9YXCWGO-01,MAC-KD5,MAC-KD5,1
11549046,26063005575635WZ9YXCWGO-DO,MAC-KD5,MAC-KD5,1
11549046,26063005575692AC5HBBRJNO-01,MAC-KM5,MAC-KM5,1
11549046,26063005575692AC5HBBRJNO-02,MAC-KM5,MAC-KM5,1
11549046,26063005575692AC5HBBRJNO-DO,MAC-KM5,MAC-KM5,1
11549046,26063005575692VQWWAVZ7H-01,MAC-KM5,MAC-KM5,1
11549046,26063005575692VQWWAVZ7H-02,MAC-KM5,MAC-KM5,1
11549046,26063005575692VQWWAVZ7H-DO,MAC-KM5,MAC-KM5,1
11549046,26063006142042AQIMNB8RBZ-01,MAC-KD5,MAC-KD5,1
11549046,26063006142042AQIMNB8RBZ-DO,MAC-KD5,MAC-KD5,1
11549046,26063006142042GMX5C9XZA-01,MAC-KD5,MAC-KD5,1
11549046,26063006142042GMX5C9XZA-DO,MAC-KD5,MAC-KD5,1
11549046,26063006242150JGJJYU0GQ-01,MAC-CB5,MAC-CB5,1
11549046,26063006242150JGJJYU0GQ-DO,MAC-CB5,MAC-CB5,1
11549046,26063006242150QR7HSXUFFP-01,MAC-CB5,MAC-CB5,1
11549046,26063006242150QR7HSXUFFP-DO,MAC-CB5,MAC-CB5,1
11549046,26063006242150ZWGZOYBW2-01,MAC-CB5,MAC-CB5,1
11549046,26063006242150ZWGZOYBW2-DO,MAC-CB5,MAC-CB5,1
11549046,26063006275561BMHQCAQL-01,MAC-KD5,MAC-KD5,1
11549046,26063006275561BMHQCAQL-DO,MAC-KD5,MAC-KD5,1
11549046,26063006275561NUZF3GA61-01,MAC-KD5,MAC-KD5,1
11549046,26063006275561NUZF3GA61-DO,MAC-KD5,MAC-KD5,1
11549046,26063006344176N9CNSHNIG-01,MAC-KD5,MAC-KD5,1
11549046,26063006344176N9CNSHNIG-DO,MAC-KD5,MAC-KD5,1
11549046,26063006344176SWZ1D81JSR-01,MAC-KD5,MAC-KD5,1
11549046,26063006344176SWZ1D81JSR-DO,MAC-KD5,MAC-KD5,1
11549046,26063006344176X2GUQ3JBB9-01,MAC-KD5,MAC-KD5,1
11549046,26063006344176X2GUQ3JBB9-DO,MAC-KD5,MAC-KD5,1
11549046,26063006391746P18VMK0OL-01,MAC-KD5,MAC-KD5,1
11549046,26063006391746P18VMK0OL-DO,MAC-KD5,MAC-KD5,1
11549046,26063006405407PEQMU85M-01,MAC-KD5,MAC-KD5,1
11549046,26063006405407PEQMU85M-DO,MAC-KD5,MAC-KD5,1
11549046,2606300643246331PQVXTR00-01,MAC-KD5,MAC-KD5,1
11549046,2606300643246331PQVXTR00-DO,MAC-KD5,MAC-KD5,1
11549046,26063006432463BZOKFH55-01,MAC-KD5,MAC-KD5,1
11549046,26063006432463BZOKFH55-DO,MAC-KD5,MAC-KD5,1
11549046,26063006462585PAPEOKECY-01,MAC-CB5,MAC-CB5,1
11549046,26063006462585PAPEOKECY-DO,MAC-CB5,MAC-CB5,1
11549046,26063006462586ASEMLWEWMD-01,MAC-CB5,MAC-CB5,1
11549046,26063006462586ASEMLWEWMD-02,MAC-CB5,MAC-CB5,1
11549046,26063006462586ASEMLWEWMD-DO,MAC-CB5,MAC-CB5,1
11549046,26063006462586GWBNGC3Y66-01,MAC-CB5,MAC-CB5,1
11549046,26063006462586GWBNGC3Y66-DO,MAC-CB5,MAC-CB5,1
11549046,26063006481505JUGIGZ3CR-01,MAC-KD5,MAC-KD5,1
11549046,26063006481505JUGIGZ3CR-DO,MAC-KD5,MAC-KD5,1
11549046,26063006481505MV3TFFYDLC-01,MAC-KD5,MAC-KD5,1
11549046,26063006481505MV3TFFYDLC-DO,MAC-KD5,MAC-KD5,1
11549046,26063006551996BGHN4CPGB-01,MAC-KM5,MAC-KM5,1
11549046,26063006551996BGHN4CPGB-DO,MAC-KM5,MAC-KM5,1
11549046,26063007032865C9SVV5QZH-01,MAC-CB5,MAC-CB5,1
11549046,26063007032865C9SVV5QZH-DO,MAC-CB5,MAC-CB5,1
11549046,260630071417948ALFX2GGW-01,MAC-CP5,MAC-CP5,1
11549046,260630071417948ALFX2GGW-DO,MAC-CP5,MAC-CP5,1
11549046,26063007141794KCYYQXI7WK-01,MAC-CP5,MAC-CP5,1
11549046,26063007141794KCYYQXI7WK-DO,MAC-CP5,MAC-CP5,1
11549046,26063007141794LEYSZQ4ECP-01,MAC-CP5,MAC-CP5,1
11549046,26063007141794LEYSZQ4ECP-DO,MAC-CP5,MAC-CP5,1
11549046,26063007313177MNGWTMIYJ-01,MAC-CB5,MAC-CB5,1
11549046,26063007313177MNGWTMIYJ-DO,MAC-CB5,MAC-CB5,1
11549046,26063007372121EOQMGIBDO-01,MAC-KD5,MAC-KD5,1
11549046,26063007372121EOQMGIBDO-DO,MAC-KLD-SDS,MAC-KD5,1
11549046,260630073755000IL8GIFF-01,MAC-CP5,MAC-CP5,1
11549046,260630073755000IL8GIFF-DO,MAC-CP5,MAC-CP5,1
11549046,260630073755004V22MEOHCF-01,MAC-CP5,MAC-CP5,1
11549046,260630073755004V22MEOHCF-02,MAC-CP5,MAC-CP5,1
11549046,260630073755004V22MEOHCF-DO,MAC-CP5,MAC-CP5,1
11549046,26063007375500MY23GVOFOC-01,MAC-CP5,MAC-CP5,1
11549046,26063007375500MY23GVOFOC-DO,MAC-CP5,MAC-CP5,1
11549046,26063007375500NKAPN6PRBC-01,MAC-CP5,MAC-CP5,1
11549046,26063007375500NKAPN6PRBC-DO,MAC-CP5,MAC-CP5,1
11549046,26063008020657RYCCYWUW-01,MAC-KD5,MAC-KD5,1
11549046,26063008020657RYCCYWUW-DO,MAC-KD5,MAC-KD5,1
11549046,26063008071139ABT0JQTT-01,MAC-CB5,MAC-CB5,1
11549046,26063008071139ABT0JQTT-DO,MAC-CB5,MAC-CB5,1
11549046,26063008071139LMPYPOLGSY-01,MAC-CB5,MAC-CB5,1
11549046,26063008071139LMPYPOLGSY-02,MAC-CB5,MAC-CB5,1
11549046,26063008071139LMPYPOLGSY-DO,MAC-CB5,MAC-CB5,1
11549046,26063008140258P0WGYAI9P-01,MAC-KM5,MAC-KM5,1
11549046,26063008140258P0WGYAI9P-DO,MAC-KM5,MAC-KM5,1
11549046,26063008180082XGC6P8SG-01,MAC-KD5,MAC-KD5,1
11549046,26063008180082XGC6P8SG-DO,MAC-KD5,MAC-KD5,1
11549046,26063008192633KMZTVVFX7-01,MAC-KD5,MAC-KD5,1
11549046,26063008192633KMZTVVFX7-DO,MAC-KD5,MAC-KD5,1
11549046,26063008192633MZWRRXI2-01,MAC-KD5,MAC-KD5,1
11549046,26063008192633MZWRRXI2-DO,MAC-KD5,MAC-KD5,1
11549046,26063008192633VH98CQDQXD-01,MAC-KD5,MAC-KD5,1
11549046,26063008192633VH98CQDQXD-DO,MAC-KD5,MAC-KD5,1
11549046,260630082238230HFUNVT1Y-01,MAC-CB5,MAC-CB5,1
11549046,260630082238230HFUNVT1Y-02,MAC-CB5,MAC-CB5,1
11549046,260630082238230HFUNVT1Y-03,MAC-CB5,MAC-CB5,1
11549046,260630082238230HFUNVT1Y-04,MAC-CB5,MAC-CB5,1
11549046,260630082238230HFUNVT1Y-DO,MAC-CB5,MAC-CB5,1
11549046,260630082546341HVITLFSQT-01,MAC-KD5,MAC-KD5,1
11549046,260630082546341HVITLFSQT-DO,MAC-KD5,MAC-KD5,1
11549046,26063008254634QS2C4VI-01,MAC-KD5,MAC-KD5,1
11549046,26063008254634QS2C4VI-DO,MAC-KD5,MAC-KD5,1
11549046,2606300826087337OSNONKD-01,MAC-CB5,MAC-CB5,1
11549046,2606300826087337OSNONKD-DO,MAC-CB5,MAC-CB5,1
11549046,260630082608739L1LOUTWG-01,MAC-CB5,MAC-CB5,1
11549046,260630082608739L1LOUTWG-DO,MAC-CB5,MAC-CB5,1
11549046,26063008345309PVM4HPCOV-01,MAC-KD5,MAC-KD5,1
11549046,26063008345309PVM4HPCOV-DO,MAC-KD5,MAC-KD5,1
11549046,26063008345309TDAZJ4R2GB-01,MAC-KD5,MAC-KD5,1
11549046,26063008345309TDAZJ4R2GB-DO,MAC-KD5,MAC-KD5,1
11549046,26063008364003NK6EN9DTU-01,MAC-KM5,MAC-KM5,1
11549046,26063008364003NK6EN9DTU-DO,MAC-KM5,MAC-KM5,1
11549046,26063008451888CQEFLKKU-01,MAC-KD5,MAC-KD5,1
11549046,26063008451888CQEFLKKU-DO,MAC-KD5,MAC-KD5,1
11549046,26063008451888EMHHAR2WT-01,MAC-KD5,MAC-KD5,1
11549046,26063008451888EMHHAR2WT-DO,MAC-KD5,MAC-KD5,1
11549046,26063008501609X9I0XK2P7-01,MAC-KM5,MAC-KM5,1
11549046,26063008501609X9I0XK2P7-DO,MAC-KM5,MAC-KM5,1
11549046,26063008540060U1ABNWT8N-01,MAC-KM5,MAC-KM5,1
11549046,26063008540060U1ABNWT8N-DO,MAC-KM5,MAC-KM5,1
11549046,260630090103807MU1SFBSZ-01,MAC-CB5,MAC-CB5,1
11549046,260630090103807MU1SFBSZ-DO,MAC-CB5,MAC-CB5,1
11549046,26063009020477U8W36YPOW-01,MAC-KD5,MAC-KD5,1
11549046,26063009020477U8W36YPOW-DO,MAC-KD5,MAC-KD5,1
11549046,26063009025239HHZFWVASD-01,MAC-KD5,MAC-KD5,1
11549046,26063009025239HHZFWVASD-DO,MAC-KD5,MAC-KD5,1
11549046,26063009025239LILLKAC17-01,MAC-KD5,MAC-KD5,1
11549046,26063009025239LILLKAC17-DO,MAC-KD5,MAC-KD5,1
11549046,26063009035466ZORUBIL5E-01,MAC-KD5,MAC-KD5,1
11549046,26063009035466ZORUBIL5E-DO,MAC-KD5,MAC-KD5,1
11549046,260630091202839RDUSWJ8-01,MAC-CP5,MAC-CP5,1
11549046,260630091202839RDUSWJ8-02,MAC-CP5,MAC-CP5,1
11549046,260630091202839RDUSWJ8-DO,MAC-CP5,MAC-CP5,1
11549046,26063009120283CEMDGEWQU-01,MAC-CP5,MAC-CP5,1
11549046,26063009120283CEMDGEWQU-02,MAC-CP5,MAC-CP5,1
11549046,26063009120283CEMDGEWQU-DO,MAC-CP5,MAC-CP5,1
11549046,26063009120283REL5LWVEXW-01,MAC-CP5,MAC-CP5,1
11549046,26063009120283REL5LWVEXW-DO,MAC-CP5,MAC-CP5,1
11549046,26063009172537QRYWTTZY9-01,MAC-KM5,MAC-KM5,1
11549046,26063009172537QRYWTTZY9-DO,MAC-KM5,MAC-KM5,1
11549046,2606300931547997BIOSIGU-01,MAC-KD5,MAC-KD5,1
11549046,2606300931547997BIOSIGU-DO,MAC-KD5,MAC-KD5,1
11549046,26063009315479BYSKELAC-01,MAC-KD5,MAC-KD5,1
11549046,26063009315479BYSKELAC-DO,MAC-KD5,MAC-KD5,1
11549046,26063009324858HYRVJCNXU-01,MAC-CP5,MAC-CP5,1
11549046,26063009324858HYRVJCNXU-DO,MAC-CP5,MAC-CP5,1
11549046,26063009525880X7Q3P87UR-01,MAC-CB5,MAC-CB5,1
11549046,26063009525880X7Q3P87UR-DO,MAC-CB5,MAC-CB5,1
11549046,26063009544658IZMWCK8LD-01,MAC-KD5,MAC-KD5,1
11549046,26063009544658IZMWCK8LD-DO,MAC-KD5,MAC-KD5,1
11549046,260630095718537N0Y7JRER-01,MAC-CB5,MAC-CB5,1
11549046,260630095718537N0Y7JRER-DO,MAC-CB5,MAC-CB5,1
11549046,260630095718541VLFXB2SEI-01,MAC-CB5,MAC-CB5,1
11549046,260630095718541VLFXB2SEI-02,MAC-CB5,MAC-CB5,1
11549046,260630095718541VLFXB2SEI-DO,MAC-CB5,MAC-CB5,1
11549046,260630095718549JBGUQPM6Q-01,MAC-CB5,MAC-CB5,1
11549046,260630095718549JBGUQPM6Q-DO,MAC-CB5,MAC-CB5,1
11549046,26063010222079P30HNA3BV-01,MAC-KD5,MAC-KD5,1
11549046,26063010222079P30HNA3BV-DO,MAC-KLD-SDS,MAC-KD5,1
11549046,2606301025159188IKKT7N-01,MAC-KD5,MAC-KD5,1
11549046,2606301025159188IKKT7N-DO,MAC-KD5,MAC-KD5,1
11549046,26063010251591L00SS5DRGR-01,MAC-KD5,MAC-KD5,1
11549046,26063010251591L00SS5DRGR-DO,MAC-KD5,MAC-KD5,1
11549046,26063010265202BLAZETGZSF-01,MAC-KM5,MAC-KM5,1
11549046,26063010265202BLAZETGZSF-DO,MAC-KM5,MAC-KM5,1
11549046,26063010265202ORINJG3V-01,MAC-KM5,MAC-KM5,1
11549046,26063010265202ORINJG3V-02,MAC-KM5,MAC-KM5,1
11549046,26063010265202ORINJG3V-03,MAC-KM5,MAC-KM5,1
11549046,26063010265202ORINJG3V-04,MAC-KM5,MAC-KM5,1
11549046,26063010265202ORINJG3V-05,MAC-KM5,MAC-KM5,1
11549046,26063010265202ORINJG3V-06,MAC-KM5,MAC-KM5,1
11549046,26063010265202ORINJG3V-DO,MAC-KM5,MAC-KM5,1
11549046,26063010280265BW18HVOCI-01,MAC-CB5,MAC-CB5,1
11549046,26063010280265BW18HVOCI-DO,MAC-CB5,MAC-CB5,1
11549046,26063010403443EYFF14LZX-01,MAC-KM5,MAC-KM5,1
11549046,26063010403443EYFF14LZX-DO,MAC-KM5,MAC-KM5,1
11549046,260630105657234LUUIFVTD-01,MAC-KD5,MAC-KD5,1
11549046,260630105657234LUUIFVTD-DO,MAC-KD5,MAC-KD5,1
11549046,26063010565723VYYLJOEIYL-01,MAC-KD5,MAC-KD5,1
11549046,26063010565723VYYLJOEIYL-DO,MAC-KD5,MAC-KD5,1
11549046,26063010565723XNB4HWYPJ-01,MAC-KD5,MAC-KD5,1
11549046,26063010565723XNB4HWYPJ-DO,MAC-KD5,MAC-KD5,1
11549046,26063010575666WOR0XBC3P-01,MAC-KM5,MAC-KM5,1
11549046,26063010575666WOR0XBC3P-DO,MAC-KM5,MAC-KM5,1
11549046,26063011143860PTLIFTCMT-01,MAC-KD5,MAC-KD5,1
11549046,26063011143860PTLIFTCMT-DO,MAC-KD5,MAC-KD5,1
11549046,26063011173570VVGUFNTZD-01,MAC-KD5,MAC-KD5,1
11549046,26063011173570VVGUFNTZD-DO,MAC-KD5,MAC-KD5,1
11549046,2606301119428637EQYAM4JG-01,MAC-CB5,MAC-CB5,1
11549046,2606301119428637EQYAM4JG-DO,MAC-CB5,MAC-CB5,1
11549046,26063011194286IIFF0OCIM-01,MAC-CB5,MAC-CB5,1
11549046,26063011194286IIFF0OCIM-DO,MAC-CB5,MAC-CB5,1
11549046,26063011194286P8HU4IQ6P-01,MAC-CB5,MAC-CB5,1
11549046,26063011194286P8HU4IQ6P-DO,MAC-CB5,MAC-CB5,1
11549046,260630112541051AGP2Y39CR-01,MAC-KD5,MAC-KD5,1
11549046,260630112541051AGP2Y39CR-DO,MAC-KD5,MAC-KD5,1
11549046,26063011254105LBPM7PPVD-01,MAC-KD5,MAC-KD5,1
11549046,26063011254105LBPM7PPVD-DO,MAC-KD5,MAC-KD5,1
11549046,26063011265369RNKSLWAXO-01,MAC-KD5,MAC-KD5,1
11549046,26063011265369RNKSLWAXO-DO,MAC-KD5,MAC-KD5,1
11549046,260630113032997WNM74GS-01,MAC-KM5,MAC-KM5,1
11549046,260630113032997WNM74GS-DO,MAC-KM5,MAC-KM5,1
11549046,26063011303299ATSLUBCSOY-01,MAC-KM5,MAC-KM5,1
11549046,26063011303299ATSLUBCSOY-DO,MAC-KM5,MAC-KM5,1
11549046,26063011303299MDZHLML6P-01,MAC-KM5,MAC-KM5,1
11549046,26063011303299MDZHLML6P-DO,MAC-KM5,MAC-KM5,1
11549046,26063011580931JXYN0E96JN-01,MAC-CB5,MAC-CB5,1
11549046,26063011580931JXYN0E96JN-02,MAC-CB5,MAC-CB5,1
11549046,26063011580931JXYN0E96JN-DO,MAC-CB5,MAC-CB5,1
11549046,26063011580931X46OPJYD-01,MAC-CB5,MAC-CB5,1
11549046,26063011580931X46OPJYD-DO,MAC-CB5,MAC-CB5,1
11549046,26063011595443C4SMAZ17OG-01,MAC-CB5,MAC-CB5,1
11549046,26063011595443C4SMAZ17OG-02,MAC-CB5,MAC-CB5,1
11549046,26063011595443C4SMAZ17OG-DO,MAC-CB5,MAC-CB5,1
11549046,26063011595443IGEHGFKW-01,MAC-CB5,MAC-CB5,1
11549046,26063011595443IGEHGFKW-DO,MAC-CB5,MAC-CB5,1
11549046,26063012033711ZIULU24D9-01,MAC-CP5,MAC-CP5,1
11549046,26063012033711ZIULU24D9-02,MAC-CP5,MAC-CP5,1
11549046,26063012033711ZIULU24D9-DO,MAC-CP5,MAC-CP5,1
11549046,26063012115680KIBQTL75Y-01,MAC-CP5,MAC-CP5,1
11549046,26063012115680KIBQTL75Y-DO,MAC-CP5,MAC-CP5,1
11549046,26063012183582CW3D7IMZG-01,MAC-KM5,MAC-KM5,1
11549046,26063012183582CW3D7IMZG-DO,MAC-KM5,MAC-KM5,1
11549046,26063012340530IZ98D0DJT-01,MAC-KD5,MAC-KD5,1
11549046,26063012340530IZ98D0DJT-DO,MAC-KD5,MAC-KD5,1
11549046,26063012463606PVQ8XDD0M-01,MAC-KD5,MAC-KD5,1
11549046,26063012463606PVQ8XDD0M-DO,MAC-KD5,MAC-KD5,1
11549046,260630125112070NSGJRLRS-01,MAC-KD5,MAC-KD5,1
11549046,260630125112070NSGJRLRS-DO,MAC-KD5,MAC-KD5,1
11549046,26063012511208NNEWAZ0RWJ-01,MAC-KD5,MAC-KD5,1
11549046,26063012511208NNEWAZ0RWJ-DO,MAC-KD5,MAC-KD5,1
11549046,26063012524571V1IX6FC5N-01,MAC-KM5,MAC-KM5,1
11549046,26063012524571V1IX6FC5N-DO,MAC-KM5,MAC-KM5,1
11549046,26063012543926E57N3C5WL-01,MAC-KM5,MAC-KM5,1
11549046,26063012543926E57N3C5WL-DO,MAC-KM5,MAC-KM5,1
11549046,26063013133318IZ1ZHOMFGJ-01,MAC-KD5,MAC-KD5,1
11549046,26063013133318IZ1ZHOMFGJ-DO,MAC-KD5,MAC-KD5,1
11549046,26063013133318Q0LW3DG8-01,MAC-KD5,MAC-KD5,1
11549046,26063013133318Q0LW3DG8-DO,MAC-KD5,MAC-KD5,1
11549046,260630131746855BHBPYUI4L-01,MAC-KD5,MAC-KD5,1
11549046,260630131746855BHBPYUI4L-DO,MAC-KD5,MAC-KD5,1
11549046,26063013174685DBLBGSSY9Z-01,MAC-KD5,MAC-KD5,1
11549046,26063013174685DBLBGSSY9Z-DO,MAC-KD5,MAC-KD5,1
11549046,26063013174685TSQXEB4FF-01,MAC-KD5,MAC-KD5,1
11549046,26063013174685TSQXEB4FF-DO,MAC-KD5,MAC-KD5,1
11549046,26063013174685VVWRTJJZC7-01,MAC-KD5,MAC-KD5,1
11549046,26063013174685VVWRTJJZC7-DO,MAC-KD5,MAC-KD5,1
11549046,26063013333527NJZ9ASGH-01,MAC-CB5,MAC-CB5,1
11549046,26063013333527NJZ9ASGH-DO,MAC-CB5,MAC-CB5,1
11549046,26063013460165ZKUV3MKLS-01,MAC-KM5,MAC-KM5,1
11549046,26063013460165ZKUV3MKLS-DO,MAC-KM5,MAC-KM5,1
11549046,26063013463237J79SGSBJU-01,MAC-KM5,MAC-KM5,1
11549046,26063013463237J79SGSBJU-DO,MAC-KM5,MAC-KM5,1
11549046,26063013482036E8JJGYE3TR-01,MAC-CB5,MAC-CB5,1
11549046,26063013482036E8JJGYE3TR-DO,MAC-CB5,MAC-CB5,1
11549046,26063013482036GRQT09SXZ-01,MAC-CB5,MAC-CB5,1
11549046,26063013482036GRQT09SXZ-DO,MAC-CB5,MAC-CB5,1
11549046,26063013522694BGGHANCRVZ-01,MAC-KD5,MAC-KD5,1
11549046,26063013522694BGGHANCRVZ-DO,MAC-KD5,MAC-KD5,1
11549046,26063013522694JFXZJX0CW6-01,MAC-KD5,MAC-KD5,1
11549046,26063013522694JFXZJX0CW6-DO,MAC-KD5,MAC-KD5,1
11549046,26063013522694JJB11KBW-01,MAC-KD5,MAC-KD5,1
11549046,26063013522694JJB11KBW-DO,MAC-KD5,MAC-KD5,1
11549046,26063013552396A9VZLLOH7A-01,MAC-KM5,MAC-KM5,1
11549046,26063013552396A9VZLLOH7A-DO,MAC-KM5,MAC-KM5,1
11549046,26063013552396DNKDXHULCF-01,MAC-KM5,MAC-KM5,1
11549046,26063013552396DNKDXHULCF-DO,MAC-KM5,MAC-KM5,1
11549046,26063013552396HCDVXEBBU-01,MAC-KM5,MAC-KM5,1
11549046,26063013552396HCDVXEBBU-DO,MAC-KM5,MAC-KM5,1
11549046,26063013552396WQBWKG0A-01,MAC-KM5,MAC-KM5,1
11549046,26063013552396WQBWKG0A-DO,MAC-KM5,MAC-KM5,1
11549046,26063013560902OTWPJRFUD-01,MAC-KD5,MAC-KD5,1
11549046,26063013560902OTWPJRFUD-DO,MAC-KD5,MAC-KD5,1
11549046,260630140853481DWEG5RM-01,MAC-KD5,MAC-KD5,1
11549046,260630140853481DWEG5RM-DO,MAC-KD5,MAC-KD5,1
11549046,26063014085349078JGDWCMM-01,MAC-KD5,MAC-KD5,1
11549046,26063014085349078JGDWCMM-DO,MAC-KD5,MAC-KD5,1
11549046,26063014085349MSZH5DQ6HP-01,MAC-KD5,MAC-KD5,1
11549046,26063014085349MSZH5DQ6HP-DO,MAC-KD5,MAC-KD5,1
11549046,26063014184027ZFV5TUM8T-01,MAC-CP5,MAC-CP5,1
11549046,26063014184027ZFV5TUM8T-DO,MAC-CP5,MAC-CP5,1
11549046,260630142209040O7BJX0NE-01,MAC-KM5,MAC-KM5,1
11549046,260630142209040O7BJX0NE-DO,MAC-KM5,MAC-KM5,1
11549046,260630142209041FVRFR3RGM-01,MAC-KM5,MAC-KM5,1
11549046,260630142209041FVRFR3RGM-02,MAC-KM5,MAC-KM5,1
11549046,260630142209041FVRFR3RGM-DO,MAC-KM5,MAC-KM5,1
11549046,26063014225631EI3XZN7R-01,MAC-KD5,MAC-KD5,1
11549046,26063014225631EI3XZN7R-DO,MAC-KD5,MAC-KD5,1
11549046,26063014265406IXBPPCE5X-01,MAC-KM5,MAC-KM5,1
11549046,26063014265406IXBPPCE5X-DO,MAC-KM5,MAC-KM5,1
11549046,26063014265406K5HDDPILBH-01,MAC-KM5,MAC-KM5,1
11549046,26063014265406K5HDDPILBH-02,MAC-KM5,MAC-KM5,1
11549046,26063014265406K5HDDPILBH-DO,MAC-KM5,MAC-KM5,1
11549046,260630143118572CXFZGR1FZ-01,MAC-CP5,MAC-CP5,1
11549046,260630143118572CXFZGR1FZ-DO,MAC-CP5,MAC-CP5,1
11549046,26063014311857JLKPDBFCF-01,MAC-CP5,MAC-CP5,1
11549046,26063014311857JLKPDBFCF-DO,MAC-CP5,MAC-CP5,1
11549046,26063014311857JNVEGOXITV-01,MAC-CP5,MAC-CP5,1
11549046,26063014311857JNVEGOXITV-DO,MAC-CP5,MAC-CP5,1
11549046,26063014361024OLY3A6F4SY-01,MAC-CB5,MAC-CB5,1
11549046,26063014361024OLY3A6F4SY-DO,MAC-CB5,MAC-CB5,1
11549046,26063014361024RF4KWIMCX-01,MAC-CB5,MAC-CB5,1
11549046,26063014361024RF4KWIMCX-DO,MAC-CB5,MAC-CB5,1
11549046,26063014372647C8AWICG5X-01,MAC-KM5,MAC-KM5,1
11549046,26063014372647C8AWICG5X-DO,MAC-KM5,MAC-KM5,1
11549046,26063014372647DOHOJ2Y4XN-01,MAC-KM5,MAC-KM5,1
11549046,26063014372647DOHOJ2Y4XN-02,MAC-KM5,MAC-KM5,1
11549046,26063014372647DOHOJ2Y4XN-DO,MAC-KM5,MAC-KM5,1
11549046,26063014395893RSLN0IQLV-01,MAC-CP5,MAC-CP5,1
11549046,26063014395893RSLN0IQLV-DO,MAC-CP5,MAC-CP5,1
11549046,26063014460293CHD78NH95-01,MAC-KD5,MAC-KD5,1
11549046,26063014460293CHD78NH95-DO,MAC-KD5,MAC-KD5,1
11549046,26063014460293EP03X4FHE-01,MAC-KD5,MAC-KD5,1
11549046,26063014460293EP03X4FHE-02,MAC-KD5,MAC-KD5,1
11549046,26063014460293EP03X4FHE-DO,MAC-KD5,MAC-KD5,1
11549046,260630144811571HSGWVQOEQ-01,MAC-CB5,MAC-CB5,1
11549046,260630144811571HSGWVQOEQ-DO,MAC-CB5,MAC-CB5,1
11549046,26063014481157XTOVW8C-01,MAC-CB5,MAC-CB5,1
11549046,26063014481157XTOVW8C-DO,MAC-CB5,MAC-CB5,1
11549046,26063014504244EFUO12RRV-01,MAC-KD5,MAC-KD5,1
11549046,26063014504244EFUO12RRV-02,MAC-KD5,MAC-KD5,1
11549046,26063014504244EFUO12RRV-DO,MAC-KD5,MAC-KD5,1
11549046,26063014520677ALTXTSO5G-01,MAC-CB5,MAC-CB5,1
11549046,26063014520677ALTXTSO5G-DO,MAC-CB5,MAC-CB5,1
11549046,26063014544730VNWPAOC5R-01,MAC-CB5,MAC-CB5,1
11549046,26063014544730VNWPAOC5R-DO,MAC-CB5,MAC-CB5,1
11549046,26063014562904SIJVDZBWI-01,MAC-CB5,MAC-CB5,1
11549046,26063014562904SIJVDZBWI-DO,MAC-CB5,MAC-CB5,1
11549046,26063014562904ZKOMGTLL0Z-01,MAC-CB5,MAC-CB5,1
11549046,26063014562904ZKOMGTLL0Z-DO,MAC-CB5,MAC-CB5,1
11549046,26063014580826SXLTJGHJL-01,MAC-CB5,MAC-CB5,1
11549046,26063014580826SXLTJGHJL-DO,MAC-CB5,MAC-CB5,1
11549046,26063014583259KGGEBYCH-01,MAC-KM5,MAC-KM5,1
11549046,26063014583259KGGEBYCH-02,MAC-KM5,MAC-KM5,1
11549046,26063014583259KGGEBYCH-DO,MAC-KM5,MAC-KM5,1
11549046,26063014583259OKUQG6SVTO-01,MAC-KM5,MAC-KM5,1
11549046,26063014583259OKUQG6SVTO-DO,MAC-KM5,MAC-KM5,1
11549046,26063014583259RUKJLAD-01,MAC-KM5,MAC-KM5,1
11549046,26063014583259RUKJLAD-DO,MAC-KM5,MAC-KM5,1
11549046,2606301459161695GSSBGH0Z-01,MAC-CP5,MAC-CP5,1
11549046,2606301459161695GSSBGH0Z-02,MAC-CP5,MAC-CP5,1
11549046,2606301459161695GSSBGH0Z-03,MAC-CP5,MAC-CP5,1
11549046,2606301459161695GSSBGH0Z-DO,MAC-CP5,MAC-CP5,1
11549046,26063014591616UTENB45QD-01,MAC-CP5,MAC-CP5,1
11549046,26063014591616UTENB45QD-DO,MAC-CP5,MAC-CP5,1
11549046,2606301500465450LEEEN3-01,MAC-CB5,MAC-CB5,1
11549046,2606301500465450LEEEN3-02,MAC-CB5,MAC-CB5,1
11549046,2606301500465450LEEEN3-DO,MAC-CB5,MAC-CB5,1
11549046,26063015004654INE5LY6T-01,MAC-CB5,MAC-CB5,1
11549046,26063015004654INE5LY6T-DO,MAC-CB5,MAC-CB5,1
11549046,26063015004654LUUKYTBEW1-01,MAC-CB5,MAC-CB5,1
11549046,26063015004654LUUKYTBEW1-02,MAC-CB5,MAC-CB5,1
11549046,26063015004654LUUKYTBEW1-DO,MAC-CB5,MAC-CB5,1
11549046,26063015004654MKGJ4NKBNO-01,MAC-CB5,MAC-CB5,1
11549046,26063015004654MKGJ4NKBNO-02,MAC-CB5,MAC-CB5,1
11549046,26063015004654MKGJ4NKBNO-DO,MAC-CB5,MAC-CB5,1
11549046,26063015004654QTXHXV2XGW-01,MAC-CB5,MAC-CB5,1
11549046,26063015004654QTXHXV2XGW-02,MAC-CB5,MAC-CB5,1
11549046,26063015004654QTXHXV2XGW-DO,MAC-CB5,MAC-CB5,1
11549046,26063015032071TYD32S4AV-01,MAC-KM5,MAC-KM5,1
11549046,26063015032071TYD32S4AV-DO,MAC-KM5,MAC-KM5,1
11549046,26063015035892EMOGZAHSA-01,MAC-KD5,MAC-KD5,1
11549046,26063015035892EMOGZAHSA-DO,MAC-KD5,MAC-KD5,1
11549046,26063015035892P8EP4VJBM-01,MAC-KD5,MAC-KD5,1
11549046,26063015035892P8EP4VJBM-DO,MAC-KD5,MAC-KD5,1
11549046,260630150606449KCYC4YOX-01,MAC-CP5,MAC-CP5,1
11549046,260630150606449KCYC4YOX-DO,MAC-CP5,MAC-CP5,1
11549046,2606301514552361XOMDTVZ-01,MAC-KD5,MAC-KD5,1
11549046,2606301514552361XOMDTVZ-02,MAC-KD5,MAC-KD5,1
11549046,2606301514552361XOMDTVZ-03,MAC-KD5,MAC-KD5,1
11549046,2606301514552361XOMDTVZ-DO,MAC-KD5,MAC-KD5,1
11549046,2606301514552465NSVOUFMV-01,MAC-KD5,MAC-KD5,1
11549046,2606301514552465NSVOUFMV-02,MAC-KD5,MAC-KD5,1
11549046,2606301514552465NSVOUFMV-DO,MAC-KD5,MAC-KD5,1
11549046,260630151455247KWWP9YDMH-01,MAC-KD5,MAC-KD5,1
11549046,260630151455247KWWP9YDMH-02,MAC-KD5,MAC-KD5,1
11549046,260630151455247KWWP9YDMH-03,MAC-KD5,MAC-KD5,1
11549046,260630151455247KWWP9YDMH-DO,MAC-KD5,MAC-KD5,1
11549046,26063015145524BWPN6TVJ7-01,MAC-KD5,MAC-KD5,1
11549046,26063015145524BWPN6TVJ7-02,MAC-KD5,MAC-KD5,1
11549046,26063015145524BWPN6TVJ7-DO,MAC-KD5,MAC-KD5,1
11549046,26063015145524N55OOJAXS3-01,MAC-KD5,MAC-KD5,1
11549046,26063015145524N55OOJAXS3-02,MAC-KD5,MAC-KD5,1
11549046,26063015145524N55OOJAXS3-03,MAC-KD5,MAC-KD5,1
11549046,26063015145524N55OOJAXS3-DO,MAC-KD5,MAC-KD5,1
11549046,26063015145524O3ZBPDKYP-01,MAC-KD5,MAC-KD5,1
11549046,26063015145524O3ZBPDKYP-02,MAC-KD5,MAC-KD5,1
11549046,26063015145524O3ZBPDKYP-DO,MAC-KD5,MAC-KD5,1
11549046,26063015145524WUD1ZYTCZ6-01,MAC-KD5,MAC-KD5,1
11549046,26063015145524WUD1ZYTCZ6-DO,MAC-KD5,MAC-KD5,1
11549046,26063015153713VKG3BZ9OZ-01,MAC-CB5,MAC-CB5,1
11549046,26063015153713VKG3BZ9OZ-DO,MAC-CB5,MAC-CB5,1
11549046,26063015153713W2XNTYNUTU-01,MAC-CB5,MAC-CB5,1
11549046,26063015153713W2XNTYNUTU-DO,MAC-CB5,MAC-CB5,1
11549046,26063015221789JSEJKBBOR-01,MAC-KM5,MAC-KM5,1
11549046,26063015221789JSEJKBBOR-DO,MAC-KM5,MAC-KM5,1
11549046,26063015221789QCZUSBLGUU-01,MAC-KM5,MAC-KM5,1
11549046,26063015221789QCZUSBLGUU-DO,MAC-KM5,MAC-KM5,1
11549046,26063015221789XERF5DWEA-01,MAC-KM5,MAC-KM5,1
11549046,26063015221789XERF5DWEA-DO,MAC-KM5,MAC-KM5,1
11549046,26063015375590D6PNXDQFF-01,MAC-CB5,MAC-CB5,1
11549046,26063015375590D6PNXDQFF-DO,MAC-CB5,MAC-CB5,1
11549046,26063015375590PKAIZSPY9H-01,MAC-CB5,MAC-CB5,1
11549046,26063015375590PKAIZSPY9H-DO,MAC-CB5,MAC-CB5,1
11549046,260630153820526IRAEL1JMR-01,MAC-KM5,MAC-KM5,1
11549046,260630153820526IRAEL1JMR-DO,MAC-KM5,MAC-KM5,1
11549046,26063015382052BK6WH2RMS-01,MAC-KM5,MAC-KM5,1
11549046,26063015382052BK6WH2RMS-DO,MAC-KM5,MAC-KM5,1
11549046,260630160316880D80FSDICS-01,MAC-KD5,MAC-KD5,1
11549046,260630160316880D80FSDICS-02,MAC-KD5,MAC-KD5,1
11549046,260630160316880D80FSDICS-03,MAC-KD5,MAC-KD5,1
11549046,260630160316880D80FSDICS-DO,MAC-KD5,MAC-KD5,1
11549046,26063016031688P7VBM5CW9P-01,MAC-KD5,MAC-KD5,1
11549046,26063016031688P7VBM5CW9P-02,MAC-KD5,MAC-KD5,1
11549046,26063016031688P7VBM5CW9P-DO,MAC-KD5,MAC-KD5,1
11549046,26063016031688VDOWC8EE-01,MAC-KD5,MAC-KD5,1
11549046,26063016031688VDOWC8EE-02,MAC-KD5,MAC-KD5,1
11549046,26063016031688VDOWC8EE-DO,MAC-KD5,MAC-KD5,1
11549046,26063016031688XYAJJSOG2-01,MAC-KD5,MAC-KD5,1
11549046,26063016031688XYAJJSOG2-DO,MAC-KD5,MAC-KD5,1
11549046,26063016090049JNAUKBG3R-01,MAC-KD5,MAC-KD5,1
11549046,26063016090049JNAUKBG3R-DO,MAC-KD5,MAC-KD5,1
11549046,26063016101248JLXAIWS9MP-01,MAC-CP5,MAC-CP5,1
11549046,26063016101248JLXAIWS9MP-02,MAC-CP5,MAC-CP5,1
11549046,26063016101248JLXAIWS9MP-DO,MAC-CP5,MAC-CP5,1
11549046,26063016101248RD3K581JE-01,MAC-CP5,MAC-CP5,1
11549046,26063016101248RD3K581JE-DO,MAC-CP5,MAC-CP5,1
11549046,26063016132231KQ232SSTM-01,MAC-KD5,MAC-KD5,1
11549046,26063016132231KQ232SSTM-DO,MAC-KD5,MAC-KD5,1
11549046,26063016132231LELUWWHBIX-01,MAC-KD5,MAC-KD5,1
11549046,26063016132231LELUWWHBIX-02,MAC-KD5,MAC-KD5,1
11549046,26063016132231LELUWWHBIX-DO,MAC-KD5,MAC-KD5,1
11549046,26063016132231O1OZQRWJA-01,MAC-KD5,MAC-KD5,1
11549046,26063016132231O1OZQRWJA-DO,MAC-KD5,MAC-KD5,1
11549046,26063016132231QPN4H6BKHQ-01,MAC-KD5,MAC-KD5,1
11549046,26063016132231QPN4H6BKHQ-DO,MAC-KD5,MAC-KD5,1
11549046,26063016135323IIBBTXVX-01,MAC-KD5,MAC-KD5,1
11549046,26063016135323IIBBTXVX-DO,MAC-KD5,MAC-KD5,1
11549046,26063016135323PFYRQ8UYDN-01,MAC-KD5,MAC-KD5,1
11549046,26063016135323PFYRQ8UYDN-DO,MAC-KD5,MAC-KD5,1
11549046,26063016194201CXZRE2PBP1-01,MAC-KD5,MAC-KD5,1
11549046,26063016194201CXZRE2PBP1-DO,MAC-KD5,MAC-KD5,1
11549046,26063016194201HTXVWWE5GN-01,MAC-KD5,MAC-KD5,1
11549046,26063016194201HTXVWWE5GN-DO,MAC-KD5,MAC-KD5,1
11549046,26063016194201JNEFC3GZJ2-01,MAC-KD5,MAC-KD5,1
11549046,26063016194201JNEFC3GZJ2-02,MAC-KD5,MAC-KD5,1
11549046,26063016194201JNEFC3GZJ2-DO,MAC-KD5,MAC-KD5,1
11549046,26063016194201SLP0FBGDS-01,MAC-KD5,MAC-KD5,1
11549046,26063016194201SLP0FBGDS-DO,MAC-KD5,MAC-KD5,1
11549046,26063016221845A5PX0IMG-01,MAC-CB5,MAC-CB5,1
11549046,26063016221845A5PX0IMG-02,MAC-CB5,MAC-CB5,1
11549046,26063016221845A5PX0IMG-03,MAC-CB5,MAC-CB5,1
11549046,26063016221845A5PX0IMG-DO,MAC-CB5,MAC-CB5,1
11549046,26063016221845CQ8OQRRCQ-01,MAC-CB5,MAC-CB5,1
11549046,26063016221845CQ8OQRRCQ-02,MAC-CB5,MAC-CB5,1
11549046,26063016221845CQ8OQRRCQ-DO,MAC-CB5,MAC-CB5,1
11549046,26063016221845DBEN8VJRLE-01,MAC-CB5,MAC-CB5,1
11549046,26063016221845DBEN8VJRLE-02,MAC-CB5,MAC-CB5,1
11549046,26063016221845DBEN8VJRLE-DO,MAC-CB5,MAC-CB5,1
11549046,26063016221845FOXV0ZRVYW-01,MAC-CB5,MAC-CB5,1
11549046,26063016221845FOXV0ZRVYW-DO,MAC-CB5,MAC-CB5,1
11549046,26063016221845SE9QESUSXQ-01,MAC-CB5,MAC-CB5,1
11549046,26063016221845SE9QESUSXQ-02,MAC-CB5,MAC-CB5,1
11549046,26063016221845SE9QESUSXQ-DO,MAC-CB5,MAC-CB5,1
11549046,26063016221845TTQEMUSYG-01,MAC-CB5,MAC-CB5,1
11549046,26063016221845TTQEMUSYG-DO,MAC-CB5,MAC-CB5,1
11549046,26063017075014ISYVVJPV2-01,MAC-CP5,MAC-CP5,1
11549046,26063017075014ISYVVJPV2-DO,MAC-CP5,MAC-CP5,1
11549046,26063017075014YWMD2RQKRE-01,MAC-CP5,MAC-CP5,1
11549046,26063017075014YWMD2RQKRE-02,MAC-CP5,MAC-CP5,1
11549046,26063017075014YWMD2RQKRE-DO,MAC-CP5,MAC-CP5,1
11549046,26063023030497A73XFXJVO-01,MAC-KM5,MAC-KM5,1
11549046,26063023030497A73XFXJVO-DO,MAC-KM5,MAC-KM5,1
11549046,260630232428125HNMHXHSL-01,MAC-KD5,MAC-KD5,1
11549046,260630232428125HNMHXHSL-DO,MAC-KD5,MAC-KD5,1
11549046,26063023242812SDY8BJEDYI-01,MAC-KD5,MAC-KD5,1
11549046,26063023242812SDY8BJEDYI-DO,MAC-KD5,MAC-KD5,1
11549046,260630232833666SN9TWZYU-01,MAC-CB5,MAC-CB5,1
11549046,260630232833666SN9TWZYU-DO,MAC-CB5,MAC-CB5,1
11549046,26063023283366EQMJQ6GJ6J-01,MAC-CB5,MAC-CB5,1
11549046,26063023283366EQMJQ6GJ6J-DO,MAC-CB5,MAC-CB5,1
11549046,26063023283366I1OFEUUEXB-01,MAC-CB5,MAC-CB5,1
11549046,26063023283366I1OFEUUEXB-DO,MAC-CB5,MAC-CB5,1
11549046,26063023331880JWSYWN48HF-01,MAC-KD5,MAC-KD5,1
11549046,26063023331880JWSYWN48HF-DO,MAC-KD5,MAC-KD5,1
11549046,26063023331880XXHT9NEG-01,MAC-KD5,MAC-KD5,1
11549046,26063023331880XXHT9NEG-DO,MAC-KD5,MAC-KD5,1
11549046,26063023331880ZHOPMUQ34S-01,MAC-KD5,MAC-KD5,1
11549046,26063023331880ZHOPMUQ34S-DO,MAC-KD5,MAC-KD5,1
11549046,26063023334538G7MPFFIPO-01,MAC-KD5,MAC-KD5,1
11549046,26063023334538G7MPFFIPO-DO,MAC-KD5,MAC-KD5,1
11549046,26063023335839GAYAOBUY-01,MAC-CB5,MAC-CB5,1
11549046,26063023335839GAYAOBUY-DO,MAC-CB5,MAC-CB5,1
11549046,26063023335839L8TEJY0FU-01,MAC-CB5,MAC-CB5,1
11549046,26063023335839L8TEJY0FU-DO,MAC-CB5,MAC-CB5,1
11549046,260630233407566QKERNTTX-01,MAC-CB5,MAC-CB5,1
11549046,260630233407566QKERNTTX-DO,MAC-CB5,MAC-CB5,1
11549046,26063023345926VAIPLF3JE-01,MAC-KD5,MAC-KD5,1
11549046,26063023345926VAIPLF3JE-DO,MAC-KD5,MAC-KD5,1
11549046,2606302335599040G34A3HW-01,MAC-CB5,MAC-CB5,1
11549046,2606302335599040G34A3HW-DO,MAC-CB5,MAC-CB5,1
11549046,26063023355990IOLY6RJXC-01,MAC-CB5,MAC-CB5,1
11549046,26063023355990IOLY6RJXC-02,MAC-CB5,MAC-CB5,1
11549046,26063023355990IOLY6RJXC-03,MAC-CB5,MAC-CB5,1
11549046,26063023355990IOLY6RJXC-DO,MAC-CB5,MAC-CB5,1
11549046,26063023355990XM6J3JTDBD-01,MAC-CB5,MAC-CB5,1
11549046,26063023355990XM6J3JTDBD-02,MAC-CB5,MAC-CB5,1
11549046,26063023355990XM6J3JTDBD-DO,MAC-CB5,MAC-CB5,1
11549046,26063023355990ZWCUBKTYOU-01,MAC-CB5,MAC-CB5,1
11549046,26063023355990ZWCUBKTYOU-DO,MAC-CB5,MAC-CB5,1
11549046,260630235324290DX2IPXNYI-01,MAC-KD5,MAC-KD5,1
11549046,260630235324290DX2IPXNYI-DO,MAC-KD5,MAC-KD5,1
11549046,26063023532429ZI6XT5XCZ-01,MAC-KD5,MAC-KD5,1
11549046,26063023532429ZI6XT5XCZ-DO,MAC-KD5,MAC-KD5,1
11549046,2606302356399465YRQMPQ-01,MAC-KD5,MAC-KD5,1
11549046,2606302356399465YRQMPQ-DO,MAC-KD5,MAC-KD5,1
11549046,26063023563994RXPC9DJCL-01,MAC-KD5,MAC-KD5,1
11549046,26063023563994RXPC9DJCL-DO,MAC-KD5,MAC-KD5,1
11549046,26063023563994WPJSDNWPOD-01,MAC-KD5,MAC-KD5,1
11549046,26063023563994WPJSDNWPOD-DO,MAC-KD5,MAC-KD5,1
11549046,26070100014212HP9N9TJUP-01,MAC-KD5,MAC-KD5,1
11549046,26070100014212HP9N9TJUP-DO,MAC-KD5,MAC-KD5,1
11549046,26070100014212OZB72KIWFO-01,MAC-KD5,MAC-KD5,1
11549046,26070100014212OZB72KIWFO-DO,MAC-KD5,MAC-KD5,1
11549046,2607010003341360PAXJ9GF-01,MAC-KD5,MAC-KD5,1
11549046,2607010003341360PAXJ9GF-DO,MAC-KD5,MAC-KD5,1
11549046,26070100033413DEE8EKNRFE-01,MAC-KD5,MAC-KD5,1
11549046,26070100033413DEE8EKNRFE-DO,MAC-KD5,MAC-KD5,1
11549046,26070100124671CHVM8HB9X-01,MAC-CB5,MAC-CB5,1
11549046,26070100124671CHVM8HB9X-DO,MAC-CB5,MAC-CB5,1
11549046,26070100124671KOQ62WHC8-01,MAC-CB5,MAC-CB5,1
11549046,26070100124671KOQ62WHC8-DO,MAC-CB5,MAC-CB5,1
11549046,260701001516666JITPACJM-01,MAC-CB5,MAC-CB5,1
11549046,260701001516666JITPACJM-DO,MAC-CB5,MAC-CB5,1
11549046,26070100151666BVPUWLE5D-01,MAC-CB5,MAC-CB5,1
11549046,26070100151666BVPUWLE5D-DO,MAC-CB5,MAC-CB5,1
11549046,26070100151666XCCH8U5JQJ-01,MAC-CB5,MAC-CB5,1
11549046,26070100151666XCCH8U5JQJ-DO,MAC-CB5,MAC-CB5,1
11549046,26070100180891EIWIZMV6Q-01,MAC-CB5,MAC-CB5,1
11549046,26070100180891EIWIZMV6Q-DO,MAC-CB5,MAC-CB5,1
11549046,26070100180891KU2YPH4EI-01,MAC-CB5,MAC-CB5,1
11549046,26070100180891KU2YPH4EI-DO,MAC-CB5,MAC-CB5,1
11549046,26070100193374UNDXVGGVR-01,MAC-KD5,MAC-KD5,1
11549046,26070100193374UNDXVGGVR-02,MAC-KD5,MAC-KD5,1
11549046,26070100193374UNDXVGGVR-DO,MAC-KD5,MAC-KD5,1
11549046,26070100212793B4PY3KHT2T-01,MAC-CB5,MAC-CB5,1
11549046,26070100212793B4PY3KHT2T-DO,MAC-CB5,MAC-CB5,1
11549046,26070100212793JCNGIR8AJ-01,MAC-CB5,MAC-CB5,1
11549046,26070100212793JCNGIR8AJ-DO,MAC-CB5,MAC-CB5,1
11549046,26070100254447AVU21B4FK-01,MAC-KM5,MAC-KM5,1
11549046,26070100254447AVU21B4FK-DO,MAC-KM5,MAC-KM5,1
11549046,260701003839823HY86NUNFV-01,MAC-KM5,MAC-KM5,1
11549046,260701003839823HY86NUNFV-02,MAC-KM5,MAC-KM5,1
11549046,260701003839823HY86NUNFV-DO,MAC-KM5,MAC-KM5,1
11549046,2607010038398266MSVNBVZL-01,MAC-KM5,MAC-KM5,1
11549046,2607010038398266MSVNBVZL-DO,MAC-KM5,MAC-KM5,1
11549046,26070100383982LAO0RUDS9D-01,MAC-KM5,MAC-KM5,1
11549046,26070100383982LAO0RUDS9D-02,MAC-KM5,MAC-KM5,1
11549046,26070100383982LAO0RUDS9D-03,MAC-KM5,MAC-KM5,1
11549046,26070100383982LAO0RUDS9D-04,MAC-KM5,MAC-KM5,1
11549046,26070100383982LAO0RUDS9D-DO,MAC-KM5,MAC-KM5,1
11549046,26070100383982LDBZRIJMM-01,MAC-KM5,MAC-KM5,1
11549046,26070100383982LDBZRIJMM-02,MAC-KM5,MAC-KM5,1
11549046,26070100383982LDBZRIJMM-03,MAC-KM5,MAC-KM5,1
11549046,26070100383982LDBZRIJMM-DO,MAC-KM5,MAC-KM5,1
11549046,26070100383982YRUKE8FNDH-01,MAC-KM5,MAC-KM5,1
11549046,26070100383982YRUKE8FNDH-02,MAC-KM5,MAC-KM5,1
11549046,26070100383982YRUKE8FNDH-DO,MAC-KM5,MAC-KM5,1
11549046,26070100390696YRPHJTQ07-01,MAC-KD5,MAC-KD5,1
11549046,26070100390696YRPHJTQ07-DO,MAC-KD5,MAC-KD5,1
11549046,26070100390697H7RBBIYZHM-01,MAC-KD5,MAC-KD5,1
11549046,26070100390697H7RBBIYZHM-DO,MAC-KD5,MAC-KD5,1
11549046,26070100404835VHTKVZ9JV-01,MAC-CB5,MAC-CB5,1
11549046,26070100404835VHTKVZ9JV-DO,MAC-CB5,MAC-CB5,1
11549046,26070100443570IGHID6FP7-01,MAC-KD5,MAC-KD5,1
11549046,26070100443570IGHID6FP7-DO,MAC-KD5,MAC-KD5,1
11549046,26070100554862S2BWE1LFF-01,MAC-KD5,MAC-KD5,1
11549046,26070100554862S2BWE1LFF-DO,MAC-KD5,MAC-KD5,1
11549046,26070100554863JMB0HABAN-01,MAC-KD5,MAC-KD5,1
11549046,26070100554863JMB0HABAN-DO,MAC-KD5,MAC-KD5,1
11549046,26070101002697C2U2IYCK-01,MAC-KD5,MAC-KD5,1
11549046,26070101002697C2U2IYCK-DO,MAC-KD5,MAC-KD5,1
11549046,26070101002697HNJHV1NCZE-01,MAC-KD5,MAC-KD5,1
11549046,26070101002697HNJHV1NCZE-DO,MAC-KD5,MAC-KD5,1
11549046,26070101002697WVN4MSS-01,MAC-KD5,MAC-KD5,1
11549046,26070101002697WVN4MSS-DO,MAC-KD5,MAC-KD5,1
11549046,26070101060110B3D0ZLFDM-01,MAC-KD5,MAC-KD5,1
11549046,26070101060110B3D0ZLFDM-DO,MAC-KD5,MAC-KD5,1
11549046,26070101060110WWUXT65THH-01,MAC-KD5,MAC-KD5,1
11549046,26070101060110WWUXT65THH-DO,MAC-KD5,MAC-KD5,1
11549046,26070101071079C9YFPLZZF-01,MAC-KM5,MAC-KM5,1
11549046,26070101071079C9YFPLZZF-DO,MAC-KM5,MAC-KM5,1
11549046,26070101071079G36YTA9FO-01,MAC-KM5,MAC-KM5,1
11549046,26070101071079G36YTA9FO-DO,MAC-KM5,MAC-KM5,1
11549046,26070101071079UTYJLBTLXI-01,MAC-KM5,MAC-KM5,1
11549046,26070101071079UTYJLBTLXI-DO,MAC-KM5,MAC-KM5,1
11549046,26070101132893LQUQA8NGD-01,MAC-CB5,MAC-CB5,1
11549046,26070101132893LQUQA8NGD-DO,MAC-CB5,MAC-CB5,1
11549046,26070101211064CWTHGPHIT-01,MAC-CP5,MAC-CP5,1
11549046,26070101211064CWTHGPHIT-02,MAC-CP5,MAC-CP5,1
11549046,26070101211064CWTHGPHIT-DO,MAC-CP5,MAC-CP5,1
11549046,26070101221348B2NTRAPMD-01,MAC-KD5,MAC-KD5,1
11549046,26070101221348B2NTRAPMD-DO,MAC-KD5,MAC-KD5,1
11549046,26070101221348BAFCFEDGB0-01,MAC-KD5,MAC-KD5,1
11549046,26070101221348BAFCFEDGB0-DO,MAC-KD5,MAC-KD5,1
11549046,26070101221348HDDUGIKDFP-01,MAC-KD5,MAC-KD5,1
11549046,26070101221348HDDUGIKDFP-02,MAC-KD5,MAC-KD5,1
11549046,26070101221348HDDUGIKDFP-DO,MAC-KD5,MAC-KD5,1
11549046,2607010127019024WQOJAGY-01,MAC-KD5,MAC-KD5,1
11549046,2607010127019024WQOJAGY-DO,MAC-KD5,MAC-KD5,1
11549046,26070101331093ASFBKWKM-01,MAC-KD5,MAC-KD5,1
11549046,26070101331093ASFBKWKM-DO,MAC-KD5,MAC-KD5,1
11549046,26070101331093OOCDZZZ6H-01,MAC-KD5,MAC-KD5,1
11549046,26070101331093OOCDZZZ6H-DO,MAC-KD5,MAC-KD5,1
11549046,26070101331093OWJQPTGE0-01,MAC-KD5,MAC-KD5,1
11549046,26070101331093OWJQPTGE0-DO,MAC-KD5,MAC-KD5,1
11549046,26070101413945RV8ADMO4X-01,MAC-KD5,MAC-KD5,1
11549046,26070101413945RV8ADMO4X-DO,MAC-KD5,MAC-KD5,1
11549046,26070101413945ZGTBTVJ4Q-01,MAC-KD5,MAC-KD5,1
11549046,26070101413945ZGTBTVJ4Q-DO,MAC-KD5,MAC-KD5,1
11549046,26070101414173APZ4PKXHN-01,MAC-KD5,MAC-KD5,1
11549046,26070101414173APZ4PKXHN-DO,MAC-KD5,MAC-KD5,1
11549046,26070101414173IXDPHBYXDI-01,MAC-KD5,MAC-KD5,1
11549046,26070101414173IXDPHBYXDI-DO,MAC-KD5,MAC-KD5,1
11549046,26070101432075O4UJLGZLNA-01,MAC-KD5,MAC-KD5,1
11549046,26070101432075O4UJLGZLNA-DO,MAC-KD5,MAC-KD5,1
11549046,26070101432075WCFSHML9J-01,MAC-KD5,MAC-KD5,1
11549046,26070101432075WCFSHML9J-02,MAC-KD5,MAC-KD5,1
11549046,26070101432075WCFSHML9J-DO,MAC-KD5,MAC-KD5,1
11549046,260701014337027J3GW7MBR9-01,MAC-KD5,MAC-KD5,1
11549046,260701014337027J3GW7MBR9-DO,MAC-KD5,MAC-KD5,1
11549046,26070101433702ABYC06RRU3-01,MAC-KD5,MAC-KD5,1
11549046,26070101433702ABYC06RRU3-DO,MAC-KD5,MAC-KD5,1
11549046,26070101433702B0SC6SOIC-01,MAC-KD5,MAC-KD5,1
11549046,26070101433702B0SC6SOIC-DO,MAC-KD5,MAC-KD5,1
11549046,26070101433702MIEL31YPZO-01,MAC-KD5,MAC-KD5,1
11549046,26070101433702MIEL31YPZO-DO,MAC-KD5,MAC-KD5,1
11549046,26070101433702ZYLCTRN7-01,MAC-KD5,MAC-KD5,1
11549046,26070101433702ZYLCTRN7-DO,MAC-KD5,MAC-KD5,1
11549046,26070101451111RO77JF2V-01,MAC-KM5,MAC-KM5,1
11549046,26070101451111RO77JF2V-DO,MAC-KM5,MAC-KM5,1
11549046,26070101463480R1RFHNOYG-01,MAC-KD5,MAC-KD5,1
11549046,26070101463480R1RFHNOYG-DO,MAC-KD5,MAC-KD5,1
11549046,26070101483329IOK2BLVF-01,MAC-KM5,MAC-KM5,1
11549046,26070101483329IOK2BLVF-DO,MAC-KM5,MAC-KM5,1
11549046,26070101552445ZGSKDDBE-01,MAC-KM5,MAC-KM5,1
11549046,26070101552445ZGSKDDBE-DO,MAC-KM5,MAC-KM5,1
11549046,26070101594152THGSN8QITR-01,MAC-CB5,MAC-CB5,1
11549046,26070101594152THGSN8QITR-DO,MAC-CB5,MAC-CB5,1
11549046,26070101594152VPZVTYHV-01,MAC-CB5,MAC-CB5,1
11549046,26070101594152VPZVTYHV-DO,MAC-CB5,MAC-CB5,1
11549046,26070102001839EZPAD07IG-01,MAC-KD5,MAC-KD5,1
11549046,26070102001839EZPAD07IG-DO,MAC-KD5,MAC-KD5,1
11549046,26070102001839MZOIV6DBD-01,MAC-KD5,MAC-KD5,1
11549046,26070102001839MZOIV6DBD-DO,MAC-KD5,MAC-KD5,1
11549046,26070102022044ANRIPJGVB-01,MAC-CB5,MAC-CB5,1
11549046,26070102022044ANRIPJGVB-DO,MAC-CB5,MAC-CB5,1
11549046,26070102022044EL501JSG-01,MAC-CB5,MAC-CB5,1
11549046,26070102022044EL501JSG-DO,MAC-CB5,MAC-CB5,1
11549046,260701020408864EF3GBSYL-01,MAC-KD5,MAC-KD5,1
11549046,260701020408864EF3GBSYL-DO,MAC-KD5,MAC-KD5,1
11549046,26070102040886BBANKK7YDB-01,MAC-KD5,MAC-KD5,1
11549046,26070102040886BBANKK7YDB-DO,MAC-KD5,MAC-KD5,1
11549046,260701020540957O83GQW8UA-01,MAC-KD5,MAC-KD5,1
11549046,260701020540957O83GQW8UA-DO,MAC-KD5,MAC-KD5,1
11549046,26070102054095MT7M9AEC-01,MAC-KD5,MAC-KD5,1
11549046,26070102054095MT7M9AEC-DO,MAC-KD5,MAC-KD5,1
11549046,26070102054095MUHVF2BJH-01,MAC-KD5,MAC-KD5,1
11549046,26070102054095MUHVF2BJH-DO,MAC-KD5,MAC-KD5,1
11549046,26070102054095RSVXTFPQ3-01,MAC-KD5,MAC-KD5,1
11549046,26070102054095RSVXTFPQ3-DO,MAC-KD5,MAC-KD5,1
11549046,26070102062582L99QIQ7NO-01,MAC-KD5,MAC-KD5,1
11549046,26070102062582L99QIQ7NO-DO,MAC-KD5,MAC-KD5,1
11549046,260701020830619XQDNLA1M0-01,MAC-CB5,MAC-CB5,1
11549046,260701020830619XQDNLA1M0-DO,MAC-CB5,MAC-CB5,1
11549046,26070102083061QUEXN6YAW-01,MAC-CB5,MAC-CB5,1
11549046,26070102083061QUEXN6YAW-DO,MAC-CB5,MAC-CB5,1
11549046,26070102095244DEHPJBOL7P-01,MAC-KM5,MAC-KM5,1
11549046,26070102095244DEHPJBOL7P-DO,MAC-KM5,MAC-KM5,1
11549046,26070102095244PZDQV3MJJ-01,MAC-KM5,MAC-KM5,1
11549046,26070102095244PZDQV3MJJ-DO,MAC-KM5,MAC-KM5,1
11549046,26070102113853PCME6O2N6-01,MAC-CB5,MAC-CB5,1
11549046,26070102113853PCME6O2N6-DO,MAC-CB5,MAC-CB5,1
11549046,26070102113853VWPWLTTID-01,MAC-CB5,MAC-CB5,1
11549046,26070102113853VWPWLTTID-DO,MAC-CB5,MAC-CB5,1
11549046,26070102120016I4LWK8NTOR-01,MAC-CB5,MAC-CB5,1
11549046,26070102120016I4LWK8NTOR-DO,MAC-CB5,MAC-CB5,1
11549046,26070102120016XBMQZJZDI-01,MAC-CB5,MAC-CB5,1
11549046,26070102120016XBMQZJZDI-DO,MAC-CB5,MAC-CB5,1
11549046,26070102151556Q0VP1D1C1-01,MAC-KD5,MAC-KD5,1
11549046,26070102151556Q0VP1D1C1-DO,MAC-KD5,MAC-KD5,1
11549046,260701021618975WN7RGMPL-01,MAC-CB5,MAC-CB5,1
11549046,260701021618975WN7RGMPL-DO,MAC-CB5,MAC-CB5,1
11549046,26070102161897LXOTQN1XA-01,MAC-CB5,MAC-CB5,1
11549046,26070102161897LXOTQN1XA-DO,MAC-CB5,MAC-CB5,1
11549046,26070102191369EKGVPU2D0-01,MAC-KD5,MAC-KD5,1
11549046,26070102191369EKGVPU2D0-DO,MAC-KD5,MAC-KD5,1
11549046,26070102193650NGAPONWA7-01,MAC-KD5,MAC-KD5,1
11549046,26070102193650NGAPONWA7-DO,MAC-KD5,MAC-KD5,1
11549046,26070102205268JCRXVZOC-01,MAC-KD5,MAC-KD5,1
11549046,26070102205268JCRXVZOC-DO,MAC-KD5,MAC-KD5,1
11549046,26070102210580SHVYJ7N84-01,MAC-CB5,MAC-CB5,1
11549046,26070102210580SHVYJ7N84-DO,MAC-CB5,MAC-CB5,1
11549046,26070102223353M4BLAVVADI-01,MAC-KD5,MAC-KD5,1
11549046,26070102223353M4BLAVVADI-DO,MAC-KD5,MAC-KD5,1
11549046,26070102223353T4P9F7TNP-01,MAC-KD5,MAC-KD5,1
11549046,26070102223353T4P9F7TNP-DO,MAC-KD5,MAC-KD5,1
11549046,26070102223353TULFDVYHS-01,MAC-KD5,MAC-KD5,1
11549046,26070102223353TULFDVYHS-DO,MAC-KD5,MAC-KD5,1
11549046,26070102253587ELEFEBWW7C-01,MAC-KD5,MAC-KD5,1
11549046,26070102253587ELEFEBWW7C-DO,MAC-KD5,MAC-KD5,1
11549046,26070102253587SCNVSKXCU-01,MAC-KD5,MAC-KD5,1
11549046,26070102253587SCNVSKXCU-DO,MAC-KD5,MAC-KD5,1
11549046,26070102253731SVO9ZAQWR-01,MAC-KD5,MAC-KD5,1
11549046,26070102253731SVO9ZAQWR-DO,MAC-KD5,MAC-KD5,1
11549046,26070102253731YT1SLW5OX-01,MAC-KD5,MAC-KD5,1
11549046,26070102253731YT1SLW5OX-DO,MAC-KD5,MAC-KD5,1
11549046,26070102280798WBEWFTMNK-01,MAC-KD5,MAC-KD5,1
11549046,26070102280798WBEWFTMNK-DO,MAC-KD5,MAC-KD5,1
11549046,26070102310347A9SMH61AF-01,MAC-CB5,MAC-CB5,1
11549046,26070102310347A9SMH61AF-DO,MAC-CB5,MAC-CB5,1
11549046,260701023117514TCAAUCS-01,MAC-CP5,MAC-CP5,1
11549046,260701023117514TCAAUCS-DO,MAC-CP5,MAC-CP5,1
11549046,26070102311751VVVU6QCY0-01,MAC-CP5,MAC-CP5,1
11549046,26070102311751VVVU6QCY0-DO,MAC-CP5,MAC-CP5,1
11549046,26070102313176VZ7WDSSFM-01,MAC-KM5,MAC-KM5,1
11549046,26070102313176VZ7WDSSFM-DO,MAC-KM5,MAC-KM5,1
11549046,26070102334195PT0RR4HE-01,MAC-KD5,MAC-KD5,1
11549046,26070102334195PT0RR4HE-02,MAC-KD5,MAC-KD5,1
11549046,26070102334195PT0RR4HE-DO,MAC-KD5,MAC-KD5,1
11549046,26070102344694XH3TVOQWG-01,MAC-KD5,MAC-KD5,1
11549046,26070102344694XH3TVOQWG-DO,MAC-KD5,MAC-KD5,1
11549046,26070102350285PTLLCKNKJP-01,MAC-CB5,MAC-CB5,1
11549046,26070102350285PTLLCKNKJP-DO,MAC-CB5,MAC-CB5,1
11549046,26070102355057GVUJOMRD-01,MAC-KD5,MAC-KD5,1
11549046,26070102355057GVUJOMRD-DO,MAC-KD5,MAC-KD5,1
11549046,2607010238033655UTHWCAA-01,MAC-KD5,MAC-KD5,1
11549046,2607010238033655UTHWCAA-DO,MAC-KD5,MAC-KD5,1
11549046,26070102380336ZRWOGOUB2D-01,MAC-KD5,MAC-KD5,1
11549046,26070102380336ZRWOGOUB2D-DO,MAC-KD5,MAC-KD5,1
11549046,26070102434569IEYOVWBRC-01,MAC-KD5,MAC-KD5,1
11549046,26070102434569IEYOVWBRC-DO,MAC-KD5,MAC-KD5,1
11549046,26070102442451HNUWB8CG-01,MAC-KD5,MAC-KD5,1
11549046,26070102442451HNUWB8CG-DO,MAC-KD5,MAC-KD5,1
11549046,26070102454018DN8X5UQKMV-01,MAC-CB5,MAC-CB5,1
11549046,26070102454018DN8X5UQKMV-DO,MAC-CB5,MAC-CB5,1
11549046,26070102454018IACE99VZ-01,MAC-CB5,MAC-CB5,1
11549046,26070102454018IACE99VZ-DO,MAC-CB5,MAC-CB5,1
11549046,26070102470421ETCW8K1-01,MAC-KD5,MAC-KD5,1
11549046,26070102470421ETCW8K1-DO,,MAC-KD5,1
11549046,26070102470421UZDGQGCX-01,MAC-KD5,MAC-KD5,1
11549046,26070102470421UZDGQGCX-DO,MAC-KD5,MAC-KD5,1
11549046,26070102470992F0NW0JUYEI-01,MAC-KM5,MAC-KM5,1
11549046,26070102470992F0NW0JUYEI-DO,MAC-KM5,MAC-KM5,1
11549046,26070102504648DGJPJ4LKQ-01,MAC-KD5,MAC-KD5,1
11549046,26070102504648DGJPJ4LKQ-DO,MAC-KD5,MAC-KD5,1
11549046,260701025049739DEBPUFQD-01,MAC-KD5,MAC-KD5,1
11549046,260701025049739DEBPUFQD-DO,MAC-KD5,MAC-KD5,1
11549046,26070102510418AFUAIIQLJN-01,MAC-CB5,MAC-CB5,1
11549046,26070102510418AFUAIIQLJN-DO,MAC-CB5,MAC-CB5,1
11549046,26070102510418LWKHYAVGW-01,MAC-CB5,MAC-CB5,1
11549046,26070102510418LWKHYAVGW-DO,MAC-CB5,MAC-CB5,1
11549046,26070102510418R1JJKMACQ-01,MAC-CB5,MAC-CB5,1
11549046,26070102510418R1JJKMACQ-DO,MAC-CB5,MAC-CB5,1
11549046,26070102510418WYKK7AACI-01,MAC-CB5,MAC-CB5,1
11549046,26070102510418WYKK7AACI-DO,MAC-CB5,MAC-CB5,1
11549046,260701025221902ZZ13WCHN-01,MAC-CB5,MAC-CB5,1
11549046,260701025221902ZZ13WCHN-DO,MAC-CB5,MAC-CB5,1
11549046,26070102522190TWK3S4RLRL-01,MAC-CB5,MAC-CB5,1
11549046,26070102522190TWK3S4RLRL-DO,MAC-CB5,MAC-CB5,1
11549046,260701025442607MWOW59MY-01,MAC-CP5,MAC-CP5,1
11549046,260701025442607MWOW59MY-DO,MAC-CP5,MAC-CP5,1
11549046,26070102544260RYYUIWXQNE-01,MAC-CP5,MAC-CP5,1
11549046,26070102544260RYYUIWXQNE-DO,MAC-CP5,MAC-CP5,1
11549046,26070102553742DLKZH59OA-01,MAC-KM5,MAC-KM5,1
11549046,26070102553742DLKZH59OA-DO,MAC-KM5,MAC-KM5,1
11549046,26070102553742J8EDVSEXX-01,MAC-KM5,MAC-KM5,1
11549046,26070102553742J8EDVSEXX-DO,MAC-KM5,MAC-KM5,1
11549046,26070102553742NHFEMKLICC-01,MAC-KM5,MAC-KM5,1
11549046,26070102553742NHFEMKLICC-DO,MAC-KM5,MAC-KM5,1
11549046,26070102553742WRUCK0VJUT-01,MAC-KM5,MAC-KM5,1
11549046,26070102553742WRUCK0VJUT-DO,MAC-KM5,MAC-KM5,1
11549046,26070102570729AXDEQOD55O-01,MAC-CP5,MAC-CP5,1
11549046,26070102570729AXDEQOD55O-DO,MAC-CP5,MAC-CP5,1
11549046,26070102570729F4QKZXFECS-01,MAC-CP5,MAC-CP5,1
11549046,26070102570729F4QKZXFECS-DO,MAC-CP5,MAC-CP5,1
11549046,26070102570729T10GZYLK-01,MAC-CP5,MAC-CP5,1
11549046,26070102570729T10GZYLK-DO,MAC-CP5,MAC-CP5,1
11549046,26070102592339ABH52DWCA-01,MAC-CB5,MAC-CB5,1
11549046,26070102592339ABH52DWCA-DO,MAC-CB5,MAC-CB5,1
11549046,26070102592340K4Q3TVZ4MY-01,MAC-CB5,MAC-CB5,1
11549046,26070102592340K4Q3TVZ4MY-DO,MAC-CB5,MAC-CB5,1
11549046,26070102592340LUWJWX85G-01,MAC-CB5,MAC-CB5,1
11549046,26070102592340LUWJWX85G-DO,MAC-CB5,MAC-CB5,1
11549046,26070102592340S10KDLEKE-01,MAC-CB5,MAC-CB5,1
11549046,26070102592340S10KDLEKE-DO,MAC-CB5,MAC-CB5,1
11549046,26070102592340UUMDBLYLDA-01,MAC-CB5,MAC-CB5,1
11549046,26070102592340UUMDBLYLDA-DO,MAC-CB5,MAC-CB5,1
11549046,26070103010680SD2AHMMYZ-01,MAC-CP5,MAC-CP5,1
11549046,26070103010680SD2AHMMYZ-02,MAC-CP5,MAC-CP5,1
11549046,26070103010680SD2AHMMYZ-DO,MAC-CP5,MAC-CP5,1
11549046,260701030658160Z5QBBLV2Y-01,MAC-KD5,MAC-KD5,1
11549046,260701030658160Z5QBBLV2Y-DO,MAC-KD5,MAC-KD5,1
11549046,26070103065816VDDPQF6TK-01,MAC-KD5,MAC-KD5,1
11549046,26070103065816VDDPQF6TK-DO,MAC-KD5,MAC-KD5,1
11549046,26070103071973F2CUIHK-01,MAC-CB5,MAC-CB5,1
11549046,26070103071973F2CUIHK-DO,MAC-CB5,MAC-CB5,1
11549046,260701030721290JDGPAC0G-01,MAC-KM5,MAC-KM5,1
11549046,260701030721290JDGPAC0G-DO,MAC-KM5,MAC-KM5,1
11549046,260701030721298LNLNMGQI7-01,MAC-KM5,MAC-KM5,1
11549046,260701030721298LNLNMGQI7-DO,MAC-KM5,MAC-KM5,1
11549046,260701030723130VPMBQVZK-01,MAC-CB5,MAC-CB5,1
11549046,260701030723130VPMBQVZK-DO,MAC-CB5,MAC-CB5,1
11549046,26070103072313DLKV5ZWK8V-01,MAC-CB5,MAC-CB5,1
11549046,26070103072313DLKV5ZWK8V-DO,MAC-CB5,MAC-CB5,1
11549046,26070103072313KULSWYGWSL-01,MAC-CB5,MAC-CB5,1
11549046,26070103072313KULSWYGWSL-DO,MAC-CB5,MAC-CB5,1
11549046,26070103072313NTYVJHV7A-01,MAC-CB5,MAC-CB5,1
11549046,26070103072313NTYVJHV7A-DO,MAC-CB5,MAC-CB5,1
11549046,26070103085820DVSG8KCYZ-01,MAC-CB5,MAC-CB5,1
11549046,26070103085820DVSG8KCYZ-DO,MAC-CB5,MAC-CB5,1
11549046,26070103085820FZBEUPVBN7-01,MAC-CB5,MAC-CB5,1
11549046,26070103085820FZBEUPVBN7-DO,MAC-CB5,MAC-CB5,1
11549046,26070103131457EAM0WJA2-01,MAC-KD5,MAC-KD5,1
11549046,26070103131457EAM0WJA2-DO,MAC-KLD-SDS,MAC-KD5,1
11549046,260701031326901HSQRXKKM-01,MAC-KD5,MAC-KD5,1
11549046,260701031326901HSQRXKKM-DO,MAC-KD5,MAC-KD5,1
11549046,260701031407708Y2HL2PKW-01,MAC-KD5,MAC-KD5,1
11549046,260701031407708Y2HL2PKW-DO,MAC-KD5,MAC-KD5,1
11549046,26070103140770SEE8VNBMV-01,MAC-KD5,MAC-KD5,1
11549046,26070103140770SEE8VNBMV-DO,MAC-KD5,MAC-KD5,1
11549046,26070103140770XVSIOQYYV-01,MAC-KD5,MAC-KD5,1
11549046,26070103140770XVSIOQYYV-DO,MAC-KD5,MAC-KD5,1
11549046,260701031423610H4ASZSNV-01,MAC-KD5,MAC-KD5,1
11549046,260701031423610H4ASZSNV-DO,MAC-KD5,MAC-KD5,1
11549046,2607010314362755MC6AVSPD-01,MAC-KM5,MAC-KM5,1
11549046,2607010314362755MC6AVSPD-DO,MAC-KM5,MAC-KM5,1
11549046,2607010314362786RDTUZL0-01,MAC-KM5,MAC-KM5,1
11549046,2607010314362786RDTUZL0-DO,MAC-KM5,MAC-KM5,1
11549046,26070103144958RQY18OD6-01,MAC-KD5,MAC-KD5,1
11549046,26070103144958RQY18OD6-DO,MAC-KD5,MAC-KD5,1
11549046,26070103165241A9MDLUA8C-01,MAC-KD5,MAC-KD5,1
11549046,26070103165241A9MDLUA8C-DO,MAC-KD5,MAC-KD5,1
11549046,26070103165241ZQACDXAMX-01,MAC-KD5,MAC-KD5,1
11549046,26070103165241ZQACDXAMX-DO,MAC-KD5,MAC-KD5,1
11549046,26070103175141TAS465MAM-01,MAC-CB5,MAC-CB5,1
11549046,26070103175141TAS465MAM-DO,MAC-CB5,MAC-CB5,1
11549046,26070103175141VSB3B0QO-01,MAC-CB5,MAC-CB5,1
11549046,26070103175141VSB3B0QO-DO,MAC-CB5,MAC-CB5,1
11549046,26070103180846I9DSTP5GV-01,MAC-KM5,MAC-KM5,1
11549046,26070103180846I9DSTP5GV-DO,MAC-KM5,MAC-KM5,1
11549046,26070103185758SZ21DAKDK-01,MAC-KM5,MAC-KM5,1
11549046,26070103185758SZ21DAKDK-DO,MAC-KM5,MAC-KM5,1
11549046,260701032004930O71KBL7W-01,MAC-KD5,MAC-KD5,1
11549046,260701032004930O71KBL7W-DO,MAC-KD5,MAC-KD5,1
11549046,260701032004948BWH87HO-01,MAC-KD5,MAC-KD5,1
11549046,260701032004948BWH87HO-DO,MAC-KD5,MAC-KD5,1
11549046,26070103225147NQ1LN51AP-01,MAC-CB5,MAC-CB5,1
11549046,26070103225147NQ1LN51AP-02,MAC-CB5,MAC-CB5,1
11549046,26070103225147NQ1LN51AP-DO,MAC-CB5,MAC-CB5,1
11549046,26070103225545HEFLPWIJS-01,MAC-CP5,MAC-CP5,1
11549046,26070103225545HEFLPWIJS-DO,MAC-CP5,MAC-CP5,1
11549046,26070103225546IHK2WPYNY-01,MAC-CP5,MAC-CP5,1
11549046,26070103225546IHK2WPYNY-DO,MAC-CP5,MAC-CP5,1
11549046,26070103231919HXHSCRCTY-01,MAC-KM5,MAC-KM5,1
11549046,26070103231919HXHSCRCTY-DO,MAC-KM5,MAC-KM5,1
11549046,26070103231919M0GQ7EHEPC-01,MAC-KM5,MAC-KM5,1
11549046,26070103231919M0GQ7EHEPC-02,MAC-KM5,MAC-KM5,1
11549046,26070103231919M0GQ7EHEPC-DO,MAC-KM5,MAC-KM5,1
11549046,26070103231920DZEM1MS52S-01,MAC-KM5,MAC-KM5,1
11549046,26070103231920DZEM1MS52S-02,MAC-KM5,MAC-KM5,1
11549046,26070103231920DZEM1MS52S-DO,MAC-KM5,MAC-KM5,1
11549046,26070103231920IIDEKSMGFY-01,MAC-KM5,MAC-KM5,1
11549046,26070103231920IIDEKSMGFY-DO,MAC-KM5,MAC-KM5,1
11549046,26070103231920IPNMLOOP-01,MAC-KM5,MAC-KM5,1
11549046,26070103231920IPNMLOOP-DO,MAC-KM5,MAC-KM5,1
11549046,260701032419139QFUFZXYF-01,MAC-KM5,MAC-KM5,1
11549046,260701032419139QFUFZXYF-DO,MAC-KM5,MAC-KM5,1
11549046,26070103241913PPP4V9AHRW-01,MAC-KM5,MAC-KM5,1
11549046,26070103241913PPP4V9AHRW-DO,MAC-KM5,MAC-KM5,1
11549046,26070103271009E1MTGLA3I-01,MAC-KD5,MAC-KD5,1
11549046,26070103271009E1MTGLA3I-DO,MAC-KD5,MAC-KD5,1
11549046,26070103271009MUCABWS3E0-01,MAC-KD5,MAC-KD5,1
11549046,26070103271009MUCABWS3E0-DO,MAC-KD5,MAC-KD5,1
11549046,26070103274667I56OQ9P8A2-01,MAC-KD5,MAC-KD5,1
11549046,26070103274667I56OQ9P8A2-DO,MAC-KD5,MAC-KD5,1
11549046,26070103274667ITISCLKCK-01,MAC-KD5,MAC-KD5,1
11549046,26070103274667ITISCLKCK-DO,MAC-KD5,MAC-KD5,1
11549046,26070103284108QANTSC5FU-01,MAC-KD5,MAC-KD5,1
11549046,26070103284108QANTSC5FU-DO,MAC-KD5,MAC-KD5,1
11549046,26070103290943MFXKMDV9F-01,MAC-CB5,MAC-CB5,1
11549046,26070103290943MFXKMDV9F-DO,MAC-CB5,MAC-CB5,1
11549046,26070103293483BOXPOT5QKE-01,MAC-KM5,MAC-KM5,1
11549046,26070103293483BOXPOT5QKE-02,MAC-KM5,MAC-KM5,1
11549046,26070103293483BOXPOT5QKE-DO,MAC-KM5,MAC-KM5,1
11549046,26070103293483HDYOPUMRQJ-01,MAC-KM5,MAC-KM5,1
11549046,26070103293483HDYOPUMRQJ-DO,MAC-KM5,MAC-KM5,1
11549046,26070103293483L9O93WG4-01,MAC-KM5,MAC-KM5,1
11549046,26070103293483L9O93WG4-DO,MAC-KM5,MAC-KM5,1
11549046,26070103304646AI4ZFCKA3-01,MAC-CP5,MAC-CP5,1
11549046,26070103304646AI4ZFCKA3-02,MAC-CP5,MAC-CP5,1
11549046,26070103304646AI4ZFCKA3-DO,MAC-CP5,MAC-CP5,1
11549046,26070103322558CXMZGV1LG-01,MAC-KD5,MAC-KD5,1
11549046,26070103322558CXMZGV1LG-DO,MAC-KD5,MAC-KD5,1
11549046,26070103325140PJE1H6YET-01,MAC-KD5,MAC-KD5,1
11549046,26070103325140PJE1H6YET-DO,MAC-KD5,MAC-KD5,1
11549046,26070103330351GISYO5FZ-01,MAC-KD5,MAC-KD5,1
11549046,26070103330351GISYO5FZ-DO,MAC-KD5,MAC-KD5,1
11549046,260701033312869XMPXL6O-01,MAC-KD5,MAC-KD5,1
11549046,260701033312869XMPXL6O-DO,MAC-KD5,MAC-KD5,1
11549046,26070103332626NWO4HBXVUU-01,MAC-KM5,MAC-KM5,1
11549046,26070103332626NWO4HBXVUU-DO,MAC-KM5,MAC-KM5,1
11549046,26070103332626QOECG004Q-01,MAC-KM5,MAC-KM5,1
11549046,26070103332626QOECG004Q-DO,MAC-KM5,MAC-KM5,1
11549046,26070103343057J8VFIEXCR-01,MAC-CP5,MAC-CP5,1
11549046,26070103343057J8VFIEXCR-DO,MAC-CP5,MAC-CP5,1
11549046,26070103361854R0BDJSHLP-01,MAC-KM5,MAC-KM5,1
11549046,26070103361854R0BDJSHLP-DO,MAC-KM5,MAC-KM5,1
11549046,26070103370597D4HX6P0SX-01,MAC-KD5,MAC-KD5,1
11549046,26070103370597D4HX6P0SX-DO,MAC-KD5,MAC-KD5,1
11549046,26070103374885RMQYH1L5P-01,MAC-KM5,MAC-KM5,1
11549046,26070103374885RMQYH1L5P-02,MAC-KM5,MAC-KM5,1
11549046,26070103374885RMQYH1L5P-DO,MAC-KM5,MAC-KM5,1
11549046,26070103382612C1YW9XT9L-01,MAC-KD5,MAC-KD5,1
11549046,26070103382612C1YW9XT9L-DO,MAC-KD5,MAC-KD5,1
11549046,26070103390201VTAGSQI7-01,MAC-KD5,MAC-KD5,1
11549046,26070103390201VTAGSQI7-DO,MAC-KD5,MAC-KD5,1
11549046,26070103391342FIPK7A6MZ-01,MAC-KD5,MAC-KD5,1
11549046,26070103391342FIPK7A6MZ-DO,MAC-KD5,MAC-KD5,1
11549046,26070103391342ZD1C3NMY6-01,MAC-KD5,MAC-KD5,1
11549046,26070103391342ZD1C3NMY6-DO,MAC-KD5,MAC-KD5,1
11549046,26070103412865CA4YSMMOE-01,MAC-CB5,MAC-CB5,1
11549046,26070103412865CA4YSMMOE-DO,MAC-CB5,MAC-CB5,1
11549046,26070103424616O0XRRHLGZ-01,MAC-KD5,MAC-KD5,1
11549046,26070103424616O0XRRHLGZ-DO,MAC-KD5,MAC-KD5,1
11549046,26070103434188KMZ78KHLZ-01,MAC-CP5,MAC-CP5,1
11549046,26070103434188KMZ78KHLZ-DO,MAC-CP5,MAC-CP5,1
11549046,26070103435548SD5C7NXOGD-01,MAC-KD5,MAC-KD5,1
11549046,26070103435548SD5C7NXOGD-DO,MAC-KD5,MAC-KD5,1
11549046,26070103435548YFNHD4RQ-01,MAC-KD5,MAC-KD5,1
11549046,26070103435548YFNHD4RQ-DO,MAC-KD5,MAC-KD5,1
11549046,260701034528864OBJWFAIC-01,MAC-KD5,MAC-KD5,1
11549046,260701034528864OBJWFAIC-DO,MAC-KD5,MAC-KD5,1
11549046,26070103452886KSWOGOJ8EI-01,MAC-KD5,MAC-KD5,1
11549046,26070103452886KSWOGOJ8EI-DO,MAC-KD5,MAC-KD5,1
11549046,26070103455029APWX65OEV-01,MAC-CB5,MAC-CB5,1
11549046,26070103455029APWX65OEV-DO,MAC-CB5,MAC-CB5,1
11549046,26070103455029CEQJMRH-01,MAC-CB5,MAC-CB5,1
11549046,26070103455029CEQJMRH-DO,MAC-CB5,MAC-CB5,1
11549046,260701034616433MU7XGKPQ-01,MAC-KD5,MAC-KD5,1
11549046,260701034616433MU7XGKPQ-DO,MAC-KD5,MAC-KD5,1
11549046,26070103461643UWQYFCTZR-01,MAC-KD5,MAC-KD5,1
11549046,26070103461643UWQYFCTZR-DO,MAC-KD5,MAC-KD5,1
11549046,26070103472924E77VOVTPR-01,MAC-KD5,MAC-KD5,1
11549046,26070103472924E77VOVTPR-DO,MAC-KD5,MAC-KD5,1
11549046,26070103472924EUKUVYNQ-01,MAC-KD5,MAC-KD5,1
11549046,26070103472924EUKUVYNQ-DO,MAC-KD5,MAC-KD5,1
11549046,26070103472924MAFNWBVPYY-01,MAC-KD5,MAC-KD5,1
11549046,26070103472924MAFNWBVPYY-DO,MAC-KD5,MAC-KD5,1
11549046,260701034847687R6PURPPZ-01,MAC-CB5,MAC-CB5,1
11549046,260701034847687R6PURPPZ-DO,MAC-CB5,MAC-CB5,1
11549046,260701034847688UNEJ2CU-01,MAC-CB5,MAC-CB5,1
11549046,260701034847688UNEJ2CU-DO,MAC-CB5,MAC-CB5,1
11549046,26070103484768L5F62ZJ9Z-01,MAC-CB5,MAC-CB5,1
11549046,26070103484768L5F62ZJ9Z-DO,MAC-CB5,MAC-CB5,1
11549046,26070103504508CPKGBS3M7-01,MAC-CB5,MAC-CB5,1
11549046,26070103504508CPKGBS3M7-DO,MAC-CB5,MAC-CB5,1
11549046,26070103504508STZ63AJIJG-01,MAC-CB5,MAC-CB5,1
11549046,26070103504508STZ63AJIJG-DO,MAC-CB5,MAC-CB5,1
11549046,26070103513810FBAIVDIT55-01,MAC-CB5,MAC-CB5,1
11549046,26070103513810FBAIVDIT55-DO,MAC-CB5,MAC-CB5,1
11549046,26070103513810Q4PMTRTA-01,MAC-CB5,MAC-CB5,1
11549046,26070103513810Q4PMTRTA-DO,MAC-CB5,MAC-CB5,1
11549046,260701035318578AUM5AEAGN-01,MAC-CB5,MAC-CB5,1
11549046,260701035318578AUM5AEAGN-DO,MAC-CB5,MAC-CB5,1
11549046,26070103531857GWZW3HMRE-01,MAC-CB5,MAC-CB5,1
11549046,26070103531857GWZW3HMRE-DO,MAC-CB5,MAC-CB5,1
11549046,26070103553968VGPOQHKZN-01,MAC-CB5,MAC-CB5,1
11549046,26070103553968VGPOQHKZN-DO,MAC-CB5,MAC-CB5,1
11549046,260701035628610VPPUJYPC-01,MAC-KD5,MAC-KD5,1
11549046,260701035628610VPPUJYPC-DO,MAC-KD5,MAC-KD5,1
11549046,260701035700016QZWCRW-01,MAC-CB5,MAC-CB5,1
11549046,260701035700016QZWCRW-DO,MAC-CB5,MAC-CB5,1
11549046,26070103572906VGCTFL4LY-01,MAC-CP5,MAC-CP5,1
11549046,26070103572906VGCTFL4LY-DO,MAC-CP5,MAC-CP5,1
11549046,260701035808242HB3HCMDF-01,MAC-KD5,MAC-KD5,1
11549046,260701035808242HB3HCMDF-DO,MAC-KD5,MAC-KD5,1
11549046,260701035857456W8NXZ1LY-01,MAC-KD5,MAC-KD5,1
11549046,260701035857456W8NXZ1LY-02,MAC-KD5,MAC-KD5,1
11549046,260701035857456W8NXZ1LY-DO,MAC-KD5,MAC-KD5,1
11549046,26070103592048O36PFPH7H-01,MAC-CB5,MAC-CB5,1
11549046,26070103592048O36PFPH7H-DO,MAC-CB5,MAC-CB5,1
11549046,26070103592048XIIIRS9VK-01,MAC-CB5,MAC-CB5,1
11549046,26070103592048XIIIRS9VK-DO,MAC-CB5,MAC-CB5,1
11549046,260701035933703UCRFLJ8LF-01,MAC-CB5,MAC-CB5,1
11549046,260701035933703UCRFLJ8LF-DO,MAC-CB5,MAC-CB5,1
11549046,26070103593370DXYXOMFSK-01,MAC-CB5,MAC-CB5,1
11549046,26070103593370DXYXOMFSK-02,MAC-CB5,MAC-CB5,1
11549046,26070103593370DXYXOMFSK-DO,MAC-CB5,MAC-CB5,1
11549046,26070103593370ULVZTDUJ9-01,MAC-CB5,MAC-CB5,1
11549046,26070103593370ULVZTDUJ9-DO,MAC-CB5,MAC-CB5,1
11549046,26070104000379EMSTZBE9-01,MAC-CB5,MAC-CB5,1
11549046,26070104000379EMSTZBE9-DO,MAC-CB5,MAC-CB5,1
11549046,26070104001893DKIXFXKTR-01,MAC-KM5,MAC-KM5,1
11549046,26070104001893DKIXFXKTR-DO,MAC-KM5,MAC-KM5,1
11549046,26070104001893JXJMEZY9N5-01,MAC-KM5,MAC-KM5,1
11549046,26070104001893JXJMEZY9N5-DO,MAC-KM5,MAC-KM5,1
11549046,26070104003067EDYKDFTNT-01,MAC-CP5,MAC-CP5,1
11549046,26070104003067EDYKDFTNT-DO,MAC-CP5,MAC-CP5,1
11549046,26070104003067GUTR8NCKSD-01,MAC-CP5,MAC-CP5,1
11549046,26070104003067GUTR8NCKSD-DO,MAC-CP5,MAC-CP5,1
11549046,26070104003067KG3T6LDKF3-01,MAC-CP5,MAC-CP5,1
11549046,26070104003067KG3T6LDKF3-02,MAC-CP5,MAC-CP5,1
11549046,26070104003067KG3T6LDKF3-DO,MAC-CP5,MAC-CP5,1
11549046,26070104003230R3IFSKRSBG-01,MAC-CB5,MAC-CB5,1
11549046,26070104003230R3IFSKRSBG-DO,MAC-CB5,MAC-CB5,1
11549046,26070104003230XJHFVKQKN-01,MAC-CB5,MAC-CB5,1
11549046,26070104003230XJHFVKQKN-DO,MAC-CB5,MAC-CB5,1
11549046,26070104005637J5CA3AF2JZ-01,MAC-KD5,MAC-KD5,1
11549046,26070104005637J5CA3AF2JZ-DO,MAC-KD5,MAC-KD5,1
11549046,26070104005637URMPUO-01,MAC-KD5,MAC-KD5,1
11549046,26070104005637URMPUO-DO,MAC-KD5,MAC-KD5,1
11549046,26070104005637ZCNGJIXKZ2-01,MAC-KD5,MAC-KD5,1
11549046,26070104005637ZCNGJIXKZ2-DO,MAC-KD5,MAC-KD5,1
11549046,26070104025021AEMSF-01,MAC-KD5,MAC-KD5,1
11549046,26070104025021AEMSF-DO,MAC-KD5,MAC-KD5,1
11549046,26070104025021C3JMGQGQYH-01,MAC-KD5,MAC-KD5,1
11549046,26070104025021C3JMGQGQYH-DO,MAC-KD5,MAC-KD5,1
11549046,26070104055706BSTL8AZMX-01,MAC-KD5,MAC-KD5,1
11549046,26070104055706BSTL8AZMX-DO,MAC-KD5,MAC-KD5,1
11549046,260701041514747JJ3LYXI8-01,MAC-KM5,MAC-KM5,1
11549046,260701041514747JJ3LYXI8-DO,MAC-KM5,MAC-KM5,1
11549046,2607010420382389YFRQRZ9I-01,MAC-CP5,MAC-CP5,1
11549046,2607010420382389YFRQRZ9I-DO,MAC-CP5,MAC-CP5,1
11549046,26070104203823W4ETRAQPN-01,MAC-CP5,MAC-CP5,1
11549046,26070104203823W4ETRAQPN-DO,MAC-CP5,MAC-CP5,1
11549046,26070104241267Z34O0XBKR-01,MAC-KM5,MAC-KM5,1
11549046,26070104241267Z34O0XBKR-DO,MAC-KM5,MAC-KM5,1
11549046,260701042605472IRDEYMEZU-01,MAC-CB5,MAC-CB5,1
11549046,260701042605472IRDEYMEZU-02,MAC-CB5,MAC-CB5,1
11549046,260701042605472IRDEYMEZU-DO,MAC-CB5,MAC-CB5,1
11549046,26070104260547VHQBPQQGZ-01,MAC-CB5,MAC-CB5,1
11549046,26070104260547VHQBPQQGZ-DO,MAC-CB5,MAC-CB5,1
11549046,26070104264869WLUI1MJ-01,MAC-KD5,MAC-KD5,1
11549046,26070104264869WLUI1MJ-DO,MAC-KD5,MAC-KD5,1
11549046,260701042705323SAA7KMWM-01,MAC-KD5,MAC-KD5,1
11549046,260701042705323SAA7KMWM-DO,MAC-KD5,MAC-KD5,1
11549046,26070104291756AZGKD2HNV-01,MAC-KD5,MAC-KD5,1
11549046,26070104291756AZGKD2HNV-DO,MAC-KD5,MAC-KD5,1
11549046,26070104374079DHHME9ALR-01,MAC-KD5,MAC-KD5,1
11549046,26070104374079DHHME9ALR-DO,MAC-KD5,MAC-KD5,1
11549046,26070104374079RCP52C07EE-01,MAC-KD5,MAC-KD5,1
11549046,26070104374079RCP52C07EE-DO,MAC-KD5,MAC-KD5,1
11549046,26070104434519U4RKW45QJ-01,MAC-KD5,MAC-KD5,1
11549046,26070104434519U4RKW45QJ-DO,MAC-KD5,MAC-KD5,1
11549046,26070104452951USVW523ND-01,MAC-KD5,MAC-KD5,1
11549046,26070104452951USVW523ND-02,MAC-KD5,MAC-KD5,1
11549046,26070104452951USVW523ND-DO,MAC-KD5,MAC-KD5,1
11549046,26070104490701QZK8RR4JN-01,MAC-CB5,MAC-CB5,1
11549046,26070104490701QZK8RR4JN-DO,MAC-CB5,MAC-CB5,1
11549046,260701044938123VSYSYQHE-01,MAC-KD5,MAC-KD5,1
11549046,260701044938123VSYSYQHE-DO,MAC-KD5,MAC-KD5,1
11549046,26070104493812ZLOYAA7DG8-01,MAC-KD5,MAC-KD5,1
11549046,26070104493812ZLOYAA7DG8-DO,MAC-KD5,MAC-KD5,1
11549046,26070104512034XX17RBAPJ-01,MAC-KD5,MAC-KD5,1
11549046,26070104512034XX17RBAPJ-DO,MAC-KD5,MAC-KD5,1
11549046,26070104521372AGXBCMNKQ-01,MAC-KM5,MAC-KM5,1
11549046,26070104521372AGXBCMNKQ-DO,MAC-KM5,MAC-KM5,1
11549046,2607010501068076KHNHKSQ-01,MAC-CB5,MAC-CB5,1
11549046,2607010501068076KHNHKSQ-02,MAC-CB5,MAC-CB5,1
11549046,2607010501068076KHNHKSQ-DO,MAC-CB5,MAC-CB5,1
11549046,26070105010680KMYXWTHZI-01,MAC-CB5,MAC-CB5,1
11549046,26070105010680KMYXWTHZI-DO,MAC-CB5,MAC-CB5,1
11549046,26070105010680T0LVPDML-01,MAC-CB5,MAC-CB5,1
11549046,26070105010680T0LVPDML-DO,MAC-CB5,MAC-CB5,1
11549046,260701050416376GMRJVCYC-01,MAC-KD5,MAC-KD5,1
11549046,260701050416376GMRJVCYC-DO,MAC-KD5,MAC-KD5,1
11549046,26070105072873QGKBDZO-01,MAC-CP5,MAC-CP5,1
11549046,26070105072873QGKBDZO-DO,MAC-CP5,MAC-CP5,1
11549046,2607010507337040S411BNK-01,MAC-KD5,MAC-KD5,1
11549046,2607010507337040S411BNK-DO,MAC-KD5,MAC-KD5,1
11549046,26070105250765C3ULOH9LB-01,MAC-KD5,MAC-KD5,1
11549046,26070105250765C3ULOH9LB-DO,MAC-KD5,MAC-KD5,1
11549046,26070105250765TSJV2CRUNQ-01,MAC-KD5,MAC-KD5,1
11549046,26070105250765TSJV2CRUNQ-DO,MAC-KD5,MAC-KD5,1
11549046,26070105325337UBASIAFVD-01,MAC-KD5,MAC-KD5,1
11549046,26070105325337UBASIAFVD-DO,MAC-KD5,MAC-KD5,1
11549046,260701054349669XTPTLMXX-01,MAC-KD5,MAC-KD5,1
11549046,260701054349669XTPTLMXX-DO,MAC-KD5,MAC-KD5,1
11549046,26070105434966PNI0ZQ8EG-01,MAC-KD5,MAC-KD5,1
11549046,26070105434966PNI0ZQ8EG-DO,MAC-KD5,MAC-KD5,1
11549046,26070105471232H6SN9UW2E-01,MAC-CB5,MAC-CB5,1
11549046,26070105471232H6SN9UW2E-DO,MAC-CB5,MAC-CB5,1
11549046,26070105471232MRKCIDDIQV-01,MAC-CB5,MAC-CB5,1
11549046,26070105471232MRKCIDDIQV-02,MAC-CB5,MAC-CB5,1
11549046,26070105471232MRKCIDDIQV-03,MAC-CB5,MAC-CB5,1
11549046,26070105471232MRKCIDDIQV-DO,MAC-CB5,MAC-CB5,1
11549046,26070105521561DHAKGWYYQ-01,MAC-KD5,MAC-KD5,1
11549046,26070105521561DHAKGWYYQ-DO,MAC-KD5,MAC-KD5,1
11549046,26070105554490F44DV1QZC-01,MAC-CP5,MAC-CP5,1
11549046,26070105554490F44DV1QZC-DO,MAC-CP5,MAC-CP5,1
11549046,26070105584189XZQLJCW-01,MAC-CB5,MAC-CB5,1
11549046,26070105584189XZQLJCW-DO,MAC-CB5,MAC-CB5,1
11549046,26070105592323EQBHOVMKV-01,MAC-CB5,MAC-CB5,1
11549046,26070105592323EQBHOVMKV-DO,MAC-CB5,MAC-CB5,1
11549046,26070105592323ZFQ0S7G7PP-01,MAC-CB5,MAC-CB5,1
11549046,26070105592323ZFQ0S7G7PP-DO,MAC-CB5,MAC-CB5,1
11549046,260701060946359UWXHIO-01,MAC-KM5,MAC-KM5,1
11549046,260701060946359UWXHIO-DO,MAC-KM5,MAC-KM5,1
11549046,26070106094635NABNBW2S5C-01,MAC-KM5,MAC-KM5,1
11549046,26070106094635NABNBW2S5C-DO,MAC-KM5,MAC-KM5,1
11549046,26070106124389PXGVOELLD-01,MAC-CB5,MAC-CB5,1
11549046,26070106124389PXGVOELLD-DO,MAC-CB5,MAC-CB5,1
11549046,26070106124389W92Y1GPETH-01,MAC-CB5,MAC-CB5,1
11549046,26070106124389W92Y1GPETH-DO,MAC-CB5,MAC-CB5,1
11549046,26070106214306F3NG1QXVT-01,MAC-CP5,MAC-CP5,1
11549046,26070106214306F3NG1QXVT-DO,MAC-CP5,MAC-CP5,1
11549046,26070106214306VJHRKFQN8-01,MAC-CP5,MAC-CP5,1
11549046,26070106214306VJHRKFQN8-DO,MAC-CP5,MAC-CP5,1
11549046,260701062143074N8DRQLECI-01,MAC-CP5,MAC-CP5,1
11549046,260701062143074N8DRQLECI-02,MAC-CP5,MAC-CP5,1
11549046,260701062143074N8DRQLECI-DO,MAC-CP5,MAC-CP5,1
11549046,26070106214307KRLEGBKKSZ-01,MAC-CP5,MAC-CP5,1
11549046,26070106214307KRLEGBKKSZ-DO,MAC-CP5,MAC-CP5,1
11549046,26070106272236QH7R5I8ZJ-01,MAC-CB5,MAC-CB5,1
11549046,26070106272236QH7R5I8ZJ-DO,MAC-CB5,MAC-CB5,1
11549046,2607010631327535FSLPLDQE-01,MAC-CB5,MAC-CB5,1
11549046,2607010631327535FSLPLDQE-02,MAC-CB5,MAC-CB5,1
11549046,2607010631327535FSLPLDQE-DO,MAC-CB5,MAC-CB5,1
11549046,26070106335561VVDMUKJZK-01,MAC-CB5,MAC-CB5,1
11549046,26070106335561VVDMUKJZK-DO,MAC-CB5,MAC-CB5,1
11549046,26070106362868K1YMCUGE2-01,MAC-KD5,MAC-KD5,1
11549046,26070106362868K1YMCUGE2-DO,MAC-KD5,MAC-KD5,1
11549046,260701064115652ZFOGOZPT-01,MAC-KD5,MAC-KD5,1
11549046,260701064115652ZFOGOZPT-DO,MAC-KD5,MAC-KD5,1
11549046,260701064359161384DEZB5-01,MAC-KD5,MAC-KD5,1
11549046,260701064359161384DEZB5-DO,MAC-KD5,MAC-KD5,1
11549046,26070106481049WMV8NFROW-01,MAC-KD5,MAC-KD5,1
11549046,26070106481049WMV8NFROW-02,MAC-KD5,MAC-KD5,1
11549046,26070106481049WMV8NFROW-DO,MAC-KD5,MAC-KD5,1
11549046,26070106553691H0YBBXIMR-01,MAC-KD5,MAC-KD5,1
11549046,26070106553691H0YBBXIMR-DO,MAC-KD5,MAC-KD5,1
11549046,260701065734176DHGX2PHY-01,MAC-KD5,MAC-KD5,1
11549046,260701065734176DHGX2PHY-DO,MAC-KD5,MAC-KD5,1
11549046,26070107170918MBSKUKBP3-01,MAC-CP5,MAC-CP5,1
11549046,26070107170918MBSKUKBP3-DO,MAC-CP5,MAC-CP5,1
11549046,26070107221009CCOMRFER3V-01,MAC-CB5,MAC-CB5,1
11549046,26070107221009CCOMRFER3V-DO,MAC-CB5,MAC-CB5,1
11549046,26070107235021KGRXWFROQ-01,MAC-KD5,MAC-KD5,1
11549046,26070107235021KGRXWFROQ-DO,MAC-KD5,MAC-KD5,1
11549046,26070107323903QURUGR6JM-01,MAC-KD5,MAC-KD5,1
11549046,26070107323903QURUGR6JM-DO,MAC-KD5,MAC-KD5,1
11549046,26070107323903XM4W0PX2S-01,MAC-KD5,MAC-KD5,1
11549046,26070107323903XM4W0PX2S-DO,MAC-KD5,MAC-KD5,1
11549046,26070107473877ZPWCZD8J-01,MAC-CP5,MAC-CP5,1
11549046,26070107473877ZPWCZD8J-DO,MAC-CP5,MAC-CP5,1
11549046,26070107480736KHSRCKJ8P-01,MAC-CB5,MAC-CB5,1
11549046,26070107480736KHSRCKJ8P-DO,MAC-CB5,MAC-CB5,1
11549046,26070107480736SXG8VCO0IV-01,MAC-CB5,MAC-CB5,1
11549046,26070107480736SXG8VCO0IV-DO,MAC-CB5,MAC-CB5,1
11549046,26070107480736YLFVYN29B-01,MAC-CB5,MAC-CB5,1
11549046,26070107480736YLFVYN29B-DO,MAC-CB5,MAC-CB5,1
11549046,26070107510653KRXBPTZ3YI-01,MAC-KM5,MAC-KM5,1
11549046,26070107510653KRXBPTZ3YI-DO,MAC-KM5,MAC-KM5,1
11549046,26070107510653TWP9CFOZ8-01,MAC-KM5,MAC-KM5,1
11549046,26070107510653TWP9CFOZ8-DO,MAC-KM5,MAC-KM5,1
11549046,26070107511746ZWCMUVLWR-01,MAC-KM5,MAC-KM5,1
11549046,26070107511746ZWCMUVLWR-DO,MAC-KM5,MAC-KM5,1
11549046,26070107544282FTVGKIQ0Q-01,MAC-KM5,MAC-KM5,1
11549046,26070107544282FTVGKIQ0Q-DO,MAC-KM5,MAC-KM5,1
11549046,26070107544283XMI9VDVT65-01,MAC-KM5,MAC-KM5,1
11549046,26070107544283XMI9VDVT65-DO,MAC-KM5,MAC-KM5,1
11549046,26070108141854FPXYMAUXJ-01,MAC-CB5,MAC-CB5,1
11549046,26070108141854FPXYMAUXJ-DO,MAC-CB5,MAC-CB5,1
11549046,26070108181954ECGVGJG8NV-01,MAC-KM5,MAC-KM5,1
11549046,26070108181954ECGVGJG8NV-DO,MAC-KM5,MAC-KM5,1
11549046,26070108181954EPN4CT6YR-01,MAC-KM5,MAC-KM5,1
11549046,26070108181954EPN4CT6YR-DO,MAC-KM5,MAC-KM5,1
11549046,26070108181954ZT8OBBV1PA-01,MAC-KM5,MAC-KM5,1
11549046,26070108181954ZT8OBBV1PA-DO,MAC-KM5,MAC-KM5,1
11549046,260701081918811DT43YKVS-01,MAC-KD5,MAC-KD5,1
11549046,260701081918811DT43YKVS-DO,MAC-KD5,MAC-KD5,1
11549046,2607010821225186DUWZUFO-01,MAC-KD5,MAC-KD5,1
11549046,2607010821225186DUWZUFO-02,MAC-KD5,MAC-KD5,1
11549046,2607010821225186DUWZUFO-DO,MAC-KD5,MAC-KD5,1
11549046,26070108292365LBXZUTEC1-01,MAC-KD5,MAC-KD5,1
11549046,26070108292365LBXZUTEC1-DO,MAC-KD5,MAC-KD5,1
11549046,26070108303417J235G7ZZU4-01,MAC-KM5,MAC-KM5,1
11549046,26070108303417J235G7ZZU4-DO,MAC-KM5,MAC-KM5,1
11549046,26070108303417NTLPREHYYJ-01,MAC-KM5,MAC-KM5,1
11549046,26070108303417NTLPREHYYJ-DO,MAC-KM5,MAC-KM5,1
11549046,26070108303417WLUKMBASK-01,MAC-KM5,MAC-KM5,1
11549046,26070108303417WLUKMBASK-DO,MAC-KM5,MAC-KM5,1
11549046,26070108321015VUJ6EEYUQ-01,MAC-CB5,MAC-CB5,1
11549046,26070108321015VUJ6EEYUQ-DO,MAC-CB5,MAC-CB5,1
11549046,260701083411871TAEG4QPZX-01,MAC-KD5,MAC-KD5,1
11549046,260701083411871TAEG4QPZX-DO,MAC-KD5,MAC-KD5,1
11549046,260701083411873AIPYCERJ9-01,MAC-KD5,MAC-KD5,1
11549046,260701083411873AIPYCERJ9-DO,MAC-KD5,MAC-KD5,1
11549046,260701083411878SF8ZXUPMJ-01,MAC-KD5,MAC-KD5,1
11549046,260701083411878SF8ZXUPMJ-DO,MAC-KD5,MAC-KD5,1
11549046,26070108341187DM83XLG9X-01,MAC-KD5,MAC-KD5,1
11549046,26070108341187DM83XLG9X-DO,MAC-KD5,MAC-KD5,1
11549046,26070108341187EZD0SUWNX-01,MAC-KD5,MAC-KD5,1
11549046,26070108341187EZD0SUWNX-DO,MAC-KD5,MAC-KD5,1
11549046,26070108341187LAQZ12GHIM-01,MAC-KD5,MAC-KD5,1
11549046,26070108341187LAQZ12GHIM-DO,MAC-KD5,MAC-KD5,1
11549046,26070108341187MUHAKHMCTN-01,MAC-KD5,MAC-KD5,1
11549046,26070108341187MUHAKHMCTN-DO,MAC-KD5,MAC-KD5,1
11549046,26070108370402JMDKMUDRQ-01,MAC-CB5,MAC-CB5,1
11549046,26070108370402JMDKMUDRQ-DO,MAC-CB5,MAC-CB5,1
11549046,26070108444822EDFJX41EU-01,MAC-KM5,MAC-KM5,1
11549046,26070108444822EDFJX41EU-DO,MAC-KM5,MAC-KM5,1
11549046,260701084448235RUBZJAXQQ-01,MAC-KM5,MAC-KM5,1
11549046,260701084448235RUBZJAXQQ-DO,MAC-KM5,MAC-KM5,1
11549046,260701084758388HYLCA8GU-01,MAC-KM5,MAC-KM5,1
11549046,260701084758388HYLCA8GU-DO,MAC-KM5,MAC-KM5,1
11549046,26070109010351JW7IDBP0B-01,MAC-CB5,MAC-CB5,1
11549046,26070109010351JW7IDBP0B-DO,MAC-CB5,MAC-CB5,1
11549046,260701090324226AMJCNXG0-01,MAC-KM5,MAC-KM5,1
11549046,260701090324226AMJCNXG0-DO,MAC-KM5,MAC-KM5,1
11549046,26070109032422T1XAUNPWI0-01,MAC-KM5,MAC-KM5,1
11549046,26070109032422T1XAUNPWI0-DO,MAC-KM5,MAC-KM5,1
11549046,26070109061087058BA9M25U-01,MAC-CP5,MAC-CP5,1
11549046,26070109061087058BA9M25U-DO,MAC-CP5,MAC-CP5,1
11549046,26070109061087A4EI7ZHM0-01,MAC-CP5,MAC-CP5,1
11549046,26070109061087A4EI7ZHM0-DO,MAC-CP5,MAC-CP5,1
11549046,260701090703319N8UXM56X-01,MAC-KD5,MAC-KD5,1
11549046,260701090703319N8UXM56X-DO,MAC-KD5,MAC-KD5,1
11549046,26070109165615Y7T2FWLY-01,MAC-CB5,MAC-CB5,1
11549046,26070109165615Y7T2FWLY-DO,MAC-CB5,MAC-CB5,1
11549046,26070109201985VSFWLKSYT-01,MAC-CP5,MAC-CP5,1
11549046,26070109201985VSFWLKSYT-DO,MAC-CP5,MAC-CP5,1
11549046,26070109314684YJNBQJ2YQ-01,MAC-KD5,MAC-KD5,1
11549046,26070109314684YJNBQJ2YQ-DO,MAC-KD5,MAC-KD5,1
11549046,26070109434495BTNVFJJQT-01,MAC-KD5,MAC-KD5,1
11549046,26070109434495BTNVFJJQT-DO,MAC-KD5,MAC-KD5,1
11549046,2607010947268503GHJ1NZP-01,MAC-CB5,MAC-CB5,1
11549046,2607010947268503GHJ1NZP-02,MAC-CB5,MAC-CB5,1
11549046,2607010947268503GHJ1NZP-DO,MAC-CB5,MAC-CB5,1
11549046,26070110005776PVELK3QVM-01,MAC-CP5,MAC-CP5,1
11549046,26070110005776PVELK3QVM-DO,MAC-CP5,MAC-CP5,1
11549046,26070110005776QJA3ECIYZ-01,MAC-CP5,MAC-CP5,1
11549046,26070110005776QJA3ECIYZ-DO,MAC-CP5,MAC-CP5,1
11549046,26070110014441ODLVQINOK-01,MAC-KD5,MAC-KD5,1
11549046,26070110014441ODLVQINOK-DO,MAC-KD5,MAC-KD5,1
11549046,26070110050447AAMXWHPO-01,MAC-KD5,MAC-KD5,1
11549046,26070110050447AAMXWHPO-DO,MAC-KD5,MAC-KD5,1
11549046,26070110172767EYQOC5MHC-01,MAC-KM5,MAC-KM5,1
11549046,26070110172767EYQOC5MHC-02,MAC-KM5,MAC-KM5,1
11549046,26070110172767EYQOC5MHC-DO,MAC-KM5,MAC-KM5,1
11549046,26070110173926BBLZVSPXH-01,MAC-CB5,MAC-CB5,1
11549046,26070110173926BBLZVSPXH-DO,MAC-CB5,MAC-CB5,1
11549046,26070110192710SBUFA6MOS-01,MAC-KD5,MAC-KD5,1
11549046,26070110192710SBUFA6MOS-DO,MAC-KD5,MAC-KD5,1
11549046,26070110192710V2AAQQFNC-01,MAC-KD5,MAC-KD5,1
11549046,26070110192710V2AAQQFNC-DO,MAC-KD5,MAC-KD5,1
11549046,260701102714642AWICK6LQV-01,MAC-KD5,MAC-KD5,1
11549046,260701102714642AWICK6LQV-DO,MAC-KD5,MAC-KD5,1
11549046,26070110271464MVLUWMVZST-01,MAC-KD5,MAC-KD5,1
11549046,26070110271464MVLUWMVZST-DO,MAC-KD5,MAC-KD5,1
11549046,26070110271464RBAQCJUKK-01,MAC-KD5,MAC-KD5,1
11549046,26070110271464RBAQCJUKK-DO,MAC-KD5,MAC-KD5,1
11549046,26070110305144FFKYJX4A-01,MAC-KD5,MAC-KD5,1
11549046,26070110305144FFKYJX4A-DO,MAC-KD5,MAC-KD5,1
11549046,26070110305144LKODABOAPX-01,MAC-KD5,MAC-KD5,1
11549046,26070110305144LKODABOAPX-DO,MAC-KD5,MAC-KD5,1
11549046,26070110305144SKB1VTAH-01,MAC-KD5,MAC-KD5,1
11549046,26070110305144SKB1VTAH-DO,MAC-KD5,MAC-KD5,1
11549046,26070110404536JFNWCF0WM-01,MAC-KM5,MAC-KM5,1
11549046,26070110404536JFNWCF0WM-DO,MAC-KM5,MAC-KM5,1
11549046,26070110443920DSMMDR5ML-01,MAC-KM5,MAC-KM5,1
11549046,26070110443920DSMMDR5ML-DO,MAC-KM5,MAC-KM5,1
11549046,26070111235033JVEBDXEEIX-01,MAC-KD5,MAC-KD5,1
11549046,26070111235033JVEBDXEEIX-DO,MAC-KD5,MAC-KD5,1
11549046,26070111235033WB0NKEYF-01,MAC-KD5,MAC-KD5,1
11549046,26070111235033WB0NKEYF-DO,MAC-KD5,MAC-KD5,1
11549046,26070111235034ESDY6GWRL0-01,MAC-KD5,MAC-KD5,1
11549046,26070111235034ESDY6GWRL0-DO,MAC-KD5,MAC-KD5,1
11549046,26070111235034ETXFFQ3LXG-01,MAC-KD5,MAC-KD5,1
11549046,26070111235034ETXFFQ3LXG-DO,MAC-KD5,MAC-KD5,1
11549046,260701113503817AC9HREEEN-01,MAC-CP5,MAC-CP5,1
11549046,260701113503817AC9HREEEN-02,MAC-CP5,MAC-CP5,1
11549046,260701113503817AC9HREEEN-DO,MAC-CP5,MAC-CP5,1
11549046,26070111350381HPK8UH1B8-01,MAC-CP5,MAC-CP5,1
11549046,26070111350381HPK8UH1B8-DO,MAC-CP5,MAC-CP5,1
11549046,26070111350381R2STVMEPZ-01,MAC-CP5,MAC-CP5,1
11549046,26070111350381R2STVMEPZ-DO,MAC-CP5,MAC-CP5,1
11549046,26070112025363J7YPLDRG-01,MAC-KD5,MAC-KD5,1
11549046,26070112025363J7YPLDRG-DO,MAC-KD5,MAC-KD5,1
11549046,26070112025363TZXSQXX-01,MAC-KD5,MAC-KD5,1
11549046,26070112025363TZXSQXX-DO,MAC-KD5,MAC-KD5,1
11549046,26070112065701NLFYBYBGIZ-01,MAC-KD5,MAC-KD5,1
11549046,26070112065701NLFYBYBGIZ-DO,MAC-KD5,MAC-KD5,1
11549046,26070112065701UWNQ11HZI-01,MAC-KD5,MAC-KD5,1
11549046,26070112065701UWNQ11HZI-DO,MAC-KD5,MAC-KD5,1
11549046,26070112065701XWMUDKXJJX-01,MAC-KD5,MAC-KD5,1
11549046,26070112065701XWMUDKXJJX-DO,MAC-KD5,MAC-KD5,1
11549046,26070112123169HJRZVLXWI-01,MAC-KD5,MAC-KD5,1
11549046,26070112123169HJRZVLXWI-DO,MAC-KD5,MAC-KD5,1
11549046,26070112123169IF3MMLQ8ZA-01,MAC-KD5,MAC-KD5,1
11549046,26070112123169IF3MMLQ8ZA-DO,MAC-KD5,MAC-KD5,1
11549046,26070112211564CH9JLELPN-01,MAC-KD5,MAC-KD5,1
11549046,26070112211564CH9JLELPN-DO,MAC-KD5,MAC-KD5,1
11549046,26070112211564PBKCW9SX-01,MAC-KD5,MAC-KD5,1
11549046,26070112211564PBKCW9SX-DO,MAC-KD5,MAC-KD5,1
11549046,26070112273601U0TWY8IHG-01,MAC-KD5,MAC-KD5,1
11549046,26070112273601U0TWY8IHG-DO,MAC-KD5,MAC-KD5,1
11549046,26070112293656P1WFQ3QK6B-01,MAC-KD5,MAC-KD5,1
11549046,26070112293656P1WFQ3QK6B-DO,MAC-KD5,MAC-KD5,1
11549046,26070112293656RNTPUFPHF-01,MAC-KD5,MAC-KD5,1
11549046,26070112293656RNTPUFPHF-DO,MAC-KD5,MAC-KD5,1
11549046,26070112370275D3KOA4HRRL-01,MAC-KD5,MAC-KD5,1
11549046,26070112370275D3KOA4HRRL-02,MAC-KD5,MAC-KD5,1
11549046,26070112370275D3KOA4HRRL-DO,MAC-KD5,MAC-KD5,1
11549046,26070112370275LMLJVVK1J-01,MAC-KD5,MAC-KD5,1
11549046,26070112370275LMLJVVK1J-DO,MAC-KD5,MAC-KD5,1
11549046,26070112405957B0HWK0SKR-01,MAC-CP5,MAC-CP5,1
11549046,26070112405957B0HWK0SKR-DO,MAC-CP5,MAC-CP5,1
11549046,26070112420409AATBC8II7-01,MAC-KD5,MAC-KD5,1
11549046,26070112420409AATBC8II7-DO,MAC-KD5,MAC-KD5,1
11549046,26070112450339E5FWQRTTJ-01,MAC-KM5,MAC-KM5,1
11549046,26070112450339E5FWQRTTJ-DO,MAC-KM5,MAC-KM5,1
11549046,26070112482020HOIRYESDEA-01,MAC-KD5,MAC-KD5,1
11549046,26070112482020HOIRYESDEA-02,MAC-KD5,MAC-KD5,1
11549046,26070112482020HOIRYESDEA-DO,MAC-KD5,MAC-KD5,1
11549046,26070112482020TGVDSQ8EE-01,MAC-KD5,MAC-KD5,1
11549046,26070112482020TGVDSQ8EE-DO,MAC-KD5,MAC-KD5,1
11549046,26070112482020XBQLTRIIYT-01,MAC-KD5,MAC-KD5,1
11549046,26070112482020XBQLTRIIYT-02,MAC-KD5,MAC-KD5,1
11549046,26070112482020XBQLTRIIYT-03,MAC-KD5,MAC-KD5,1
11549046,26070112482020XBQLTRIIYT-DO,MAC-KD5,MAC-KD5,1
11549046,26070112562030CTUN4YI1A5-01,MAC-KD5,MAC-KD5,1
11549046,26070112562030CTUN4YI1A5-DO,MAC-KD5,MAC-KD5,1
11549046,26070112562030PYBVHJPNZ-01,MAC-KD5,MAC-KD5,1
11549046,26070112562030PYBVHJPNZ-DO,MAC-KD5,MAC-KD5,1
11549046,26070113053280YSISZTGW3-01,MAC-CB5,MAC-CB5,1
11549046,26070113053280YSISZTGW3-DO,MAC-CB5,MAC-CB5,1
11549046,26070113190627SOHJVD8JI-01,MAC-KM5,MAC-KM5,1
11549046,26070113190627SOHJVD8JI-DO,MAC-KM5,MAC-KM5,1
11549046,260701132951173EIUNCG8YJ-01,MAC-KD5,MAC-KD5,1
11549046,260701132951173EIUNCG8YJ-02,MAC-KD5,MAC-KD5,1
11549046,260701132951173EIUNCG8YJ-DO,MAC-KD5,MAC-KD5,1
11549046,2607011329511752BF2Z5PQJ-01,MAC-KD5,MAC-KD5,1
11549046,2607011329511752BF2Z5PQJ-DO,MAC-KD5,MAC-KD5,1
11549046,26070113295117ANJBB3JOD-01,MAC-KD5,MAC-KD5,1
11549046,26070113295117ANJBB3JOD-DO,MAC-KD5,MAC-KD5,1
11549046,26070113305902XY855XCJF-01,MAC-KD5,MAC-KD5,1
11549046,26070113305902XY855XCJF-DO,MAC-KD5,MAC-KD5,1
11549046,26070113374695OOWYX8GXR-01,MAC-KD5,MAC-KD5,1
11549046,26070113374695OOWYX8GXR-DO,MAC-KD5,MAC-KD5,1
11549046,26070113374695UIVYDU2L-01,MAC-KD5,MAC-KD5,1
11549046,26070113374695UIVYDU2L-DO,MAC-KD5,MAC-KD5,1
11549046,26070113374695ZCKYQWUZM-01,MAC-KD5,MAC-KD5,1
11549046,26070113374695ZCKYQWUZM-DO,MAC-KD5,MAC-KD5,1
11549046,26070113420542EQGHSTVJG-01,MAC-KD5,MAC-KD5,1
11549046,26070113420542EQGHSTVJG-DO,MAC-KD5,MAC-KD5,1
11549046,26070113420543EW5YRSL2OA-01,MAC-KD5,MAC-KD5,1
11549046,26070113420543EW5YRSL2OA-02,MAC-KD5,MAC-KD5,1
11549046,26070113420543EW5YRSL2OA-DO,MAC-KD5,MAC-KD5,1
11549046,26070113555438CXCG0W6R-01,MAC-CB5,MAC-CB5,1
11549046,26070113555438CXCG0W6R-DO,MAC-CB5,MAC-CB5,1
11549046,26070113555439EQKY0II56S-01,MAC-CB5,MAC-CB5,1
11549046,26070113555439EQKY0II56S-DO,MAC-CB5,MAC-CB5,1
11549046,26070113570910CE8F5Y9AQM-01,MAC-KM5,MAC-KM5,1
11549046,26070113570910CE8F5Y9AQM-DO,MAC-KM5,MAC-KM5,1
11549046,26070113570910HLNDUELG2-01,MAC-KM5,MAC-KM5,1
11549046,26070113570910HLNDUELG2-DO,MAC-KM5,MAC-KM5,1
11549046,26070113570910OQ6HPFRZDR-01,MAC-KM5,MAC-KM5,1
11549046,26070113570910OQ6HPFRZDR-02,MAC-KM5,MAC-KM5,1
11549046,26070113570910OQ6HPFRZDR-DO,MAC-KM5,MAC-KM5,1
11549046,26070113570910QXAEHANQ7O-01,MAC-KM5,MAC-KM5,1
11549046,26070113570910QXAEHANQ7O-DO,MAC-KM5,MAC-KM5,1
11549046,26070114010027MWDYIZCTH-01,MAC-KM5,MAC-KM5,1
11549046,26070114010027MWDYIZCTH-02,MAC-KM5,MAC-KM5,1
11549046,26070114010027MWDYIZCTH-03,MAC-KM5,MAC-KM5,1
11549046,26070114010027MWDYIZCTH-04,MAC-KM5,MAC-KM5,1
11549046,26070114010027MWDYIZCTH-05,MAC-KM5,MAC-KM5,1
11549046,26070114010027MWDYIZCTH-DO,,MAC-KD5,1
11549046,260701141903059RXIU8OSM-01,MAC-KM5,MAC-KM5,1
11549046,260701141903059RXIU8OSM-DO,MAC-KM5,MAC-KM5,1
11549046,26070114190305NWQ1DUJEA-01,MAC-KM5,MAC-KM5,1
11549046,26070114190305NWQ1DUJEA-DO,MAC-KM5,MAC-KM5,1
11549046,260701142029399FE29M16M-01,MAC-KD5,MAC-KD5,1
11549046,260701142029399FE29M16M-DO,MAC-KD5,MAC-KD5,1
11549046,26070114204022RSNALH0PO-01,MAC-CB5,MAC-CB5,1
11549046,26070114204022RSNALH0PO-DO,MAC-CB5,MAC-CB5,1
11549046,26070114204022YOKL9PAHMG-01,MAC-CB5,MAC-CB5,1
11549046,26070114204022YOKL9PAHMG-DO,MAC-CB5,MAC-CB5,1
11549046,260701142146118WLCGVG1-01,MAC-CP5,MAC-CP5,1
11549046,260701142146118WLCGVG1-DO,MAC-CP5,MAC-CP5,1
11549046,260701144323121KRNND2TY-01,MAC-KD5,MAC-KD5,1
11549046,260701144323121KRNND2TY-02,MAC-KD5,MAC-KD5,1
11549046,260701144323121KRNND2TY-DO,MAC-KD5,MAC-KD5,1
11549046,26070114432312XWCFSMIFK2-01,MAC-KD5,MAC-KD5,1
11549046,26070114432312XWCFSMIFK2-DO,MAC-KD5,MAC-KD5,1
11549046,26070114482671KDTNQRODAK-01,MAC-KD5,MAC-KD5,1
11549046,26070114482671KDTNQRODAK-02,MAC-KD5,MAC-KD5,1
11549046,26070114482671KDTNQRODAK-DO,MAC-KD5,MAC-KD5,1
11549046,26070114482671UMB1DCM4BJ-01,MAC-KD5,MAC-KD5,1
11549046,26070114482671UMB1DCM4BJ-DO,MAC-KD5,MAC-KD5,1
11549046,26070114574095RCOBQXC29-01,MAC-KD5,MAC-KD5,1
11549046,26070114574095RCOBQXC29-DO,MAC-KD5,MAC-KD5,1
11549046,26070114574095WRBKQJXEKN-01,MAC-KD5,MAC-KD5,1
11549046,26070114574095WRBKQJXEKN-DO,MAC-KD5,MAC-KD5,1
11549046,26070114574095WXJEVEXV2-01,MAC-KD5,MAC-KD5,1
11549046,26070114574095WXJEVEXV2-DO,MAC-KD5,MAC-KD5,1
11549046,26070115042794E4NINU5N5-01,MAC-CP5,MAC-CP5,1
11549046,26070115042794E4NINU5N5-DO,MAC-CP5,MAC-CP5,1
11549046,26070115042794JILR3U9B-01,MAC-CP5,MAC-CP5,1
11549046,26070115042794JILR3U9B-DO,MAC-CP5,MAC-CP5,1
11549046,26070115062705F7XCLGDVVJ-01,MAC-CB5,MAC-CB5,1
11549046,26070115062705F7XCLGDVVJ-DO,MAC-CB5,MAC-CB5,1
11549046,26070115062705LYUPVELMOL-01,MAC-CB5,MAC-CB5,1
11549046,26070115062705LYUPVELMOL-DO,MAC-CB5,MAC-CB5,1
11549046,26070115062705YUC1XLLTS-01,MAC-CB5,MAC-CB5,1
11549046,26070115062705YUC1XLLTS-DO,MAC-CB5,MAC-CB5,1
11549046,2607011513332378DF4WID6T-01,MAC-KD5,MAC-KD5,1
11549046,2607011513332378DF4WID6T-DO,MAC-KD5,MAC-KD5,1
11549046,26070115133323IJDAKIK8A-01,MAC-KD5,MAC-KD5,1
11549046,26070115133323IJDAKIK8A-DO,MAC-KD5,MAC-KD5,1
11549046,260701151728155R78F3U-01,MAC-CP5,MAC-CP5,1
11549046,260701151728155R78F3U-DO,MAC-CP5,MAC-CP5,1
11549046,260701161152568NFXEQLDQ-01,MAC-KD5,MAC-KD5,1
11549046,260701161152568NFXEQLDQ-DO,MAC-KD5,MAC-KD5,1
11549046,26070116115256G8DLAJKLSA-01,MAC-KD5,MAC-KD5,1
11549046,26070116115256G8DLAJKLSA-DO,MAC-KD5,MAC-KD5,1
11549046,26070116115256KEGLABT7OR-01,MAC-KD5,MAC-KD5,1
11549046,26070116115256KEGLABT7OR-DO,MAC-KD5,MAC-KD5,1
11549046,26070121534294XHCEFQLYB-01,MAC-CP5,MAC-CP5,1
11549046,26070121534294XHCEFQLYB-02,MAC-CP5,MAC-CP5,1
11549046,26070121534294XHCEFQLYB-DO,MAC-CP5,MAC-CP5,1
11549046,26070122180557BL7HQXKW8-01,MAC-CP5,MAC-CP5,1
11549046,26070122180557BL7HQXKW8-DO,MAC-CP5,MAC-CP5,1
11549046,26070122180557RPXT4L8SQ3-01,MAC-CP5,MAC-CP5,1
11549046,26070122180557RPXT4L8SQ3-DO,MAC-CP5,MAC-CP5,1
11549046,2607012313186788QGS6X1C1-01,MAC-CP5,MAC-CP5,1
11549046,2607012313186788QGS6X1C1-DO,MAC-CP5,MAC-CP5,1
11549046,26070123131867ZAP2FUDPM-01,MAC-CP5,MAC-CP5,1
11549046,26070123131867ZAP2FUDPM-DO,MAC-CP5,MAC-CP5,1
11549046,260702000227340MTWDORJC-01,MAC-CB5,MAC-CB5,1
11549046,260702000227340MTWDORJC-DO,MAC-CB5,MAC-CB5,1
11549046,26070200022734BN2M5BBGAA-01,MAC-CB5,MAC-CB5,1
11549046,26070200022734BN2M5BBGAA-DO,MAC-CB5,MAC-CB5,1
11549046,26070200022734KXBGFZGPH-01,MAC-CB5,MAC-CB5,1
11549046,26070200022734KXBGFZGPH-02,MAC-CB5,MAC-CB5,1
11549046,26070200022734KXBGFZGPH-DO,MAC-CB5,MAC-CB5,1
11549046,26070200050453BCWELUVVD-01,MAC-KD5,MAC-KD5,1
11549046,26070200050453BCWELUVVD-DO,MAC-KD5,MAC-KD5,1
11549046,26070200050453SDFZVTESK-01,MAC-KD5,MAC-KD5,1
11549046,26070200050453SDFZVTESK-DO,MAC-KD5,MAC-KD5,1
11549046,26070200060707FSISSK8Y4G-01,MAC-KD5,MAC-KD5,1
11549046,26070200060707FSISSK8Y4G-DO,MAC-KD5,MAC-KD5,1
11549046,26070200060707WKYAK3NEI-01,MAC-KD5,MAC-KD5,1
11549046,26070200060707WKYAK3NEI-DO,MAC-KD5,MAC-KD5,1
11549046,26070200060708QHGE8HIQR-01,MAC-KD5,MAC-KD5,1
11549046,26070200060708QHGE8HIQR-DO,MAC-KD5,MAC-KD5,1
11549046,26070200190066ID3JU594VQ-01,MAC-KD5,MAC-KD5,1
11549046,26070200190066ID3JU594VQ-DO,MAC-KD5,MAC-KD5,1
11549046,26070200190066IT5UHXL4X-01,MAC-KD5,MAC-KD5,1
11549046,26070200190066IT5UHXL4X-DO,MAC-KD5,MAC-KD5,1
11549046,26070200202524CYJFDESGI-01,MAC-KD5,MAC-KD5,1
11549046,26070200202524CYJFDESGI-DO,MAC-KD5,MAC-KD5,1
11549046,26070200202524GQZF8NOHK-01,MAC-KD5,MAC-KD5,1
11549046,26070200202524GQZF8NOHK-DO,MAC-KD5,MAC-KD5,1
11549046,26070200261782DWR0I5PS8-01,MAC-KD5,MAC-KD5,1
11549046,26070200261782DWR0I5PS8-DO,MAC-KD5,MAC-KD5,1
11549046,26070200261782VR5PAOBY-01,MAC-KD5,MAC-KD5,1
11549046,26070200261782VR5PAOBY-DO,MAC-KD5,MAC-KD5,1
11549046,26070200323604YF0K6GCDS-01,MAC-KD5,MAC-KD5,1
11549046,26070200323604YF0K6GCDS-DO,MAC-KD5,MAC-KD5,1
11549046,2607020035372495PVXKIM8-01,MAC-KD5,MAC-KD5,1
11549046,2607020035372495PVXKIM8-DO,MAC-KD5,MAC-KD5,1
11549046,26070200384751XBDVTSXZT-01,MAC-KD5,MAC-KD5,1
11549046,26070200384751XBDVTSXZT-DO,MAC-KD5,MAC-KD5,1
11549046,26070200405530CFMXC3JDN-01,MAC-KD5,MAC-KD5,1
11549046,26070200405530CFMXC3JDN-DO,MAC-KD5,MAC-KD5,1
11549046,26070200405530X0WE7E2UG0-01,MAC-KD5,MAC-KD5,1
11549046,26070200405530X0WE7E2UG0-DO,MAC-KD5,MAC-KD5,1
11549046,260702004325902S3IQHSDA-01,MAC-KD5,MAC-KD5,1
11549046,260702004325902S3IQHSDA-DO,MAC-KD5,MAC-KD5,1
11549046,26070200442806FLFGNPG59J-01,MAC-CB5,MAC-CB5,1
11549046,26070200442806FLFGNPG59J-DO,MAC-CB5,MAC-CB5,1
11549046,26070200442806NCINFS2OZ-01,MAC-CB5,MAC-CB5,1
11549046,26070200442806NCINFS2OZ-DO,MAC-CB5,MAC-CB5,1
11549046,26070200442806OGIMZUS0K-01,MAC-CB5,MAC-CB5,1
11549046,26070200442806OGIMZUS0K-DO,MAC-CB5,MAC-CB5,1
11549046,26070200451693ERGW943GF-01,MAC-KD5,MAC-KD5,1
11549046,26070200451693ERGW943GF-DO,MAC-KD5,MAC-KD5,1
11549046,260702004631301GAZ3YDD3-01,MAC-KD5,MAC-KD5,1
11549046,260702004631301GAZ3YDD3-DO,MAC-KD5,MAC-KD5,1
11549046,26070200463130QJWWG8SUTT-01,MAC-KD5,MAC-KD5,1
11549046,26070200463130QJWWG8SUTT-DO,MAC-KD5,MAC-KD5,1
11549046,260702004736280W3Z7BC3G-01,MAC-KD5,MAC-KD5,1
11549046,260702004736280W3Z7BC3G-DO,MAC-KD5,MAC-KD5,1
11549046,26070200473628G3WUWYOCVA-01,MAC-KD5,MAC-KD5,1
11549046,26070200473628G3WUWYOCVA-02,MAC-KD5,MAC-KD5,1
11549046,26070200473628G3WUWYOCVA-DO,MAC-KD5,MAC-KD5,1
11549046,26070200584526FWC9D5KYS-01,MAC-KD5,MAC-KD5,1
11549046,26070200584526FWC9D5KYS-DO,MAC-KD5,MAC-KD5,1
11549046,26070200584526HXA20NFRET-01,MAC-KD5,MAC-KD5,1
11549046,26070200584526HXA20NFRET-DO,MAC-KD5,MAC-KD5,1
11549046,26070200594956PZDGGAGSQ-01,MAC-KM5,MAC-KM5,1
11549046,26070200594956PZDGGAGSQ-02,MAC-KM5,MAC-KM5,1
11549046,26070200594956PZDGGAGSQ-03,MAC-KM5,MAC-KM5,1
11549046,26070200594956PZDGGAGSQ-DO,MAC-KM5,MAC-KM5,1
11549046,260702010222103WOTTUXO-01,MAC-KM5,MAC-KM5,1
11549046,260702010222103WOTTUXO-DO,MAC-KM5,MAC-KM5,1
11549046,26070201065892DSDFHOHNOO-01,MAC-CB5,MAC-CB5,1
11549046,26070201065892DSDFHOHNOO-DO,MAC-CB5,MAC-CB5,1
11549046,26070201065892KAZZD038T-01,MAC-CB5,MAC-CB5,1
11549046,26070201065892KAZZD038T-DO,MAC-CB5,MAC-CB5,1
11549046,260702010805402XAZYCWGY-01,MAC-KD5,MAC-KD5,1
11549046,260702010805402XAZYCWGY-DO,MAC-KD5,MAC-KD5,1
11549046,26070201080540JGUIVMQYZI-01,MAC-KD5,MAC-KD5,1
11549046,26070201080540JGUIVMQYZI-DO,MAC-KD5,MAC-KD5,1
11549046,26070201080540XENMOCD9-01,MAC-KD5,MAC-KD5,1
11549046,26070201080540XENMOCD9-DO,MAC-KD5,MAC-KD5,1
11549046,26070201100079DMAE4UM8-01,MAC-CP5,MAC-CP5,1
11549046,26070201100079DMAE4UM8-DO,MAC-CP5,MAC-CP5,1
11549046,26070201100079EAKDASJKY-01,MAC-CP5,MAC-CP5,1
11549046,26070201100079EAKDASJKY-DO,MAC-CP5,MAC-CP5,1
11549046,26070201105279LN3UAZCHL-01,MAC-KD5,MAC-KD5,1
11549046,26070201105279LN3UAZCHL-DO,MAC-KD5,MAC-KD5,1
11549046,26070201105279LT0AGI9H5O-01,MAC-KD5,MAC-KD5,1
11549046,26070201105279LT0AGI9H5O-DO,MAC-KD5,MAC-KD5,1
11549046,26070201105279MBZMXTZSB-01,MAC-KD5,MAC-KD5,1
11549046,26070201105279MBZMXTZSB-DO,MAC-KD5,MAC-KD5,1
11549046,260702011114955UNMZRDXO-01,MAC-KD5,MAC-KD5,1
11549046,260702011114955UNMZRDXO-DO,MAC-KD5,MAC-KD5,1
11549046,26070201124444PVET2WUDV-01,MAC-KD5,MAC-KD5,1
11549046,26070201124444PVET2WUDV-DO,MAC-KD5,MAC-KD5,1
11549046,26070201135322HJE4LZUR1-01,MAC-KM5,MAC-KM5,1
11549046,26070201135322HJE4LZUR1-DO,MAC-KM5,MAC-KM5,1
11549046,26070201135322TDWLFGQN6P-01,MAC-KM5,MAC-KM5,1
11549046,26070201135322TDWLFGQN6P-DO,MAC-KM5,MAC-KM5,1
11549046,26070201165063F9KFWLRGI-01,MAC-KM5,MAC-KM5,1
11549046,26070201165063F9KFWLRGI-DO,MAC-KM5,MAC-KM5,1
11549046,26070201172652DDDQWBY6T-01,MAC-CB5,MAC-CB5,1
11549046,26070201172652DDDQWBY6T-DO,MAC-CB5,MAC-CB5,1
11549046,26070201232491BVICGBERP-01,MAC-CP5,MAC-CP5,1
11549046,26070201232491BVICGBERP-DO,MAC-CP5,MAC-CP5,1
11549046,260702012411348S8KYSFU-01,MAC-CP5,MAC-CP5,1
11549046,260702012411348S8KYSFU-DO,MAC-CP5,MAC-CP5,1
11549046,26070201244688C9PLYKHU2-01,MAC-KD5,MAC-KD5,1
11549046,26070201244688C9PLYKHU2-DO,MAC-KD5,MAC-KD5,1
11549046,26070201244688TAKE4D5I5-01,MAC-KD5,MAC-KD5,1
11549046,26070201244688TAKE4D5I5-DO,MAC-KD5,MAC-KD5,1
11549046,260702012455533V32V6GDC-01,MAC-CB5,MAC-CB5,1
11549046,260702012455533V32V6GDC-DO,MAC-CB5,MAC-CB5,1
11549046,26070201324984JTARZV44OK-01,MAC-KD5,MAC-KD5,1
11549046,26070201324984JTARZV44OK-DO,MAC-KD5,MAC-KD5,1
11549046,26070201324984MY9GKUXWO-01,MAC-KD5,MAC-KD5,1
11549046,26070201324984MY9GKUXWO-DO,MAC-KD5,MAC-KD5,1
11549046,26070201341724CAUQKLDSN-01,MAC-KD5,MAC-KD5,1
11549046,26070201341724CAUQKLDSN-DO,MAC-KD5,MAC-KD5,1
11549046,26070201341724X8VHO31VJ-01,MAC-KD5,MAC-KD5,1
11549046,26070201341724X8VHO31VJ-DO,MAC-KD5,MAC-KD5,1
11549046,26070201362222UIZYLI3E-01,MAC-CB5,MAC-CB5,1
11549046,26070201362222UIZYLI3E-DO,MAC-CB5,MAC-CB5,1
11549046,26070201432359CS0ZRV0ZF-01,MAC-CB5,MAC-CB5,1
11549046,26070201432359CS0ZRV0ZF-DO,,MAC-KD5,1
11549046,26070201432359DIBQ6HIIA-01,MAC-CB5,MAC-CB5,1
11549046,26070201432359DIBQ6HIIA-DO,MAC-CB5,MAC-CB5,1
11549046,26070201445926HVVYH93WZ3-01,MAC-KD5,MAC-KD5,1
11549046,26070201445926HVVYH93WZ3-DO,MAC-KD5,MAC-KD5,1
11549046,26070201445926VTMHYY51E-01,MAC-KD5,MAC-KD5,1
11549046,26070201445926VTMHYY51E-DO,MAC-KD5,MAC-KD5,1
11549046,26070201445926XFILGYR0AV-01,MAC-KD5,MAC-KD5,1
11549046,26070201445926XFILGYR0AV-DO,MAC-KD5,MAC-KD5,1
11549046,26070201451914H9HMSLG4A-01,MAC-KD5,MAC-KD5,1
11549046,26070201451914H9HMSLG4A-DO,MAC-KD5,MAC-KD5,1
11549046,26070201451914MKY8LCBX7-01,MAC-KD5,MAC-KD5,1
11549046,26070201451914MKY8LCBX7-DO,MAC-KD5,MAC-KD5,1
11549046,26070201483417HCGRICTOE-01,MAC-KD5,MAC-KD5,1
11549046,26070201483417HCGRICTOE-DO,MAC-KD5,MAC-KD5,1
11549046,26070201483417JLOICILZR-01,MAC-KD5,MAC-KD5,1
11549046,26070201483417JLOICILZR-DO,MAC-KD5,MAC-KD5,1
11549046,26070201483417Q1ICTXOBZ-01,MAC-KD5,MAC-KD5,1
11549046,26070201483417Q1ICTXOBZ-DO,MAC-KD5,MAC-KD5,1
11549046,260702015351101VFPCMBSH-01,MAC-CB5,MAC-CB5,1
11549046,260702015351101VFPCMBSH-02,MAC-CB5,MAC-CB5,1
11549046,260702015351101VFPCMBSH-DO,MAC-CB5,MAC-CB5,1
11549046,260702015351102TXWPTW3A-01,MAC-CB5,MAC-CB5,1
11549046,260702015351102TXWPTW3A-02,MAC-CB5,MAC-CB5,1
11549046,260702015351102TXWPTW3A-03,MAC-CB5,MAC-CB5,1
11549046,260702015351102TXWPTW3A-DO,MAC-CB5,MAC-CB5,1
11549046,26070201571349FC5VFPSJB-01,MAC-CB5,MAC-CB5,1
11549046,26070201571349FC5VFPSJB-DO,MAC-CB5,MAC-CB5,1
11549046,2607020159359933QMCW82L-01,MAC-KD5,MAC-KD5,1
11549046,2607020159359933QMCW82L-DO,MAC-KD5,MAC-KD5,1
11549046,26070201593599OWWVBUHNR-01,MAC-KD5,MAC-KD5,1
11549046,26070201593599OWWVBUHNR-DO,MAC-KD5,MAC-KD5,1
11549046,26070202024793D2JNRO6Q-01,MAC-KD5,MAC-KD5,1
11549046,26070202024793D2JNRO6Q-DO,MAC-KD5,MAC-KD5,1
11549046,26070202024794B8PLRQ5KM-01,MAC-KD5,MAC-KD5,1
11549046,26070202024794B8PLRQ5KM-DO,MAC-KD5,MAC-KD5,1
11549046,26070202024794UGBWUPSMNO-01,MAC-KD5,MAC-KD5,1
11549046,26070202024794UGBWUPSMNO-02,MAC-KD5,MAC-KD5,1
11549046,26070202024794UGBWUPSMNO-DO,MAC-KD5,MAC-KD5,1
11549046,260702020411231MV7U1JUQZ-01,MAC-CP5,MAC-CP5,1
11549046,260702020411231MV7U1JUQZ-DO,MAC-CP5,MAC-CP5,1
11549046,26070202041123IGCDRQPGSB-01,MAC-CP5,MAC-CP5,1
11549046,26070202041123IGCDRQPGSB-DO,MAC-CP5,MAC-CP5,1
11549046,26070202041123II4YOLHL-01,MAC-CP5,MAC-CP5,1
11549046,26070202041123II4YOLHL-DO,MAC-CP5,MAC-CP5,1
11549046,26070202120550DZL6WX2Z9-01,MAC-CP5,MAC-CP5,1
11549046,26070202120550DZL6WX2Z9-DO,MAC-CP5,MAC-CP5,1
11549046,26070202120550RP4Z4HDKCH-01,MAC-CP5,MAC-CP5,1
11549046,26070202120550RP4Z4HDKCH-DO,MAC-CP5,MAC-CP5,1
11549046,26070202120608BUMLEQQ7TD-01,MAC-KD5,MAC-KD5,1
11549046,26070202120608BUMLEQQ7TD-DO,MAC-KD5,MAC-KD5,1
11549046,26070202120608Y6ACYNTWD-01,MAC-KD5,MAC-KD5,1
11549046,26070202120608Y6ACYNTWD-DO,MAC-KD5,MAC-KD5,1
11549046,26070202132169APGIJ1UGS-01,MAC-KD5,MAC-KD5,1
11549046,26070202132169APGIJ1UGS-DO,MAC-KD5,MAC-KD5,1
11549046,26070202132169AQXHQDDLP-01,MAC-KD5,MAC-KD5,1
11549046,26070202132169AQXHQDDLP-DO,MAC-KD5,MAC-KD5,1
11549046,260702021521924IJCNNA-01,MAC-KD5,MAC-KD5,1
11549046,260702021521924IJCNNA-DO,MAC-KD5,MAC-KD5,1
11549046,26070202200597LUAYP7ROB-01,MAC-KD5,MAC-KD5,1
11549046,26070202200597LUAYP7ROB-DO,MAC-KD5,MAC-KD5,1
11549046,26070202200598KVXN9VCFI-01,MAC-KD5,MAC-KD5,1
11549046,26070202200598KVXN9VCFI-DO,MAC-KD5,MAC-KD5,1
11549046,26070202210339L3ESBXNHZR-01,MAC-CB5,MAC-CB5,1
11549046,26070202210339L3ESBXNHZR-DO,MAC-CB5,MAC-CB5,1
11549046,26070202210339LWGH8JLQNA-01,MAC-CB5,MAC-CB5,1
11549046,26070202210339LWGH8JLQNA-DO,MAC-CB5,MAC-CB5,1
11549046,26070202210339PPGZGSHBOA-01,MAC-CB5,MAC-CB5,1
11549046,26070202210339PPGZGSHBOA-DO,MAC-CB5,MAC-CB5,1
11549046,26070202210339Y0R1R2NJY-01,MAC-CB5,MAC-CB5,1
11549046,26070202210339Y0R1R2NJY-DO,MAC-CB5,MAC-CB5,1
11549046,26070202273291QV0HGNSSN-01,MAC-KD5,MAC-KD5,1
11549046,26070202273291QV0HGNSSN-DO,MAC-KD5,MAC-KD5,1
11549046,26070202283784CZWCVMJS-01,MAC-KM5,MAC-KM5,1
11549046,26070202283784CZWCVMJS-DO,,MAC-KD5,1
11549046,26070202300538CDGBVMRPS7-01,MAC-CB5,MAC-CB5,1
11549046,26070202300538CDGBVMRPS7-DO,MAC-CB5,MAC-CB5,1
11549046,26070202300538WENUZLGIJ-01,MAC-CB5,MAC-CB5,1
11549046,26070202300538WENUZLGIJ-DO,MAC-CB5,MAC-CB5,1
11549046,26070202305654CH8JUQ8CO-01,MAC-CB5,MAC-CB5,1
11549046,26070202305654CH8JUQ8CO-DO,MAC-CB5,MAC-CB5,1
11549046,26070202305654NUE75YCCE-01,MAC-CB5,MAC-CB5,1
11549046,26070202305654NUE75YCCE-02,MAC-CB5,MAC-CB5,1
11549046,26070202305654NUE75YCCE-DO,MAC-CB5,MAC-CB5,1
11549046,26070202370034ECDXAIP621-01,MAC-KD5,MAC-KD5,1
11549046,26070202370034ECDXAIP621-DO,MAC-KD5,MAC-KD5,1
11549046,26070202370034KRIOMZLUC-01,MAC-KD5,MAC-KD5,1
11549046,26070202370034KRIOMZLUC-DO,MAC-KD5,MAC-KD5,1
11549046,260702023920720EOWEBWWA3-01,MAC-KD5,MAC-KD5,1
11549046,260702023920720EOWEBWWA3-DO,MAC-KD5,MAC-KD5,1
11549046,26070202392072QADVJK4PF-01,MAC-KD5,MAC-KD5,1
11549046,26070202392072QADVJK4PF-DO,MAC-KD5,MAC-KD5,1
11549046,26070202392072YBSQBUMVTS-01,MAC-KD5,MAC-KD5,1
11549046,26070202392072YBSQBUMVTS-02,MAC-KD5,MAC-KD5,1
11549046,26070202392072YBSQBUMVTS-DO,MAC-KD5,MAC-KD5,1
11549046,26070202395232L68K53AP-01,MAC-KD5,MAC-KD5,1
11549046,26070202395232L68K53AP-DO,MAC-KD5,MAC-KD5,1
11549046,26070202395232NXMD3TJROZ-01,MAC-KD5,MAC-KD5,1
11549046,26070202395232NXMD3TJROZ-DO,MAC-KD5,MAC-KD5,1
11549046,26070202420410PTAHKMBBD-01,MAC-KD5,MAC-KD5,1
11549046,26070202420410PTAHKMBBD-DO,MAC-KD5,MAC-KD5,1
11549046,26070202541420BDXLQFT1ED-01,MAC-KM5,MAC-KM5,1
11549046,26070202541420BDXLQFT1ED-DO,MAC-KM5,MAC-KM5,1
11549046,26070202541420NUV4GNQLU-01,MAC-KM5,MAC-KM5,1
11549046,26070202541420NUV4GNQLU-DO,MAC-KM5,MAC-KM5,1
11549046,26070202541420OB9DBUNPGJ-01,MAC-KM5,MAC-KM5,1
11549046,26070202541420OB9DBUNPGJ-02,MAC-KM5,MAC-KM5,1
11549046,26070202541420OB9DBUNPGJ-DO,MAC-KM5,MAC-KM5,1
11549046,26070202541420PDM2GP6EYK-01,MAC-KM5,MAC-KM5,1
11549046,26070202541420PDM2GP6EYK-DO,MAC-KM5,MAC-KM5,1
11549046,26070202542292N53N5TQKQ-01,MAC-KM5,MAC-KM5,1
11549046,26070202542292N53N5TQKQ-DO,MAC-KM5,MAC-KM5,1
11549046,26070202542292YQTIQAWLNS-01,MAC-KM5,MAC-KM5,1
11549046,26070202542292YQTIQAWLNS-DO,MAC-KM5,MAC-KM5,1
11549046,26070202553436UMYYEYBSR-01,MAC-KD5,MAC-KD5,1
11549046,26070202553436UMYYEYBSR-DO,MAC-KD5,MAC-KD5,1
11549046,26070202562521RAUT2GLZK-01,MAC-KM5,MAC-KM5,1
11549046,26070202562521RAUT2GLZK-DO,MAC-KM5,MAC-KM5,1
11549046,260702025635432VM2RZIE-01,MAC-CP5,MAC-CP5,1
11549046,260702025635432VM2RZIE-DO,MAC-CP5,MAC-CP5,1
11549046,26070202563543FHOT61II-01,MAC-CP5,MAC-CP5,1
11549046,26070202563543FHOT61II-DO,MAC-CP5,MAC-CP5,1
11549046,26070202563543USAHWOOV16-01,MAC-CP5,MAC-CP5,1
11549046,26070202563543USAHWOOV16-DO,MAC-CP5,MAC-CP5,1
11549046,26070202570593DKOHERAJ6-01,MAC-CB5,MAC-CB5,1
11549046,26070202570593DKOHERAJ6-DO,MAC-CB5,MAC-CB5,1
11549046,26070202570593IGWXQY4P4-01,MAC-CB5,MAC-CB5,1
11549046,26070202570593IGWXQY4P4-DO,MAC-CB5,MAC-CB5,1
11549046,26070202590728F1TGKU7C-01,MAC-KM5,MAC-KM5,1
11549046,26070202590728F1TGKU7C-DO,MAC-KM5,MAC-KM5,1
11549046,26070202590729QJBMV0DRIV-01,MAC-KM5,MAC-KM5,1
11549046,26070202590729QJBMV0DRIV-DO,MAC-KM5,MAC-KM5,1
11549046,26070202595264H0CBHT60H-01,MAC-KD5,MAC-KD5,1
11549046,26070202595264H0CBHT60H-DO,MAC-KD5,MAC-KD5,1
11549046,26070203004279IRZS39FQK-01,MAC-KD5,MAC-KD5,1
11549046,26070203004279IRZS39FQK-DO,MAC-KD5,MAC-KD5,1
11549046,260702030145424NOSW2QDQT-01,MAC-CB5,MAC-CB5,1
11549046,260702030145424NOSW2QDQT-DO,MAC-CB5,MAC-CB5,1
11549046,26070203014542OZXH06ZL-01,MAC-CB5,MAC-CB5,1
11549046,26070203014542OZXH06ZL-DO,MAC-CB5,MAC-CB5,1
11549046,26070203014543FTEAVWYDGW-01,MAC-CB5,MAC-CB5,1
11549046,26070203014543FTEAVWYDGW-DO,MAC-CB5,MAC-CB5,1
11549046,26070203015047KDKTENH6NB-01,MAC-CB5,MAC-CB5,1
11549046,26070203015047KDKTENH6NB-DO,MAC-CB5,MAC-CB5,1
11549046,26070203015047L0LXWV97QJ-01,MAC-CB5,MAC-CB5,1
11549046,26070203015047L0LXWV97QJ-DO,MAC-CB5,MAC-CB5,1
11549046,26070203015047SBJOGEGAP-01,MAC-CB5,MAC-CB5,1
11549046,26070203015047SBJOGEGAP-DO,MAC-CB5,MAC-CB5,1
11549046,26070203015047ZHH6CPQRRT-01,MAC-CB5,MAC-CB5,1
11549046,26070203015047ZHH6CPQRRT-02,MAC-CB5,MAC-CB5,1
11549046,26070203015047ZHH6CPQRRT-DO,MAC-CB5,MAC-CB5,1
11549046,26070203022990CTBGXQE9M5-01,MAC-KD5,MAC-KD5,1
11549046,26070203022990CTBGXQE9M5-DO,MAC-KD5,MAC-KD5,1
11549046,26070203022990LQ8NEZYGXH-01,MAC-KD5,MAC-KD5,1
11549046,26070203022990LQ8NEZYGXH-02,MAC-KD5,MAC-KD5,1
11549046,26070203022990LQ8NEZYGXH-DO,MAC-KD5,MAC-KD5,1
11549046,26070203022990WZ435N7CM-01,MAC-KD5,MAC-KD5,1
11549046,26070203022990WZ435N7CM-DO,MAC-KD5,MAC-KD5,1
11549046,26070203041311AMWL4USIUI-01,MAC-KM5,MAC-KM5,1
11549046,26070203041311AMWL4USIUI-DO,MAC-KM5,MAC-KM5,1
11549046,26070203041311CD7XESST4G-01,MAC-KM5,MAC-KM5,1
11549046,26070203041311CD7XESST4G-DO,MAC-KM5,MAC-KM5,1
11549046,26070203041311LAJ43DX-01,MAC-KM5,MAC-KM5,1
11549046,26070203041311LAJ43DX-DO,MAC-KM5,MAC-KM5,1
11549046,260702030449977QL6WJ9T5M-01,MAC-KM5,MAC-KM5,1
11549046,260702030449977QL6WJ9T5M-DO,MAC-KM5,MAC-KM5,1
11549046,26070203044997EXJOFNR9T-01,MAC-KM5,MAC-KM5,1
11549046,26070203044997EXJOFNR9T-DO,MAC-KM5,MAC-KM5,1
11549046,26070203051654QXZGXKBER-01,MAC-KD5,MAC-KD5,1
11549046,26070203051654QXZGXKBER-DO,MAC-KD5,MAC-KD5,1
11549046,26070203075773CUG1WTRBZA-01,MAC-CP5,MAC-CP5,1
11549046,26070203075773CUG1WTRBZA-DO,MAC-CP5,MAC-CP5,1
11549046,26070203075773L9L62K4TX-01,MAC-CP5,MAC-CP5,1
11549046,26070203075773L9L62K4TX-DO,MAC-CP5,MAC-CP5,1
11549046,26070203085155P7CFGXTM6-01,MAC-CB5,MAC-CB5,1
11549046,26070203085155P7CFGXTM6-DO,MAC-CB5,MAC-CB5,1
11549046,2607020309592985RLXSMQ-01,MAC-CP5,MAC-CP5,1
11549046,2607020309592985RLXSMQ-DO,MAC-CP5,MAC-CP5,1
11549046,26070203095929IJEVBQ3NLC-01,MAC-CP5,MAC-CP5,1
11549046,26070203095929IJEVBQ3NLC-DO,MAC-CP5,MAC-CP5,1
11549046,260702031001601X1MAAP3L-01,MAC-CB5,MAC-CB5,1
11549046,260702031001601X1MAAP3L-DO,MAC-CB5,MAC-CB5,1
11549046,26070203103437FU2BYFPXC-01,MAC-KD5,MAC-KD5,1
11549046,26070203103437FU2BYFPXC-DO,MAC-KD5,MAC-KD5,1
11549046,26070203103437T8CXLGNOX1-01,MAC-KD5,MAC-KD5,1
11549046,26070203103437T8CXLGNOX1-DO,MAC-KD5,MAC-KD5,1
11549046,26070203111772IILAIJPRN-01,MAC-KM5,MAC-KM5,1
11549046,26070203111772IILAIJPRN-DO,MAC-KM5,MAC-KM5,1
11549046,260702031438629UMEZFSCT-01,MAC-CB5,MAC-CB5,1
11549046,260702031438629UMEZFSCT-02,MAC-CB5,MAC-CB5,1
11549046,260702031438629UMEZFSCT-DO,MAC-CB5,MAC-CB5,1
11549046,26070203143862GY2RYPZLDY-01,MAC-CB5,MAC-CB5,1
11549046,26070203143862GY2RYPZLDY-DO,MAC-CB5,MAC-CB5,1
11549046,26070203143862LKIJBPL6IU-01,MAC-CB5,MAC-CB5,1
11549046,26070203143862LKIJBPL6IU-DO,MAC-CB5,MAC-CB5,1
11549046,26070203143862LVWLDLL0A-01,MAC-CB5,MAC-CB5,1
11549046,26070203143862LVWLDLL0A-DO,MAC-CB5,MAC-CB5,1
11549046,26070203143862MH5ZSP6QHQ-01,MAC-CB5,MAC-CB5,1
11549046,26070203143862MH5ZSP6QHQ-DO,MAC-CB5,MAC-CB5,1
11549046,26070203145517MEWTTCAK-01,MAC-KM5,MAC-KM5,1
11549046,26070203145517MEWTTCAK-DO,MAC-KM5,MAC-KM5,1
11549046,26070203145517QAH669MYPI-01,MAC-KM5,MAC-KM5,1
11549046,26070203145517QAH669MYPI-DO,MAC-KM5,MAC-KM5,1
11549046,26070203145517ZKSBCGHZF-01,MAC-KM5,MAC-KM5,1
11549046,26070203145517ZKSBCGHZF-DO,MAC-KM5,MAC-KM5,1
11549046,260702031555505TJRDMSHM-01,MAC-CB5,MAC-CB5,1
11549046,260702031555505TJRDMSHM-DO,MAC-CB5,MAC-CB5,1
11549046,26070203155550EXWUQKV1H8-01,MAC-CB5,MAC-CB5,1
11549046,26070203155550EXWUQKV1H8-DO,MAC-CB5,MAC-CB5,1
11549046,26070203155550LAVHRNKRWT-01,MAC-CB5,MAC-CB5,1
11549046,26070203155550LAVHRNKRWT-DO,MAC-CB5,MAC-CB5,1
11549046,26070203171753DXSSRCESU-01,MAC-CP5,MAC-CP5,1
11549046,26070203171753DXSSRCESU-DO,MAC-CP5,MAC-CP5,1
11549046,26070203175827R1WHCKB1B-01,MAC-KD5,MAC-KD5,1
11549046,26070203175827R1WHCKB1B-DO,MAC-KD5,MAC-KD5,1
11549046,26070203180129VVP0EZPJK-01,MAC-KD5,MAC-KD5,1
11549046,26070203180129VVP0EZPJK-DO,MAC-KD5,MAC-KD5,1
11549046,260702031856590V5A9PXPLU-01,MAC-CB5,MAC-CB5,1
11549046,260702031856590V5A9PXPLU-02,MAC-CB5,MAC-CB5,1
11549046,260702031856590V5A9PXPLU-03,MAC-CB5,MAC-CB5,1
11549046,260702031856590V5A9PXPLU-04,MAC-CB5,MAC-CB5,1
11549046,260702031856590V5A9PXPLU-DO,MAC-CB5,MAC-CB5,1
11549046,26070203185659AZHTAV8FFX-01,MAC-CB5,MAC-CB5,1
11549046,26070203185659AZHTAV8FFX-02,MAC-CB5,MAC-CB5,1
11549046,26070203185659AZHTAV8FFX-DO,MAC-CB5,MAC-CB5,1
11549046,26070203185659DJHQQM1ATP-01,MAC-CB5,MAC-CB5,1
11549046,26070203185659DJHQQM1ATP-DO,MAC-CB5,MAC-CB5,1
11549046,26070203185659FW2HOI8ZHV-01,MAC-CB5,MAC-CB5,1
11549046,26070203185659FW2HOI8ZHV-02,MAC-CB5,MAC-CB5,1
11549046,26070203185659FW2HOI8ZHV-DO,MAC-CB5,MAC-CB5,1
11549046,26070203185659KKPH2XP1DA-01,MAC-CB5,MAC-CB5,1
11549046,26070203185659KKPH2XP1DA-DO,MAC-CB5,MAC-CB5,1
11549046,26070203185659MBL9XFIZE-01,MAC-CB5,MAC-CB5,1
11549046,26070203185659MBL9XFIZE-02,MAC-CB5,MAC-CB5,1
11549046,26070203185659MBL9XFIZE-DO,MAC-CB5,MAC-CB5,1
11549046,26070203185659TLFP9D51W1-01,MAC-CB5,MAC-CB5,1
11549046,26070203185659TLFP9D51W1-02,MAC-CB5,MAC-CB5,1
11549046,26070203185659TLFP9D51W1-DO,MAC-CB5,MAC-CB5,1
11549046,26070203210309LACXHJVA-01,MAC-KD5,MAC-KD5,1
11549046,26070203210309LACXHJVA-DO,MAC-KD5,MAC-KD5,1
11549046,26070203210309YAKIEQP3T-01,MAC-KD5,MAC-KD5,1
11549046,26070203210309YAKIEQP3T-DO,MAC-KD5,MAC-KD5,1
11549046,26070203220595XRROAQ3H3-01,MAC-KD5,MAC-KD5,1
11549046,26070203220595XRROAQ3H3-DO,MAC-KD5,MAC-KD5,1
11549046,26070203231675EFFSUQX0PD-01,MAC-KD5,MAC-KD5,1
11549046,26070203231675EFFSUQX0PD-DO,MAC-KD5,MAC-KD5,1
11549046,26070203231675IQHLW5VLQ-01,MAC-KD5,MAC-KD5,1
11549046,26070203231675IQHLW5VLQ-DO,MAC-KD5,MAC-KD5,1
11549046,26070203231675PCYJX9Z5B-01,MAC-KD5,MAC-KD5,1
11549046,26070203231675PCYJX9Z5B-DO,MAC-KD5,MAC-KD5,1
11549046,26070203233549FETQZ1U3S-01,MAC-CB5,MAC-CB5,1
11549046,26070203233549FETQZ1U3S-DO,MAC-CB5,MAC-CB5,1
11549046,26070203233549YOD9GMRGB-01,MAC-CB5,MAC-CB5,1
11549046,26070203233549YOD9GMRGB-DO,MAC-CB5,MAC-CB5,1
11549046,260702032422460U7ABBB-01,MAC-CB5,MAC-CB5,1
11549046,260702032422460U7ABBB-DO,MAC-CB5,MAC-CB5,1
11549046,260702032422463GCGGVSN4-01,MAC-CB5,MAC-CB5,1
11549046,260702032422463GCGGVSN4-DO,MAC-CB5,MAC-CB5,1
11549046,26070203242246H1L8OBOWW-01,MAC-CB5,MAC-CB5,1
11549046,26070203242246H1L8OBOWW-DO,MAC-CB5,MAC-CB5,1
11549046,26070203254340RCGOX7CS5-01,MAC-KM5,MAC-KM5,1
11549046,26070203254340RCGOX7CS5-DO,MAC-KM5,MAC-KM5,1
11549046,26070203270657OLNCZUSST-01,MAC-KD5,MAC-KD5,1
11549046,26070203270657OLNCZUSST-DO,MAC-KD5,MAC-KD5,1
11549046,26070203270657PQNZ9S3YO-01,MAC-KD5,MAC-KD5,1
11549046,26070203270657PQNZ9S3YO-DO,MAC-KD5,MAC-KD5,1
11549046,260702032718472MEWAIQLMZ-01,MAC-KM5,MAC-KM5,1
11549046,260702032718472MEWAIQLMZ-DO,MAC-KM5,MAC-KM5,1
11549046,26070203271847QKSNEEDJUS-01,MAC-KM5,MAC-KM5,1
11549046,26070203271847QKSNEEDJUS-DO,MAC-KM5,MAC-KM5,1
11549046,26070203271847X7M3TMDP-01,MAC-KM5,MAC-KM5,1
11549046,26070203271847X7M3TMDP-DO,MAC-KM5,MAC-KM5,1
11549046,26070203275795DDDSXRIV-01,MAC-CP5,MAC-CP5,1
11549046,26070203275795DDDSXRIV-DO,MAC-CP5,MAC-CP5,1
11549046,26070203322375J6ZR4EPC-01,MAC-KD5,MAC-KD5,1
11549046,26070203322375J6ZR4EPC-DO,MAC-KD5,MAC-KD5,1
11549046,26070203330038YZ1NJVVDY-01,MAC-KM5,MAC-KM5,1
11549046,26070203330038YZ1NJVVDY-DO,MAC-KM5,MAC-KM5,1
11549046,260702033425427XODGCQ9-01,MAC-KM5,MAC-KM5,1
11549046,260702033425427XODGCQ9-DO,MAC-KM5,MAC-KM5,1
11549046,26070203353633SH3YJWK4N-01,MAC-KD5,MAC-KD5,1
11549046,26070203353633SH3YJWK4N-DO,MAC-KD5,MAC-KD5,1
11549046,26070203353633TQGA8CXUOZ-01,MAC-KD5,MAC-KD5,1
11549046,26070203353633TQGA8CXUOZ-DO,MAC-KD5,MAC-KD5,1
11549046,26070203370955YHEUDWNUE-01,MAC-CP5,MAC-CP5,1
11549046,26070203370955YHEUDWNUE-DO,MAC-CP5,MAC-CP5,1
11549046,26070203385063D3LTMHI21-01,MAC-CP5,MAC-CP5,1
11549046,26070203385063D3LTMHI21-DO,MAC-CP5,MAC-CP5,1
11549046,26070203385063SW25REOBV-01,MAC-CP5,MAC-CP5,1
11549046,26070203385063SW25REOBV-DO,MAC-CP5,MAC-CP5,1
11549046,260702033939066LZTTUO4-01,MAC-CB5,MAC-CB5,1
11549046,260702033939066LZTTUO4-DO,MAC-CB5,MAC-CB5,1
11549046,260702034218033TDRPHVIOH-01,MAC-KD5,MAC-KD5,1
11549046,260702034218033TDRPHVIOH-DO,MAC-KD5,MAC-KD5,1
11549046,26070203421803PLGRU0PB-01,MAC-KD5,MAC-KD5,1
11549046,26070203421803PLGRU0PB-DO,MAC-KD5,MAC-KD5,1
11549046,26070203442750CPPCMPNTGP-01,MAC-KM5,MAC-KM5,1
11549046,26070203442750CPPCMPNTGP-DO,MAC-KM5,MAC-KM5,1
11549046,26070203442750VKDCQUT9G-01,MAC-KM5,MAC-KM5,1
11549046,26070203442750VKDCQUT9G-DO,MAC-KM5,MAC-KM5,1
11549046,26070203442750XGT5Z1DYXD-01,MAC-KM5,MAC-KM5,1
11549046,26070203442750XGT5Z1DYXD-DO,MAC-KM5,MAC-KM5,1
11549046,260702034518248DRNFDAE-01,MAC-CB5,MAC-CB5,1
11549046,260702034518248DRNFDAE-DO,MAC-CB5,MAC-CB5,1
11549046,26070203451824DQKUNNCLA-01,MAC-CB5,MAC-CB5,1
11549046,26070203451824DQKUNNCLA-DO,MAC-CB5,MAC-CB5,1
11549046,26070203451824XJIQ73XLE7-01,MAC-CB5,MAC-CB5,1
11549046,26070203451824XJIQ73XLE7-DO,MAC-CB5,MAC-CB5,1
11549046,26070203462855APFUPLWDCC-01,MAC-KD5,MAC-KD5,1
11549046,26070203462855APFUPLWDCC-DO,MAC-KD5,MAC-KD5,1
11549046,26070203462855KJXXALDZZ-01,MAC-KD5,MAC-KD5,1
11549046,26070203462855KJXXALDZZ-DO,MAC-KD5,MAC-KD5,1
11549046,26070203465676BR2FY484W-01,MAC-KD5,MAC-KD5,1
11549046,26070203465676BR2FY484W-DO,MAC-KD5,MAC-KD5,1
11549046,26070203465676BZAYWRDNL-01,MAC-KD5,MAC-KD5,1
11549046,26070203465676BZAYWRDNL-DO,MAC-KD5,MAC-KD5,1
11549046,26070203485283IQYDGQKTJ-01,MAC-KD5,MAC-KD5,1
11549046,26070203485283IQYDGQKTJ-02,MAC-KD5,MAC-KD5,1
11549046,26070203485283IQYDGQKTJ-DO,MAC-KD5,MAC-KD5,1
11549046,26070203485283JLMK2ZU1K7-01,MAC-KD5,MAC-KD5,1
11549046,26070203485283JLMK2ZU1K7-DO,MAC-KD5,MAC-KD5,1
11549046,26070203485284EECEE7NSWU-01,MAC-KD5,MAC-KD5,1
11549046,26070203485284EECEE7NSWU-02,MAC-KD5,MAC-KD5,1
11549046,26070203485284EECEE7NSWU-DO,MAC-KD5,MAC-KD5,1
11549046,26070203485284VKNGMQRHCU-01,MAC-KD5,MAC-KD5,1
11549046,26070203485284VKNGMQRHCU-02,MAC-KD5,MAC-KD5,1
11549046,26070203485284VKNGMQRHCU-DO,MAC-KD5,MAC-KD5,1
11549046,26070203485284ZMATKG3H-01,MAC-KD5,MAC-KD5,1
11549046,26070203485284ZMATKG3H-02,MAC-KD5,MAC-KD5,1
11549046,26070203485284ZMATKG3H-DO,MAC-KD5,MAC-KD5,1
11549046,26070203490877TFCY4WM9S-01,MAC-KD5,MAC-KD5,1
11549046,26070203490877TFCY4WM9S-DO,MAC-KD5,MAC-KD5,1
11549046,26070203490878AV0QMNZPMG-01,MAC-KD5,MAC-KD5,1
11549046,26070203490878AV0QMNZPMG-DO,MAC-KD5,MAC-KD5,1
11549046,26070203494219UYGRZL8VT-01,MAC-KD5,MAC-KD5,1
11549046,26070203494219UYGRZL8VT-DO,MAC-KD5,MAC-KD5,1
11549046,26070203494219UZTDZ8XQI-01,MAC-KD5,MAC-KD5,1
11549046,26070203494219UZTDZ8XQI-DO,MAC-KD5,MAC-KD5,1
11549046,26070203504411KWWADAYDYO-01,MAC-CB5,MAC-CB5,1
11549046,26070203504411KWWADAYDYO-DO,MAC-CB5,MAC-CB5,1
11549046,26070203504411STUBLBO-01,MAC-CB5,MAC-CB5,1
11549046,26070203504411STUBLBO-DO,MAC-CB5,MAC-CB5,1
11549046,26070203504411ZC5NNKURR8-01,MAC-CB5,MAC-CB5,1
11549046,26070203504411ZC5NNKURR8-DO,MAC-CB5,MAC-CB5,1
11549046,26070203505638CU1P23NLX-01,MAC-KD5,MAC-KD5,1
11549046,26070203505638CU1P23NLX-DO,MAC-KD5,MAC-KD5,1
11549046,26070203505638YOGC6DDGHU-01,MAC-KD5,MAC-KD5,1
11549046,26070203505638YOGC6DDGHU-DO,MAC-KD5,MAC-KD5,1
11549046,26070203512836DMBFCFMGQ-01,MAC-KD5,MAC-KD5,1
11549046,26070203512836DMBFCFMGQ-DO,MAC-KD5,MAC-KD5,1
11549046,26070203512836PORB3XXNQ8-01,MAC-KD5,MAC-KD5,1
11549046,26070203512836PORB3XXNQ8-DO,MAC-KD5,MAC-KD5,1
11549046,26070203514016OGRKZU7Z-01,MAC-KM5,MAC-KM5,1
11549046,26070203514016OGRKZU7Z-DO,MAC-KM5,MAC-KM5,1
11549046,26070203522378AKNWM7SERS-01,MAC-KD5,MAC-KD5,1
11549046,26070203522378AKNWM7SERS-DO,MAC-KD5,MAC-KD5,1
11549046,26070203522378AUNMOELDMQ-01,MAC-KD5,MAC-KD5,1
11549046,26070203522378AUNMOELDMQ-02,MAC-KD5,MAC-KD5,1
11549046,26070203522378AUNMOELDMQ-DO,MAC-KD5,MAC-KD5,1
11549046,26070203522378NC479U6UD-01,MAC-KD5,MAC-KD5,1
11549046,26070203522378NC479U6UD-DO,MAC-KD5,MAC-KD5,1
11549046,26070203530977RGF1RVVNTS-01,MAC-KD5,MAC-KD5,1
11549046,26070203530977RGF1RVVNTS-DO,MAC-KD5,MAC-KD5,1
11549046,26070203530977XFRFYI0YD-01,MAC-KD5,MAC-KD5,1
11549046,26070203530977XFRFYI0YD-DO,MAC-KD5,MAC-KD5,1
11549046,26070203530977YMXEDLBTD-01,MAC-KD5,MAC-KD5,1
11549046,26070203530977YMXEDLBTD-DO,MAC-KD5,MAC-KD5,1
11549046,26070203533846ATYTHHGOD-01,MAC-KD5,MAC-KD5,1
11549046,26070203533846ATYTHHGOD-DO,MAC-KD5,MAC-KD5,1
11549046,26070203542019GTH2HWZHT-01,MAC-CB5,MAC-CB5,1
11549046,26070203542019GTH2HWZHT-DO,MAC-CB5,MAC-CB5,1
11549046,26070203542019IBIVHGW4HW-01,MAC-CB5,MAC-CB5,1
11549046,26070203542019IBIVHGW4HW-DO,MAC-CB5,MAC-CB5,1
11549046,26070203550492BKEG3UGCC-01,MAC-CB5,MAC-CB5,1
11549046,26070203550492BKEG3UGCC-DO,MAC-CB5,MAC-CB5,1
11549046,26070203550492CKJS7AQYW-01,MAC-CB5,MAC-CB5,1
11549046,26070203550492CKJS7AQYW-02,MAC-CB5,MAC-CB5,1
11549046,26070203550492CKJS7AQYW-DO,MAC-CB5,MAC-CB5,1
11549046,26070203551477ICSFANFPJE-01,MAC-KM5,MAC-KM5,1
11549046,26070203551477ICSFANFPJE-DO,MAC-KM5,MAC-KM5,1
11549046,26070203554100GINK5GM7YU-01,MAC-KD5,MAC-KD5,1
11549046,26070203554100GINK5GM7YU-02,MAC-KD5,MAC-KD5,1
11549046,26070203554100GINK5GM7YU-DO,MAC-KD5,MAC-KD5,1
11549046,26070203554100NIYOL91HR6-01,MAC-KD5,MAC-KD5,1
11549046,26070203554100NIYOL91HR6-DO,MAC-KD5,MAC-KD5,1
11549046,26070203554100YBMK1M8SW-01,MAC-KD5,MAC-KD5,1
11549046,26070203554100YBMK1M8SW-DO,MAC-KD5,MAC-KD5,1
11549046,26070203563101XWFM51IB0-01,MAC-CB5,MAC-CB5,1
11549046,26070203563101XWFM51IB0-DO,MAC-CB5,MAC-CB5,1
11549046,260702035631020A5PB8CVF-01,MAC-CB5,MAC-CB5,1
11549046,260702035631020A5PB8CVF-02,MAC-CB5,MAC-CB5,1
11549046,260702035631020A5PB8CVF-DO,MAC-CB5,MAC-CB5,1
11549046,260702035631022OUAQQAOVC-01,MAC-CB5,MAC-CB5,1
11549046,260702035631022OUAQQAOVC-DO,MAC-CB5,MAC-CB5,1
11549046,26070203563102PSZRHFHFAM-01,MAC-CB5,MAC-CB5,1
11549046,26070203563102PSZRHFHFAM-02,MAC-CB5,MAC-CB5,1
11549046,26070203563102PSZRHFHFAM-DO,MAC-CB5,MAC-CB5,1
11549046,260702035754859TIVAIEFX-01,MAC-CP5,MAC-CP5,1
11549046,260702035754859TIVAIEFX-DO,MAC-CP5,MAC-CP5,1
11549046,260702035805854MWAGFKD-01,MAC-KD5,MAC-KD5,1
11549046,260702035805854MWAGFKD-DO,MAC-KD5,MAC-KD5,1
11549046,26070203581241HGNEZLPWZ-01,MAC-KM5,MAC-KM5,1
11549046,26070203581241HGNEZLPWZ-DO,MAC-KM5,MAC-KM5,1
11549046,26070203581241RDIT73NCPB-01,MAC-KM5,MAC-KM5,1
11549046,26070203581241RDIT73NCPB-DO,MAC-KM5,MAC-KM5,1
11549046,26070203581241YPVQDZNJ8M-01,MAC-KM5,MAC-KM5,1
11549046,26070203581241YPVQDZNJ8M-DO,MAC-KM5,MAC-KM5,1
11549046,26070203582322OPVUKRXS-01,MAC-CP5,MAC-CP5,1
11549046,26070203582322OPVUKRXS-DO,MAC-CP5,MAC-CP5,1
11549046,26070203585116JXLCHVMCS-01,MAC-KD5,MAC-KD5,1
11549046,26070203585116JXLCHVMCS-DO,MAC-KD5,MAC-KD5,1
11549046,26070203585116NLG5BEFQI-01,MAC-KD5,MAC-KD5,1
11549046,26070203585116NLG5BEFQI-DO,MAC-KD5,MAC-KD5,1
11549046,26070203585116QUI19LMQD8-01,MAC-KD5,MAC-KD5,1
11549046,26070203585116QUI19LMQD8-DO,MAC-KD5,MAC-KD5,1
11549046,26070203591425LF7FVOVZTJ-01,MAC-CB5,MAC-CB5,1
11549046,26070203591425LF7FVOVZTJ-02,MAC-CB5,MAC-CB5,1
11549046,26070203591425LF7FVOVZTJ-DO,MAC-CB5,MAC-CB5,1
11549046,26070203591425UKPE3LTHM-01,MAC-CB5,MAC-CB5,1
11549046,26070203591425UKPE3LTHM-DO,MAC-CB5,MAC-CB5,1
11549046,26070203591425ZGPXIAE5PO-01,MAC-CB5,MAC-CB5,1
11549046,26070203591425ZGPXIAE5PO-DO,MAC-CB5,MAC-CB5,1
11549046,26070203594057E4MYD7W-01,MAC-CB5,MAC-CB5,1
11549046,26070203594057E4MYD7W-DO,MAC-CB5,MAC-CB5,1
11549046,26070204000781FE86VBX32-01,MAC-CB5,MAC-CB5,1
11549046,26070204000781FE86VBX32-DO,MAC-CB5,MAC-CB5,1
11549046,26070204000781HAAP2BY7Q-01,MAC-CB5,MAC-CB5,1
11549046,26070204000781HAAP2BY7Q-DO,MAC-CB5,MAC-CB5,1
11549046,26070204001368JJ7GZ28IY-01,MAC-KM5,MAC-KM5,1
11549046,26070204001368JJ7GZ28IY-DO,MAC-KM5,MAC-KM5,1
11549046,26070204001369HSAILBEF34-01,MAC-KM5,MAC-KM5,1
11549046,26070204001369HSAILBEF34-DO,MAC-KM5,MAC-KM5,1
11549046,26070204020228286NYERV7-01,MAC-KM5,MAC-KM5,1
11549046,26070204020228286NYERV7-DO,MAC-KM5,MAC-KM5,1
11549046,260702040202287UWFJIVXE-01,MAC-KM5,MAC-KM5,1
11549046,260702040202287UWFJIVXE-DO,MAC-KM5,MAC-KM5,1
11549046,260702040407444SQSR6C9L-01,MAC-KD5,MAC-KD5,1
11549046,260702040407444SQSR6C9L-DO,MAC-KD5,MAC-KD5,1
11549046,26070204042158GUDYJZTRK-01,MAC-CB5,MAC-CB5,1
11549046,26070204042158GUDYJZTRK-DO,MAC-CB5,MAC-CB5,1
11549046,260702040421590ZFBWZHXUP-01,MAC-CB5,MAC-CB5,1
11549046,260702040421590ZFBWZHXUP-DO,MAC-CB5,MAC-CB5,1
11549046,260702040515667MIMWGRPKY-01,MAC-KD5,MAC-KD5,1
11549046,260702040515667MIMWGRPKY-DO,MAC-KD5,MAC-KD5,1
11549046,26070204051566BCWK7CCJB-01,MAC-KD5,MAC-KD5,1
11549046,26070204051566BCWK7CCJB-DO,MAC-KD5,MAC-KD5,1
11549046,260702040609449JKZV5XSS-01,MAC-KD5,MAC-KD5,1
11549046,260702040609449JKZV5XSS-DO,MAC-KD5,MAC-KD5,1
11549046,26070204075134R2USBUZD7-01,MAC-KD5,MAC-KD5,1
11549046,26070204075134R2USBUZD7-DO,MAC-KD5,MAC-KD5,1
11549046,260702040915580XZGUXWQA-01,MAC-KM5,MAC-KM5,1
11549046,260702040915580XZGUXWQA-DO,MAC-KM5,MAC-KM5,1
11549046,26070204103788WAZW4UTSM-01,MAC-KD5,MAC-KD5,1
11549046,26070204103788WAZW4UTSM-DO,MAC-KD5,MAC-KD5,1
11549046,260702042246581UHKWOC7N-01,MAC-CP5,MAC-CP5,1
11549046,260702042246581UHKWOC7N-DO,MAC-CP5,MAC-CP5,1
11549046,26070204343930JBVE3AG6AC-01,MAC-KD5,MAC-KD5,1
11549046,26070204343930JBVE3AG6AC-DO,,MAC-KD5,1
11549046,26070204343930NPLPCTSB-01,MAC-KD5,MAC-KD5,1
11549046,26070204343930NPLPCTSB-DO,,MAC-KD5,1
11549046,26070204344292GDI2FCNML-01,MAC-CP5,MAC-CP5,1
11549046,26070204344292GDI2FCNML-DO,MAC-CP5,MAC-CP5,1
11549046,26070204425296WXJC0JQOT-01,MAC-KD5,MAC-KD5,1
11549046,26070204425296WXJC0JQOT-DO,MAC-KD5,MAC-KD5,1
11549046,26070204432433TAD75WLLT-01,MAC-KD5,MAC-KD5,1
11549046,26070204432433TAD75WLLT-DO,MAC-KD5,MAC-KD5,1
11549046,260702044659188OUSUJ9ZWX-01,MAC-KM5,MAC-KM5,1
11549046,260702044659188OUSUJ9ZWX-DO,MAC-KM5,MAC-KM5,1
11549046,26070204465918PZCTXVYJ9-01,MAC-KM5,MAC-KM5,1
11549046,26070204465918PZCTXVYJ9-DO,MAC-KM5,MAC-KM5,1
11549046,260702044946497GNTLNO0UZ-01,MAC-KD5,MAC-KD5,1
11549046,260702044946497GNTLNO0UZ-DO,MAC-KD5,MAC-KD5,1
11549046,26070204494649ACVV1HZ7H-01,MAC-KD5,MAC-KD5,1
11549046,26070204494649ACVV1HZ7H-DO,MAC-KD5,MAC-KD5,1
11549046,26070204494649ZLMQCW00E-01,MAC-KD5,MAC-KD5,1
11549046,26070204494649ZLMQCW00E-DO,MAC-KD5,MAC-KD5,1
11549046,26070204520239YPPPUJOAK-01,MAC-CB5,MAC-CB5,1
11549046,26070204520239YPPPUJOAK-DO,MAC-CB5,MAC-CB5,1
11549046,26070205050226DMKVPD5E-01,MAC-KM5,MAC-KM5,1
11549046,26070205050226DMKVPD5E-DO,MAC-KM5,MAC-KM5,1
11549046,26070205081672QCPURKMF-01,MAC-KD5,MAC-KD5,1
11549046,26070205081672QCPURKMF-DO,MAC-KD5,MAC-KD5,1
11549046,26070205130079ZPYWKHTD-01,MAC-CP5,MAC-CP5,1
11549046,26070205130079ZPYWKHTD-DO,MAC-CP5,MAC-CP5,1
11549046,26070205190193KUJ11BRMS-01,MAC-KD5,MAC-KD5,1
11549046,26070205190193KUJ11BRMS-DO,MAC-KD5,MAC-KD5,1
11549046,26070205190194VUNOQDLJXC-01,MAC-KD5,MAC-KD5,1
11549046,26070205190194VUNOQDLJXC-DO,MAC-KD5,MAC-KD5,1
11549046,26070205201475ECOROF9R-01,MAC-KD5,MAC-KD5,1
11549046,26070205201475ECOROF9R-DO,,MAC-KD5,1
11549046,260702052318483DA3DBXRA-01,MAC-KD5,MAC-KD5,1
11549046,260702052318483DA3DBXRA-DO,MAC-KD5,MAC-KD5,1
11549046,26070205231849L99YJA94ZW-01,MAC-KD5,MAC-KD5,1
11549046,26070205231849L99YJA94ZW-02,MAC-KD5,MAC-KD5,1
11549046,26070205231849L99YJA94ZW-DO,MAC-KD5,MAC-KD5,1
11549046,26070205240602NYU52CYDG-01,MAC-KD5,MAC-KD5,1
11549046,26070205240602NYU52CYDG-DO,MAC-KD5,MAC-KD5,1
11549046,26070205240602SPPHE9HC-01,MAC-KD5,MAC-KD5,1
11549046,26070205240602SPPHE9HC-DO,MAC-KD5,MAC-KD5,1
11549046,26070205244814OCAQD6L45-01,MAC-CB5,MAC-CB5,1
11549046,26070205244814OCAQD6L45-DO,MAC-CB5,MAC-CB5,1
11549046,26070205253833MHJHQF5UR-01,MAC-KM5,MAC-KM5,1
11549046,26070205253833MHJHQF5UR-02,MAC-KM5,MAC-KM5,1
11549046,26070205253833MHJHQF5UR-DO,MAC-KM5,MAC-KM5,1
11549046,26070205253833R3HJPT5E-01,MAC-KM5,MAC-KM5,1
11549046,26070205253833R3HJPT5E-DO,MAC-KM5,MAC-KM5,1
11549046,2607020528292214FRRDMCLQ-01,MAC-KD5,MAC-KD5,1
11549046,2607020528292214FRRDMCLQ-DO,MAC-KD5,MAC-KD5,1
11549046,26070205282922ARR5LENWI-01,MAC-KD5,MAC-KD5,1
11549046,26070205282922ARR5LENWI-DO,MAC-KD5,MAC-KD5,1
11549046,26070205282922ENLSWRSTR-01,MAC-KD5,MAC-KD5,1
11549046,26070205282922ENLSWRSTR-DO,MAC-KD5,MAC-KD5,1
11549046,26070205351079EBZKO5PZG-01,MAC-CB5,MAC-CB5,1
11549046,26070205351079EBZKO5PZG-DO,MAC-CB5,MAC-CB5,1
11549046,26070205403483BIRANETDSY-01,MAC-CB5,MAC-CB5,1
11549046,26070205403483BIRANETDSY-DO,MAC-CB5,MAC-CB5,1
11549046,26070205403483P0CWJJJXKE-01,MAC-CB5,MAC-CB5,1
11549046,26070205403483P0CWJJJXKE-02,MAC-CB5,MAC-CB5,1
11549046,26070205403483P0CWJJJXKE-DO,MAC-CB5,MAC-CB5,1
11549046,26070205403483ZADS4VK13-01,MAC-CB5,MAC-CB5,1
11549046,26070205403483ZADS4VK13-DO,MAC-CB5,MAC-CB5,1
11549046,260702054113393TPXKTRFMF-01,MAC-KD5,MAC-KD5,1
11549046,260702054113393TPXKTRFMF-DO,MAC-KD5,MAC-KD5,1
11549046,26070205411339LGGXK1OH2-01,MAC-KD5,MAC-KD5,1
11549046,26070205411339LGGXK1OH2-DO,MAC-KD5,MAC-KD5,1
11549046,26070205504006ABDOGSHJP-01,MAC-CB5,MAC-CB5,1
11549046,26070205504006ABDOGSHJP-DO,MAC-CB5,MAC-CB5,1
11549046,26070205552738ECYDXC9PN-01,MAC-KD5,MAC-KD5,1
11549046,26070205552738ECYDXC9PN-DO,MAC-KD5,MAC-KD5,1
11549046,26070205552738K6SIPW0HT-01,MAC-KD5,MAC-KD5,1
11549046,26070205552738K6SIPW0HT-DO,MAC-KD5,MAC-KD5,1
11549046,26070205555310ZWEA0J8ZU-01,MAC-CB5,MAC-CB5,1
11549046,26070205555310ZWEA0J8ZU-DO,MAC-CB5,MAC-CB5,1
11549046,2607020619446996IILEJXX-01,MAC-KD5,MAC-KD5,1
11549046,2607020619446996IILEJXX-DO,MAC-KD5,MAC-KD5,1
11549046,26070206200213ADDGRRA-01,MAC-KD5,MAC-KD5,1
11549046,26070206200213ADDGRRA-DO,MAC-KD5,MAC-KD5,1
11549046,26070206200213ZRHEPGHVZ7-01,MAC-KD5,MAC-KD5,1
11549046,26070206200213ZRHEPGHVZ7-DO,MAC-KD5,MAC-KD5,1
11549046,26070206232595AYAUFNQQN-01,MAC-KD5,MAC-KD5,1
11549046,26070206232595AYAUFNQQN-DO,MAC-KD5,MAC-KD5,1
11549046,260702064158802UKD7DNAW-01,MAC-CB5,MAC-CB5,1
11549046,260702064158802UKD7DNAW-DO,MAC-CB5,MAC-CB5,1
11549046,26070206415880CMBSUEBNSL-01,MAC-CB5,MAC-CB5,1
11549046,26070206415880CMBSUEBNSL-DO,MAC-CB5,MAC-CB5,1
11549046,26070206423848S0K9125H-01,MAC-CP5,MAC-CP5,1
11549046,26070206423848S0K9125H-DO,MAC-CP5,MAC-CP5,1
11549046,26070206484532CTLS8YUVQ-01,MAC-KD5,MAC-KD5,1
11549046,26070206484532CTLS8YUVQ-DO,MAC-KD5,MAC-KD5,1
11549046,26070206484532VIGN2AQWLM-01,MAC-KD5,MAC-KD5,1
11549046,26070206484532VIGN2AQWLM-DO,MAC-KD5,MAC-KD5,1
11549046,260702064845333VEHTY094E-01,MAC-KD5,MAC-KD5,1
11549046,260702064845333VEHTY094E-DO,MAC-KD5,MAC-KD5,1
11549046,26070206484533J4B0XMJ8XN-01,MAC-KD5,MAC-KD5,1
11549046,26070206484533J4B0XMJ8XN-02,MAC-KD5,MAC-KD5,1
11549046,26070206484533J4B0XMJ8XN-DO,MAC-KD5,MAC-KD5,1
11549046,26070206484533Q7POWSJAP9-01,MAC-KD5,MAC-KD5,1
11549046,26070206484533Q7POWSJAP9-DO,MAC-KD5,MAC-KD5,1
11549046,26070206492558JZJ94NXDX-01,MAC-KD5,MAC-KD5,1
11549046,26070206492558JZJ94NXDX-DO,,MAC-KD5,1
11549046,26070206572876BMPSP7OET-01,MAC-KM5,MAC-KM5,1
11549046,26070206572876BMPSP7OET-DO,MAC-KM5,MAC-KM5,1
11549046,26070206585388ODBSZNFY-01,MAC-CB5,MAC-CB5,1
11549046,26070206585388ODBSZNFY-02,MAC-CB5,MAC-CB5,1
11549046,26070206585388ODBSZNFY-DO,MAC-CB5,MAC-CB5,1
11549046,26070207075065MM6V7XA10-01,MAC-KD5,MAC-KD5,1
11549046,26070207075065MM6V7XA10-02,MAC-KD5,MAC-KD5,1
11549046,26070207075065MM6V7XA10-DO,MAC-KD5,MAC-KD5,1
11549046,26070207171800FNBCLENSL-01,MAC-CP5,MAC-CP5,1
11549046,26070207171800FNBCLENSL-02,MAC-CP5,MAC-CP5,1
11549046,26070207171800FNBCLENSL-DO,MAC-CP5,MAC-CP5,1
11549046,26070207171800H8U05FDWBS-01,MAC-CP5,MAC-CP5,1
11549046,26070207171800H8U05FDWBS-DO,MAC-CP5,MAC-CP5,1
11549046,26070207171800JG39NWKUZ-01,MAC-CP5,MAC-CP5,1
11549046,26070207171800JG39NWKUZ-DO,MAC-CP5,MAC-CP5,1
11549046,26070207290599GUOARJTYQ-01,MAC-KD5,MAC-KD5,1
11549046,26070207290599GUOARJTYQ-DO,MAC-KD5,MAC-KD5,1
11549046,26070207361799S9RYYO9GS-01,MAC-CB5,MAC-CB5,1
11549046,26070207361799S9RYYO9GS-DO,MAC-CB5,MAC-CB5,1
11549046,26070207441799ZFC1IHCDK-01,MAC-KD5,MAC-KD5,1
11549046,26070207441799ZFC1IHCDK-DO,MAC-KD5,MAC-KD5,1
11549046,26070207444398XUPXHNDGE-01,MAC-KD5,MAC-KD5,1
11549046,26070207444398XUPXHNDGE-DO,MAC-KD5,MAC-KD5,1
11549046,26070207465010KEJX2DRFP-01,MAC-KD5,MAC-KD5,1
11549046,26070207465010KEJX2DRFP-DO,MAC-KD5,MAC-KD5,1
11549046,26070207585196YSFZZ9KFN-01,MAC-KM5,MAC-KM5,1
11549046,26070207585196YSFZZ9KFN-DO,MAC-KM5,MAC-KM5,1
11549046,26070208011209D18BKWTOFT-01,MAC-CB5,MAC-CB5,1
11549046,26070208011209D18BKWTOFT-DO,MAC-CB5,MAC-CB5,1
11549046,26070208011209YFQB6QW-01,MAC-CB5,MAC-CB5,1
11549046,26070208011209YFQB6QW-DO,MAC-CB5,MAC-CB5,1
11549046,26070208071272VOVA6EEEL-01,MAC-KD5,MAC-KD5,1
11549046,26070208071272VOVA6EEEL-DO,MAC-KD5,MAC-KD5,1
11549046,26070208082055MRT1UHURAW-01,MAC-KD5,MAC-KD5,1
11549046,26070208082055MRT1UHURAW-02,MAC-KD5,MAC-KD5,1
11549046,26070208082055MRT1UHURAW-DO,MAC-KD5,MAC-KD5,1
11549046,26070208082055ZY19OJ13Q-01,MAC-KD5,MAC-KD5,1
11549046,26070208082055ZY19OJ13Q-02,MAC-KD5,MAC-KD5,1
11549046,26070208082055ZY19OJ13Q-DO,MAC-KD5,MAC-KD5,1
11549046,26070208124282HXS8ZOHFG-01,MAC-KD5,MAC-KD5,1
11549046,26070208124282HXS8ZOHFG-DO,MAC-KD5,MAC-KD5,1
11549046,260702081451175RUVQRFAN-01,MAC-KD5,MAC-KD5,1
11549046,260702081451175RUVQRFAN-DO,MAC-KD5,MAC-KD5,1
11549046,26070208145117TU9BOFOWLD-01,MAC-KD5,MAC-KD5,1
11549046,26070208145117TU9BOFOWLD-02,MAC-KD5,MAC-KD5,1
11549046,26070208145117TU9BOFOWLD-DO,MAC-KD5,MAC-KD5,1
11549046,26070208203467DOYJJGBUA-01,MAC-CB5,MAC-CB5,1
11549046,26070208203467DOYJJGBUA-DO,MAC-CB5,MAC-CB5,1
11549046,26070208320716UOKQJPYU-01,MAC-KM5,MAC-KM5,1
11549046,26070208320716UOKQJPYU-DO,MAC-KM5,MAC-KM5,1
11549046,260702083833794QP2PUMRP-01,MAC-KD5,MAC-KD5,1
11549046,260702083833794QP2PUMRP-DO,MAC-KD5,MAC-KD5,1
11549046,26070208501096WKJWLNP-01,MAC-KM5,MAC-KM5,1
11549046,26070208501096WKJWLNP-DO,MAC-KM5,MAC-KM5,1
11549046,26070208552005DMQFSISEB-01,MAC-CP5,MAC-CP5,1
11549046,26070208552005DMQFSISEB-DO,MAC-CP5,MAC-CP5,1
11549046,26070208552005ZPTF4BP6J-01,MAC-CP5,MAC-CP5,1
11549046,26070208552005ZPTF4BP6J-DO,MAC-CP5,MAC-CP5,1
11549046,26070209041447I0H0T3T2HF-01,MAC-KD5,MAC-KD5,1
11549046,26070209041447I0H0T3T2HF-DO,MAC-KD5,MAC-KD5,1
11549046,26070209041447YXN0B6WVUQ-01,MAC-KD5,MAC-KD5,1
11549046,26070209041447YXN0B6WVUQ-DO,MAC-KD5,MAC-KD5,1
11549046,26070209191666CB7THNUUQ-01,MAC-CB5,MAC-CB5,1
11549046,26070209191666CB7THNUUQ-02,MAC-CB5,MAC-CB5,1
11549046,26070209191666CB7THNUUQ-DO,MAC-CB5,MAC-CB5,1
11549046,26070209191666LLUM0A1RK-01,MAC-CB5,MAC-CB5,1
11549046,26070209191666LLUM0A1RK-DO,MAC-CB5,MAC-CB5,1
11549046,26070209191667FBLXGPWUUL-01,MAC-CB5,MAC-CB5,1
11549046,26070209191667FBLXGPWUUL-02,MAC-CB5,MAC-CB5,1
11549046,26070209191667FBLXGPWUUL-DO,MAC-CB5,MAC-CB5,1
11549046,26070209191667TYQEHZGMSA-01,MAC-CB5,MAC-CB5,1
11549046,26070209191667TYQEHZGMSA-02,MAC-CB5,MAC-CB5,1
11549046,26070209191667TYQEHZGMSA-03,MAC-CB5,MAC-CB5,1
11549046,26070209191667TYQEHZGMSA-DO,MAC-CB5,MAC-CB5,1
11549046,26070209232448FHYJVIOBXT-01,MAC-KD5,MAC-KD5,1
11549046,26070209232448FHYJVIOBXT-DO,MAC-KD5,MAC-KD5,1
11549046,26070209232448I3EMXLK8C-01,MAC-KD5,MAC-KD5,1
11549046,26070209232448I3EMXLK8C-DO,MAC-KD5,MAC-KD5,1
11549046,26070209232448SDDNNWB4BG-01,MAC-KD5,MAC-KD5,1
11549046,26070209232448SDDNNWB4BG-DO,MAC-KD5,MAC-KD5,1
11549046,26070209263657BJBYU75EM-01,MAC-KD5,MAC-KD5,1
11549046,26070209263657BJBYU75EM-DO,MAC-KD5,MAC-KD5,1
11549046,26070209263657LKA2GJX8A8-01,MAC-KD5,MAC-KD5,1
11549046,26070209263657LKA2GJX8A8-DO,MAC-KD5,MAC-KD5,1
11549046,26070209263658ER1MWVGRI-01,MAC-KD5,MAC-KD5,1
11549046,26070209263658ER1MWVGRI-DO,MAC-KD5,MAC-KD5,1
11549046,26070209343890ZSZCIA8QY-01,MAC-KD5,MAC-KD5,1
11549046,26070209343890ZSZCIA8QY-DO,,MAC-KD5,1
11549046,26070209382608JAJFPFDEE-01,MAC-KM5,MAC-KM5,1
11549046,26070209382608JAJFPFDEE-DO,MAC-KM5,MAC-KM5,1
11549046,26070209425851P3XUSMM2A-01,MAC-KD5,MAC-KD5,1
11549046,26070209425851P3XUSMM2A-02,MAC-KD5,MAC-KD5,1
11549046,26070209425851P3XUSMM2A-DO,MAC-KD5,MAC-KD5,1
11549046,26070209501596A0OSNQNXRY-01,MAC-KD5,MAC-KD5,1
11549046,26070209501596A0OSNQNXRY-DO,MAC-KD5,MAC-KD5,1
11549046,26070209501596YXDRFQAMY-01,MAC-KD5,MAC-KD5,1
11549046,26070209501596YXDRFQAMY-DO,MAC-KD5,MAC-KD5,1
11549046,260702100502111AVOJEUDR-01,MAC-CP5,MAC-CP5,1
11549046,260702100502111AVOJEUDR-02,MAC-CP5,MAC-CP5,1
11549046,260702100502111AVOJEUDR-DO,MAC-CP5,MAC-CP5,1
11549046,26070210053266CAXZUBPM2-01,MAC-CB5,MAC-CB5,1
11549046,26070210053266CAXZUBPM2-DO,MAC-CB5,MAC-CB5,1
11549046,26070210053266EWMEX2EJ8O-01,MAC-CB5,MAC-CB5,1
11549046,26070210053266EWMEX2EJ8O-02,MAC-CB5,MAC-CB5,1
11549046,26070210053266EWMEX2EJ8O-DO,MAC-CB5,MAC-CB5,1
11549046,26070210053266UGW7D74YPH-01,MAC-CB5,MAC-CB5,1
11549046,26070210053266UGW7D74YPH-DO,MAC-CB5,MAC-CB5,1
11549046,26070210053790MG5TD2CQ2-01,MAC-KD5,MAC-KD5,1
11549046,26070210053790MG5TD2CQ2-DO,MAC-KD5,MAC-KD5,1
11549046,26070210053790RX0M59XBIX-01,MAC-KD5,MAC-KD5,1
11549046,26070210053790RX0M59XBIX-DO,MAC-KD5,MAC-KD5,1
11549046,26070210061979DIOGKQJSY-01,MAC-KD5,MAC-KD5,1
11549046,26070210061979DIOGKQJSY-DO,MAC-KD5,MAC-KD5,1
11549046,26070210061979X7HSYAWAE-01,MAC-KD5,MAC-KD5,1
11549046,26070210061979X7HSYAWAE-02,MAC-KD5,MAC-KD5,1
11549046,26070210061979X7HSYAWAE-03,MAC-KD5,MAC-KD5,1
11549046,26070210061979X7HSYAWAE-DO,MAC-KD5,MAC-KD5,1
11549046,26070210131582A2GCO3HV8-01,MAC-KD5,MAC-KD5,1
11549046,26070210131582A2GCO3HV8-DO,MAC-KD5,MAC-KD5,1
11549046,26070210131582LEHR5Y1D-01,MAC-KD5,MAC-KD5,1
11549046,26070210131582LEHR5Y1D-DO,MAC-KD5,MAC-KD5,1
11549046,2607021017385762WSXOCLX-01,MAC-KD5,MAC-KD5,1
11549046,2607021017385762WSXOCLX-DO,MAC-KD5,MAC-KD5,1
11549046,26070210173857JHR1DKOS7-01,MAC-KD5,MAC-KD5,1
11549046,26070210173857JHR1DKOS7-DO,MAC-KD5,MAC-KD5,1
11549046,26070210173858VWE327WT2W-01,MAC-KD5,MAC-KD5,1
11549046,26070210173858VWE327WT2W-02,MAC-KD5,MAC-KD5,1
11549046,26070210173858VWE327WT2W-DO,MAC-KD5,MAC-KD5,1
11549046,26070210214895GOFM8H023Z-01,MAC-KD5,MAC-KD5,1
11549046,26070210214895GOFM8H023Z-DO,MAC-KD5,MAC-KD5,1
11549046,26070210214895TSEWGXFSX-01,MAC-KD5,MAC-KD5,1
11549046,26070210214895TSEWGXFSX-DO,MAC-KD5,MAC-KD5,1
11549046,26070210215515BKC7O0KSUA-01,MAC-CB5,MAC-CB5,1
11549046,26070210215515BKC7O0KSUA-DO,MAC-CB5,MAC-CB5,1
11549046,26070210215515OWSSLBD8L-01,MAC-CB5,MAC-CB5,1
11549046,26070210215515OWSSLBD8L-DO,MAC-CB5,MAC-CB5,1
11549046,26070210215515SEAB36R8D4-01,MAC-CB5,MAC-CB5,1
11549046,26070210215515SEAB36R8D4-DO,MAC-CB5,MAC-CB5,1
11549046,26070210215515SX2X6SXCTO-01,MAC-CB5,MAC-CB5,1
11549046,26070210215515SX2X6SXCTO-DO,MAC-CB5,MAC-CB5,1
11549046,260702103751435G2O6RGR4-01,MAC-CP5,MAC-CP5,1
11549046,260702103751435G2O6RGR4-DO,MAC-CP5,MAC-CP5,1
11549046,26070210375143G83F4YDOX-01,MAC-CP5,MAC-CP5,1
11549046,26070210375143G83F4YDOX-02,MAC-CP5,MAC-CP5,1
11549046,26070210375143G83F4YDOX-DO,MAC-CP5,MAC-CP5,1
11549046,26070210443413PCGYBKWS-01,MAC-KD5,MAC-KD5,1
11549046,26070210443413PCGYBKWS-DO,MAC-KD5,MAC-KD5,1
11549046,26070210480615JBTDZWPW-01,MAC-KM5,MAC-KM5,1
11549046,26070210480615JBTDZWPW-DO,,MAC-KD5,1
11549046,26070210530542PWGBWGLLQ-01,MAC-KD5,MAC-KD5,1
11549046,26070210530542PWGBWGLLQ-DO,,MAC-KD5,1
11549046,26070210530542XKJDUKFGGC-01,MAC-KD5,MAC-KD5,1
11549046,26070210530542XKJDUKFGGC-DO,,MAC-KD5,1
11549046,260702105358251ZWGZCTP-01,MAC-KD5,MAC-KD5,1
11549046,260702105358251ZWGZCTP-DO,MAC-KD5,MAC-KD5,1
11549046,26070211003066E0ZE1PZAE-01,MAC-KD5,MAC-KD5,1
11549046,26070211003066E0ZE1PZAE-DO,MAC-KD5,MAC-KD5,1
11549046,26070211003066F4HI1I8XR-01,MAC-KD5,MAC-KD5,1
11549046,26070211003066F4HI1I8XR-DO,MAC-KD5,MAC-KD5,1
11549046,26070211084705LEGVJFJIHL-01,MAC-KD5,MAC-KD5,1
11549046,26070211084705LEGVJFJIHL-DO,MAC-KD5,MAC-KD5,1
11549046,26070211084705T1HSRZ3JV-01,MAC-KD5,MAC-KD5,1
11549046,26070211084705T1HSRZ3JV-DO,MAC-KD5,MAC-KD5,1
11549046,26070211114035JUNQSKE4B1-01,MAC-CB5,MAC-CB5,1
11549046,26070211114035JUNQSKE4B1-02,MAC-CB5,MAC-CB5,1
11549046,26070211114035JUNQSKE4B1-DO,MAC-CB5,MAC-CB5,1
11549046,26070211114035UMIWKEFWJ-01,MAC-CB5,MAC-CB5,1
11549046,26070211114035UMIWKEFWJ-DO,MAC-CB5,MAC-CB5,1
11549046,26070211134599B009MH8Y4-01,MAC-KD5,MAC-KD5,1
11549046,26070211134599B009MH8Y4-DO,MAC-KD5,MAC-KD5,1
11549046,26070211280316MHWNXXXUL-01,MAC-KD5,MAC-KD5,1
11549046,26070211280316MHWNXXXUL-DO,,MAC-KD5,1
11549046,26070211280316PC93FZ6HXJ-01,MAC-KD5,MAC-KD5,1
11549046,26070211280316PC93FZ6HXJ-DO,,MAC-KD5,1
11549046,26070211304814GSTO8D95FE-01,MAC-CP5,MAC-CP5,1
11549046,26070211304814GSTO8D95FE-02,MAC-CP5,MAC-CP5,1
11549046,26070211304814GSTO8D95FE-DO,MAC-CP5,MAC-CP5,1
11549046,26070211304814WRIYZDTXP-01,MAC-CP5,MAC-CP5,1
11549046,26070211304814WRIYZDTXP-DO,MAC-CP5,MAC-CP5,1
11549046,260702114846448IAGZ8GEB-01,MAC-KM5,MAC-KM5,1
11549046,260702114846448IAGZ8GEB-DO,MAC-KM5,MAC-KM5,1
11549046,26070211484644RE0EUG0DJ9-01,MAC-KM5,MAC-KM5,1
11549046,26070211484644RE0EUG0DJ9-02,MAC-KM5,MAC-KM5,1
11549046,26070211484644RE0EUG0DJ9-DO,MAC-KM5,MAC-KM5,1
11549046,26070211512997HIDD1VXHY-01,MAC-KD5,MAC-KD5,1
11549046,26070211512997HIDD1VXHY-DO,MAC-KD5,MAC-KD5,1
11549046,26070211512997ZMH8L1QUX-01,MAC-KD5,MAC-KD5,1
11549046,26070211512997ZMH8L1QUX-DO,MAC-KD5,MAC-KD5,1
11549046,26070211531043EFDH2SPXH-01,MAC-CB5,MAC-CB5,1
11549046,26070211531043EFDH2SPXH-DO,MAC-CB5,MAC-CB5,1
11549046,260702115923143KDOANXKT6-01,MAC-CB5,MAC-CB5,1
11549046,260702115923143KDOANXKT6-02,MAC-CB5,MAC-CB5,1
11549046,260702115923143KDOANXKT6-DO,MAC-CB5,MAC-CB5,1
11549046,26070211592314OK9KCNBB-01,MAC-CB5,MAC-CB5,1
11549046,26070211592314OK9KCNBB-DO,MAC-CB5,MAC-CB5,1
11549046,26070211592315OJ5IJDWCWB-01,MAC-CB5,MAC-CB5,1
11549046,26070211592315OJ5IJDWCWB-DO,MAC-CB5,MAC-CB5,1
11549046,260702120620746HLPYR6A8O-01,MAC-CB5,MAC-CB5,1
11549046,260702120620746HLPYR6A8O-DO,MAC-CB5,MAC-CB5,1
11549046,26070212062074TZTQAFL8HG-01,MAC-CB5,MAC-CB5,1
11549046,26070212062074TZTQAFL8HG-DO,MAC-CB5,MAC-CB5,1
11549046,26070212062074ZY8TTK7PO-01,MAC-CB5,MAC-CB5,1
11549046,26070212062074ZY8TTK7PO-DO,MAC-CB5,MAC-CB5,1
11549046,260702120718114XZLS03Q-01,MAC-CP5,MAC-CP5,1
11549046,260702120718114XZLS03Q-DO,MAC-CP5,MAC-CP5,1
11549046,260702120806213YFGX4K6WT-01,MAC-KM5,MAC-KM5,1
11549046,260702120806213YFGX4K6WT-02,MAC-KM5,MAC-KM5,1
11549046,260702120806213YFGX4K6WT-DO,MAC-KM5,MAC-KM5,1
11549046,26070212080621DUUXKXCSSZ-01,MAC-KM5,MAC-KM5,1
11549046,26070212080621DUUXKXCSSZ-DO,MAC-KM5,MAC-KM5,1
11549046,26070212080621JKZV7HQCIL-01,MAC-KM5,MAC-KM5,1
11549046,26070212080621JKZV7HQCIL-DO,MAC-KM5,MAC-KM5,1
11549046,26070212080621RGVEJJDV0-01,MAC-KM5,MAC-KM5,1
11549046,26070212080621RGVEJJDV0-02,MAC-KM5,MAC-KM5,1
11549046,26070212080621RGVEJJDV0-DO,MAC-KM5,MAC-KM5,1
11549046,26070212080621VON4FKNBN-01,MAC-KM5,MAC-KM5,1
11549046,26070212080621VON4FKNBN-02,MAC-KM5,MAC-KM5,1
11549046,26070212080621VON4FKNBN-DO,MAC-KM5,MAC-KM5,1
11549046,26070212080621XLCJO8BYN-01,MAC-KM5,MAC-KM5,1
11549046,26070212080621XLCJO8BYN-02,MAC-KM5,MAC-KM5,1
11549046,26070212080621XLCJO8BYN-03,MAC-KM5,MAC-KM5,1
11549046,26070212080621XLCJO8BYN-DO,MAC-KM5,MAC-KM5,1
11549046,2607021209114221KD0YF1M-01,MAC-KD5,MAC-KD5,1
11549046,2607021209114221KD0YF1M-DO,MAC-KD5,MAC-KD5,1
11549046,26070212091142WSI0MPZH-01,MAC-KD5,MAC-KD5,1
11549046,26070212091142WSI0MPZH-DO,MAC-KD5,MAC-KD5,1
11549046,26070212224533BMVZJYBKWZ-01,MAC-KM5,MAC-KM5,1
11549046,26070212224533BMVZJYBKWZ-DO,MAC-KM5,MAC-KM5,1
11549046,26070212224533C8WG6IRKTG-01,MAC-KM5,MAC-KM5,1
11549046,26070212224533C8WG6IRKTG-DO,,MAC-KD5,1
11549046,26070212224533J0CW3JBY3H-01,MAC-KM5,MAC-KM5,1
11549046,26070212224533J0CW3JBY3H-DO,MAC-KM5,MAC-KM5,1
11549046,26070212224533TOAQSPPTL-01,MAC-KM5,MAC-KM5,1
11549046,26070212224533TOAQSPPTL-DO,MAC-KM5,MAC-KM5,1
11549046,26070212323799UD9UWFVWI-01,MAC-CP5,MAC-CP5,1
11549046,26070212323799UD9UWFVWI-DO,MAC-CP5,MAC-CP5,1
11549046,26070212344677E1WDD5KHW-01,MAC-CP5,MAC-CP5,1
11549046,26070212344677E1WDD5KHW-DO,MAC-CP5,MAC-CP5,1
11549046,26070212344677KDUXGTXW0-01,MAC-CP5,MAC-CP5,1
11549046,26070212344677KDUXGTXW0-DO,MAC-CP5,MAC-CP5,1
11549046,26070212364892SLAHC6G4E-01,MAC-CB5,MAC-CB5,1
11549046,26070212364892SLAHC6G4E-DO,MAC-CB5,MAC-CB5,1
11549046,26070212480090TMHWCHWTL-01,MAC-CB5,MAC-CB5,1
11549046,26070212480090TMHWCHWTL-DO,MAC-CB5,MAC-CB5,1
11549046,26070212480090XMZAYYJKDY-01,MAC-CB5,MAC-CB5,1
11549046,26070212480090XMZAYYJKDY-DO,MAC-CB5,MAC-CB5,1
11549046,26070212571967HVR16ICUU-01,MAC-KD5,MAC-KD5,1
11549046,26070212571967HVR16ICUU-DO,,MAC-KD5,1
11549046,26070212571967ILMN49D2QW-01,MAC-KD5,MAC-KD5,1
11549046,26070212571967ILMN49D2QW-DO,,MAC-KD5,1
11549046,26070213060704SPDWEOIG9-01,MAC-KM5,MAC-KM5,1
11549046,26070213060704SPDWEOIG9-DO,MAC-KM5,MAC-KM5,1
11549046,26070213060704TEZENH49NP-01,MAC-KM5,MAC-KM5,1
11549046,26070213060704TEZENH49NP-DO,MAC-KM5,MAC-KM5,1
11549046,26070213060704XALBKBD0-01,MAC-KM5,MAC-KM5,1
11549046,26070213060704XALBKBD0-02,MAC-KM5,MAC-KM5,1
11549046,26070213060704XALBKBD0-DO,MAC-KM5,MAC-KM5,1
11549046,26070213214656OG11MUC391-01,MAC-KD5,MAC-KD5,1
11549046,26070213214656OG11MUC391-DO,MAC-KD5,MAC-KD5,1
11549046,26070213214656SYLYDEWRCZ-01,MAC-KD5,MAC-KD5,1
11549046,26070213214656SYLYDEWRCZ-02,MAC-KD5,MAC-KD5,1
11549046,26070213214656SYLYDEWRCZ-DO,MAC-KD5,MAC-KD5,1
11549046,26070213214656XGMFJRCSIK-01,MAC-KD5,MAC-KD5,1
11549046,26070213214656XGMFJRCSIK-DO,MAC-KD5,MAC-KD5,1
11549046,26070213214656YLAO4NZRM-01,MAC-KD5,MAC-KD5,1
11549046,26070213214656YLAO4NZRM-02,MAC-KD5,MAC-KD5,1
11549046,26070213214656YLAO4NZRM-DO,MAC-KD5,MAC-KD5,1
11549046,26070213263050LAA2NGZNV-01,MAC-KM5,MAC-KM5,1
11549046,26070213263050LAA2NGZNV-DO,MAC-KM5,MAC-KM5,1
11549046,26070213290613WTVFYQTIQ-01,MAC-CB5,MAC-CB5,1
11549046,26070213290613WTVFYQTIQ-DO,MAC-CB5,MAC-CB5,1
11549046,260702133709707M5JBSVDR-01,MAC-KM5,MAC-KM5,1
11549046,260702133709707M5JBSVDR-DO,MAC-KM5,MAC-KM5,1
11549046,26070213370970JHPWF57RLZ-01,MAC-KM5,MAC-KM5,1
11549046,26070213370970JHPWF57RLZ-02,MAC-KM5,MAC-KM5,1
11549046,26070213370970JHPWF57RLZ-DO,MAC-KM5,MAC-KM5,1
11549046,26070213412698VE8URTGZS-01,MAC-KM5,MAC-KM5,1
11549046,26070213412698VE8URTGZS-DO,MAC-KM5,MAC-KM5,1
11549046,26070213465949USXMELWHD-01,MAC-KD5,MAC-KD5,1
11549046,26070213465949USXMELWHD-DO,MAC-KD5,MAC-KD5,1
11549046,26070214030922P8GFNTRFF-01,MAC-CB5,MAC-CB5,1
11549046,26070214030922P8GFNTRFF-DO,MAC-CB5,MAC-CB5,1
11549046,26070214052885TMFW4KL8A-01,MAC-KD5,MAC-KD5,1
11549046,26070214052885TMFW4KL8A-DO,MAC-KD5,MAC-KD5,1
11549046,26070214070618HTDZQTCGZ-01,MAC-KD5,MAC-KD5,1
11549046,26070214070618HTDZQTCGZ-DO,MAC-KD5,MAC-KD5,1
11549046,26070214101603NSGM8H0WE-01,MAC-KD5,MAC-KD5,1
11549046,26070214101603NSGM8H0WE-DO,MAC-KD5,MAC-KD5,1
11549046,26070214101603WLJBAEE7AU-01,MAC-KD5,MAC-KD5,1
11549046,26070214101603WLJBAEE7AU-DO,MAC-KD5,MAC-KD5,1
11549046,26070214122280B95C0C9TF-01,MAC-KD5,MAC-KD5,1
11549046,26070214122280B95C0C9TF-DO,MAC-KD5,MAC-KD5,1
11549046,260702141635115QAKPTUXP-01,MAC-KD5,MAC-KD5,1
11549046,260702141635115QAKPTUXP-DO,MAC-KD5,MAC-KD5,1
11549046,26070214163511PSBQZKYONL-01,MAC-KD5,MAC-KD5,1
11549046,26070214163511PSBQZKYONL-02,MAC-KD5,MAC-KD5,1
11549046,26070214163511PSBQZKYONL-DO,MAC-KD5,MAC-KD5,1
11549046,26070214183385LC9NQK6NM-01,MAC-KD5,MAC-KD5,1
11549046,26070214183385LC9NQK6NM-DO,MAC-KD5,MAC-KD5,1
11549046,26070214183385OAAJDQH0JB-01,MAC-KD5,MAC-KD5,1
11549046,26070214183385OAAJDQH0JB-DO,MAC-KD5,MAC-KD5,1
11549046,260702142719029X4ILB5CZ-01,MAC-KM5,MAC-KM5,1
11549046,260702142719029X4ILB5CZ-DO,MAC-KM5,MAC-KM5,1
11549046,26070214271902JJLTP26CJ-01,MAC-KM5,MAC-KM5,1
11549046,26070214271902JJLTP26CJ-DO,MAC-KM5,MAC-KM5,1
11549046,26070214470816IOPULFX1P-01,MAC-KD5,MAC-KD5,1
11549046,26070214470816IOPULFX1P-DO,MAC-KD5,MAC-KD5,1
11549046,26070214482587AANGHW0XM-01,MAC-KD5,MAC-KD5,1
11549046,26070214482587AANGHW0XM-DO,MAC-KD5,MAC-KD5,1
11549046,26070214482587APAFQLHMIQ-01,MAC-KD5,MAC-KD5,1
11549046,26070214482587APAFQLHMIQ-DO,MAC-KD5,MAC-KD5,1
11549046,26070214482587IYBHWUA4LE-01,MAC-KD5,MAC-KD5,1
11549046,26070214482587IYBHWUA4LE-DO,MAC-KD5,MAC-KD5,1
11549046,26070214491571BHPZNMX7QL-01,MAC-KD5,MAC-KD5,1
11549046,26070214491571BHPZNMX7QL-DO,MAC-KD5,MAC-KD5,1
11549046,26070214491571NDFUUYBVF-01,MAC-KD5,MAC-KD5,1
11549046,26070214491571NDFUUYBVF-DO,MAC-KD5,MAC-KD5,1
11549046,26070214500434HX63TLTQ-01,MAC-CB5,MAC-CB5,1
11549046,26070214500434HX63TLTQ-DO,MAC-CB5,MAC-CB5,1
11549046,26070214500434S0YCX7VUD-01,MAC-CB5,MAC-CB5,1
11549046,26070214500434S0YCX7VUD-02,MAC-CB5,MAC-CB5,1
11549046,26070214500434S0YCX7VUD-DO,MAC-CB5,MAC-CB5,1
11549046,26070214500434ZJBTULAAQE-01,MAC-CB5,MAC-CB5,1
11549046,26070214500434ZJBTULAAQE-DO,MAC-CB5,MAC-CB5,1
11549046,26070214524890A3PMUIIM0-01,MAC-CB5,MAC-CB5,1
11549046,26070214524890A3PMUIIM0-DO,MAC-CB5,MAC-CB5,1
11549046,260702145420902YWT8BCWS-01,MAC-KD5,MAC-KD5,1
11549046,260702145420902YWT8BCWS-DO,MAC-KD5,MAC-KD5,1
11549046,26070214542091K53H8JTPVD-01,MAC-KD5,MAC-KD5,1
11549046,26070214542091K53H8JTPVD-DO,MAC-KD5,MAC-KD5,1
11549046,26070214565202CQKJTPANL-01,MAC-KD5,MAC-KD5,1
11549046,26070214565202CQKJTPANL-DO,MAC-KD5,MAC-KD5,1
11549046,26070214565202TJA69BX2J-01,MAC-KD5,MAC-KD5,1
11549046,26070214565202TJA69BX2J-DO,MAC-KD5,MAC-KD5,1
11549046,26070215004129FCZR3FXBF-01,MAC-KD5,MAC-KD5,1
11549046,26070215004129FCZR3FXBF-DO,MAC-KD5,MAC-KD5,1
11549046,26070215004129XM9HI9QV2O-01,MAC-KD5,MAC-KD5,1
11549046,26070215004129XM9HI9QV2O-DO,MAC-KD5,MAC-KD5,1
11549046,26070215162926IK59E1Q5WZ-01,MAC-CB5,MAC-CB5,1
11549046,26070215162926IK59E1Q5WZ-DO,MAC-CB5,MAC-CB5,1
11549046,26070215162926KKB2GFJS6-01,MAC-CB5,MAC-CB5,1
11549046,26070215162926KKB2GFJS6-DO,MAC-CB5,MAC-CB5,1
11549046,26070215162926U0B7WAMDJQ-01,MAC-CB5,MAC-CB5,1
11549046,26070215162926U0B7WAMDJQ-DO,MAC-CB5,MAC-CB5,1
11549046,26070215162926WOWQVUVCK-01,MAC-CB5,MAC-CB5,1
11549046,26070215162926WOWQVUVCK-DO,MAC-CB5,MAC-CB5,1
11549046,26070215162926ZS5T1PKRAK-01,MAC-CB5,MAC-CB5,1
11549046,26070215162926ZS5T1PKRAK-DO,MAC-CB5,MAC-CB5,1
11549046,26070215203028OMFKC91I-01,MAC-KD5,MAC-KD5,1
11549046,26070215203028OMFKC91I-DO,,MAC-KD5,1
11549046,26070215203028XCGVP0Q8UV-01,MAC-KD5,MAC-KD5,1
11549046,26070215203028XCGVP0Q8UV-02,MAC-KD5,MAC-KD5,1
11549046,26070215203028XCGVP0Q8UV-DO,,MAC-KD5,1
11549046,26070215203028XVGB8KSZ-01,MAC-KD5,MAC-KD5,1
11549046,26070215203028XVGB8KSZ-DO,,MAC-KD5,1
11549046,26070215270297AYE2ZSMRX-01,MAC-CP5,MAC-CP5,1
11549046,26070215270297AYE2ZSMRX-DO,MAC-CP5,MAC-CP5,1
11549046,26070215270297GB22G7KHJ7-01,MAC-CP5,MAC-CP5,1
11549046,26070215270297GB22G7KHJ7-DO,MAC-CP5,MAC-CP5,1
11549046,26070215321819MSEFK2U9-01,MAC-KM5,MAC-KM5,1
11549046,26070215321819MSEFK2U9-DO,MAC-KM5,MAC-KM5,1
11549046,26070215321819RFRXJAA33F-01,MAC-KM5,MAC-KM5,1
11549046,26070215321819RFRXJAA33F-DO,MAC-KM5,MAC-KM5,1
11549046,26070215332338IC18VW4J-01,MAC-KD5,MAC-KD5,1
11549046,26070215332338IC18VW4J-DO,MAC-KD5,MAC-KD5,1
11549046,26070215332338SFU6QQPHGB-01,MAC-KD5,MAC-KD5,1
11549046,26070215332338SFU6QQPHGB-DO,MAC-KD5,MAC-KD5,1
11549046,26070215332338XZF6FEPX-01,MAC-KD5,MAC-KD5,1
11549046,26070215332338XZF6FEPX-DO,MAC-KD5,MAC-KD5,1
11549046,26070215332339FIN9QT8SJS-01,MAC-KD5,MAC-KD5,1
11549046,26070215332339FIN9QT8SJS-DO,MAC-KD5,MAC-KD5,1
11549046,26070215335678JZKKANLKR-01,MAC-KD5,MAC-KD5,1
11549046,26070215335678JZKKANLKR-DO,MAC-KD5,MAC-KD5,1
11549046,26070215502757ZKHQKGD0H-01,MAC-KM5,MAC-KM5,1
11549046,26070215502757ZKHQKGD0H-02,MAC-KM5,MAC-KM5,1
11549046,26070215502757ZKHQKGD0H-DO,MAC-KM5,MAC-KM5,1
11549046,26070215521772JR6S48EIIX-01,MAC-CP5,MAC-CP5,1
11549046,26070215521772JR6S48EIIX-DO,MAC-CP5,MAC-CP5,1
11549046,26070215521772ZICIXIE36-01,MAC-CP5,MAC-CP5,1
11549046,26070215521772ZICIXIE36-DO,MAC-CP5,MAC-CP5,1
11549046,26070216371227HMFMEOCNY-01,MAC-KD5,MAC-KD5,1
11549046,26070216371227HMFMEOCNY-DO,MAC-KD5,MAC-KD5,1
11549046,26070218562238JVHXV1QLU-01,MAC-KD5,MAC-KD5,1
11549046,26070218562238JVHXV1QLU-DO,MAC-KD5,MAC-KD5,1
11549046,26070222531767XCNBVXYVJ-01,MAC-CB5,MAC-CB5,1
11549046,26070222531767XCNBVXYVJ-DO,MAC-CB5,MAC-CB5,1
11549046,260702231131927A5USCA2-01,MAC-CB5,MAC-CB5,1
11549046,260702231131927A5USCA2-DO,MAC-CB5,MAC-CB5,1
11549046,26070223113192OXF9TQO1F-01,MAC-CB5,MAC-CB5,1
11549046,26070223113192OXF9TQO1F-DO,MAC-CB5,MAC-CB5,1
11549046,26070223113192YJXQYTVLIH-01,MAC-CB5,MAC-CB5,1
11549046,26070223113192YJXQYTVLIH-DO,MAC-CB5,MAC-CB5,1
11549046,260702231637749UC2SBONA-01,MAC-KD5,MAC-KD5,1
11549046,260702231637749UC2SBONA-DO,MAC-KD5,MAC-KD5,1
11549046,26070223282997RCMIQBOLW-01,MAC-KD5,MAC-KD5,1
11549046,26070223282997RCMIQBOLW-DO,,MAC-KD5,1
11549046,26070223334581RIT91XXW-01,MAC-KD5,MAC-KD5,1
11549046,26070223334581RIT91XXW-DO,MAC-KD5,MAC-KD5,1
11549046,26070223334581TTK9DBOD18-01,MAC-KD5,MAC-KD5,1
11549046,26070223334581TTK9DBOD18-DO,MAC-KD5,MAC-KD5,1
11549046,260702233828529XNNZXQU-01,MAC-KD5,MAC-KD5,1
11549046,260702233828529XNNZXQU-DO,MAC-KD5,MAC-KD5,1
11549046,26070223495709ATPOOYT2F-01,MAC-KD5,MAC-KD5,1
11549046,26070223495709ATPOOYT2F-DO,MAC-KD5,MAC-KD5,1
11549046,26070223495709VLHHUXCWYQ-01,MAC-KD5,MAC-KD5,1
11549046,26070223495709VLHHUXCWYQ-DO,MAC-KD5,MAC-KD5,1
11549046,2607030010114284P3SOEHVZ-01,MAC-KM5,MAC-KM5,1
11549046,2607030010114284P3SOEHVZ-DO,MAC-KM5,MAC-KM5,1
11549046,26070300101142CEKDJBJMK-01,MAC-KM5,MAC-KM5,1
11549046,26070300101142CEKDJBJMK-DO,MAC-KM5,MAC-KM5,1
11549046,26070300101142KO452BUUIX-01,MAC-KM5,MAC-KM5,1
11549046,26070300101142KO452BUUIX-DO,MAC-KM5,MAC-KM5,1
11549046,26070300101142NE8Y5LKJ4G-01,MAC-KM5,MAC-KM5,1
11549046,26070300101142NE8Y5LKJ4G-02,MAC-KM5,MAC-KM5,1
11549046,26070300101142NE8Y5LKJ4G-DO,MAC-KM5,MAC-KM5,1
11549046,26070300101142TXH2D9HVF8-01,MAC-KM5,MAC-KM5,1
11549046,26070300101142TXH2D9HVF8-DO,MAC-KM5,MAC-KM5,1
11549046,260703002517168X2SU7UQX-01,MAC-KD5,MAC-KD5,1
11549046,260703002517168X2SU7UQX-DO,MAC-KD5,MAC-KD5,1
11549046,26070300251716EZ2DFFKASP-01,MAC-KD5,MAC-KD5,1
11549046,26070300251716EZ2DFFKASP-DO,MAC-KD5,MAC-KD5,1
11549046,26070300251716IKYM6CZ5FB-01,MAC-KD5,MAC-KD5,1
11549046,26070300251716IKYM6CZ5FB-DO,MAC-KD5,MAC-KD5,1
11549046,260703002638935PSWOITTVT-01,MAC-CB5,MAC-CB5,1
11549046,260703002638935PSWOITTVT-DO,MAC-CB5,MAC-CB5,1
11549046,26070300263893TNZVQAOV-01,MAC-CB5,MAC-CB5,1
11549046,26070300263893TNZVQAOV-DO,MAC-CB5,MAC-CB5,1
11549046,26070300295995F19IHUL2YN-01,MAC-KD5,MAC-KD5,1
11549046,26070300295995F19IHUL2YN-DO,MAC-KD5,MAC-KD5,1
11549046,26070300295995ZE3WBJTEL-01,MAC-KD5,MAC-KD5,1
11549046,26070300295995ZE3WBJTEL-DO,MAC-KD5,MAC-KD5,1
11549046,26070300335090EYTFA8JE-01,MAC-KD5,MAC-KD5,1
11549046,26070300335090EYTFA8JE-DO,MAC-KD5,MAC-KD5,1
11549046,26070300335090L73MJDIEA-01,MAC-KD5,MAC-KD5,1
11549046,26070300335090L73MJDIEA-DO,MAC-KD5,MAC-KD5,1
11549046,26070300335091BPYRRJVL2M-01,MAC-KD5,MAC-KD5,1
11549046,26070300335091BPYRRJVL2M-DO,MAC-KD5,MAC-KD5,1
11549046,26070300350504PCS5YK51E-01,MAC-CP5,MAC-CP5,1
11549046,26070300350504PCS5YK51E-DO,MAC-CP5,MAC-CP5,1
11549046,26070300365243D2VZLFR9W-01,MAC-CB5,MAC-CB5,1
11549046,26070300365243D2VZLFR9W-DO,MAC-CB5,MAC-CB5,1
11549046,26070300365243KZZ1ZJNE5-01,MAC-CB5,MAC-CB5,1
11549046,26070300365243KZZ1ZJNE5-DO,MAC-CB5,MAC-CB5,1
11549046,26070300452760J28KJU6NH-01,MAC-KD5,MAC-KD5,1
11549046,26070300452760J28KJU6NH-DO,MAC-KD5,MAC-KD5,1
11549046,26070300540565PMRQKQJQN-01,MAC-KM5,MAC-KM5,1
11549046,26070300540565PMRQKQJQN-DO,MAC-KM5,MAC-KM5,1
11549046,26070300581494LKHKIAFJ5-01,MAC-CB5,MAC-CB5,1
11549046,26070300581494LKHKIAFJ5-DO,MAC-CB5,MAC-CB5,1
11549046,26070300590053FIXJJV4-01,MAC-KD5,MAC-KD5,1
11549046,26070300590053FIXJJV4-DO,,MAC-KD5,1
11549046,260703010318592FAV1CWIS-01,MAC-KD5,MAC-KD5,1
11549046,260703010318592FAV1CWIS-DO,MAC-KD5,MAC-KD5,1
11549046,26070301041494DSIA864U-01,MAC-KD5,MAC-KD5,1
11549046,26070301041494DSIA864U-DO,,MAC-KD5,1
11549046,26070301053257RT8JJSRBZ-01,MAC-CB5,MAC-CB5,1
11549046,26070301053257RT8JJSRBZ-DO,MAC-CB5,MAC-CB5,1
11549046,26070301130245BLLZYOLWB-01,MAC-CB5,MAC-CB5,1
11549046,26070301130245BLLZYOLWB-DO,MAC-CB5,MAC-CB5,1
11549046,26070301130245DEVMKHTI07-01,MAC-CB5,MAC-CB5,1
11549046,26070301130245DEVMKHTI07-DO,MAC-CB5,MAC-CB5,1
11549046,26070301185303IIRFXNFY8N-01,MAC-KD5,MAC-KD5,1
11549046,26070301185303IIRFXNFY8N-DO,,MAC-KD5,1
11549046,26070301185303QPH5TPVWX-01,MAC-KD5,MAC-KD5,1
11549046,26070301185303QPH5TPVWX-DO,,MAC-KD5,1
11549046,26070301245154GLEBVSENTK-01,MAC-KD5,MAC-KD5,1
11549046,26070301245154GLEBVSENTK-DO,MAC-KD5,MAC-KD5,1
11549046,26070301245154Q11VTKI6Z-01,MAC-KD5,MAC-KD5,1
11549046,26070301245154Q11VTKI6Z-DO,MAC-KD5,MAC-KD5,1
11549046,26070301264019XGPFNKR-01,MAC-CB5,MAC-CB5,1
11549046,26070301264019XGPFNKR-DO,MAC-CB5,MAC-CB5,1
11549046,26070301291361JIVAB0JN3-01,MAC-KM5,MAC-KM5,1
11549046,26070301291361JIVAB0JN3-DO,MAC-KM5,MAC-KM5,1
11549046,26070301291361QEQQPYG9X4-01,MAC-KM5,MAC-KM5,1
11549046,26070301291361QEQQPYG9X4-DO,MAC-KM5,MAC-KM5,1
11549046,26070301291362L9BF6WVAWU-01,MAC-KM5,MAC-KM5,1
11549046,26070301291362L9BF6WVAWU-DO,MAC-KM5,MAC-KM5,1
11549046,26070301291362NJFWAC9B8-01,MAC-KM5,MAC-KM5,1
11549046,26070301291362NJFWAC9B8-DO,MAC-KM5,MAC-KM5,1
11549046,26070301291362XWTDVRCKTY-01,MAC-KM5,MAC-KM5,1
11549046,26070301291362XWTDVRCKTY-02,MAC-KM5,MAC-KM5,1
11549046,26070301291362XWTDVRCKTY-DO,MAC-KM5,MAC-KM5,1
11549046,26070301305418GZHNTDRNJ-01,MAC-CB5,MAC-CB5,1
11549046,26070301305418GZHNTDRNJ-DO,MAC-CB5,MAC-CB5,1
11549046,26070301314498TRAMOCLFS-01,MAC-KD5,MAC-KD5,1
11549046,26070301314498TRAMOCLFS-DO,MAC-KD5,MAC-KD5,1
11549046,26070301363461PDEANF0N-01,MAC-KD5,MAC-KD5,1
11549046,26070301363461PDEANF0N-DO,MAC-KD5,MAC-KD5,1
11549046,26070301421297M8NOVMHQ-01,MAC-KM5,MAC-KM5,1
11549046,26070301421297M8NOVMHQ-DO,MAC-KM5,MAC-KM5,1
11549046,26070301460911YX1VSTIUN-01,MAC-KD5,MAC-KD5,1
11549046,26070301460911YX1VSTIUN-DO,MAC-KD5,MAC-KD5,1
11549046,26070301461151EHGJ5KGMX-01,MAC-KD5,MAC-KD5,1
11549046,26070301461151EHGJ5KGMX-DO,MAC-KD5,MAC-KD5,1
11549046,26070301461151WIPY2GU8-01,MAC-KD5,MAC-KD5,1
11549046,26070301461151WIPY2GU8-DO,MAC-KD5,MAC-KD5,1
11549046,26070301461152BO99CEOPTP-01,MAC-KD5,MAC-KD5,1
11549046,26070301461152BO99CEOPTP-02,MAC-KD5,MAC-KD5,1
11549046,26070301461152BO99CEOPTP-DO,MAC-KD5,MAC-KD5,1
11549046,26070301465244ZUBW6MGXT-01,MAC-CP5,MAC-CP5,1
11549046,26070301465244ZUBW6MGXT-DO,MAC-CP5,MAC-CP5,1
11549046,26070301481508S4BBBK6XC-01,MAC-CB5,MAC-CB5,1
11549046,26070301481508S4BBBK6XC-02,MAC-CB5,MAC-CB5,1
11549046,26070301481508S4BBBK6XC-DO,MAC-CB5,MAC-CB5,1
11549046,26070301481508V5OFG2F-01,MAC-CB5,MAC-CB5,1
11549046,26070301481508V5OFG2F-DO,MAC-CB5,MAC-CB5,1
11549046,260703014836442FPCGEHBG-01,MAC-KD5,MAC-KD5,1
11549046,260703014836442FPCGEHBG-DO,MAC-KD5,MAC-KD5,1
11549046,26070301483644QJZGEQG5-01,MAC-KD5,MAC-KD5,1
11549046,26070301483644QJZGEQG5-DO,MAC-KD5,MAC-KD5,1
11549046,260703014842490MTHHAWRJ-01,MAC-CB5,MAC-CB5,1
11549046,260703014842490MTHHAWRJ-DO,MAC-CB5,MAC-CB5,1
11549046,26070301484249NYCBQSGQG-01,MAC-CB5,MAC-CB5,1
11549046,26070301484249NYCBQSGQG-DO,MAC-CB5,MAC-CB5,1
11549046,260703014921811PATTKXQQ-01,MAC-KD5,MAC-KD5,1
11549046,260703014921811PATTKXQQ-DO,,MAC-KD5,1
11549046,26070301492181ADIEVBR3TJ-01,MAC-KD5,MAC-KD5,1
11549046,26070301492181ADIEVBR3TJ-DO,,MAC-KD5,1
11549046,26070301510697N12F8UJ7W-01,MAC-KD5,MAC-KD5,1
11549046,26070301510697N12F8UJ7W-DO,MAC-KD5,MAC-KD5,1
11549046,260703015144648TJYTOPXU-01,MAC-KM5,MAC-KM5,1
11549046,260703015144648TJYTOPXU-DO,MAC-KM5,MAC-KM5,1
11549046,26070301514464IHMAKNYE3-01,MAC-KM5,MAC-KM5,1
11549046,26070301514464IHMAKNYE3-DO,MAC-KM5,MAC-KM5,1
11549046,26070301514464MQSGECV9YM-01,MAC-KM5,MAC-KM5,1
11549046,26070301514464MQSGECV9YM-DO,MAC-KM5,MAC-KM5,1
11549046,26070301514464QMN5OGWF-01,MAC-KM5,MAC-KM5,1
11549046,26070301514464QMN5OGWF-DO,MAC-KM5,MAC-KM5,1
11549046,26070301515314HFOIG1PZT-01,MAC-CB5,MAC-CB5,1
11549046,26070301515314HFOIG1PZT-DO,MAC-CB5,MAC-CB5,1
11549046,26070302011773P9MVVTBWA-01,MAC-KD5,MAC-KD5,1
11549046,26070302011773P9MVVTBWA-DO,MAC-KD5,MAC-KD5,1
11549046,26070302011773UWEYWFU5Q-01,MAC-KD5,MAC-KD5,1
11549046,26070302011773UWEYWFU5Q-DO,MAC-KD5,MAC-KD5,1
11549046,26070302040783E0CBQ3NRQ0-01,MAC-KM5,MAC-KM5,1
11549046,26070302040783E0CBQ3NRQ0-DO,MAC-KM5,MAC-KM5,1
11549046,26070302040783XNVUWZXQE-01,MAC-KM5,MAC-KM5,1
11549046,26070302040783XNVUWZXQE-DO,MAC-KM5,MAC-KM5,1
11549046,26070302051797TXXFC8CAR-01,MAC-KD5,MAC-KD5,1
11549046,26070302051797TXXFC8CAR-DO,MAC-KD5,MAC-KD5,1
11549046,26070302051797ZNO9GDBM7Y-01,MAC-KD5,MAC-KD5,1
11549046,26070302051797ZNO9GDBM7Y-DO,MAC-KD5,MAC-KD5,1
11549046,260703020641256ZO8ZVQD-01,MAC-KM5,MAC-KM5,1
11549046,260703020641256ZO8ZVQD-DO,MAC-KM5,MAC-KM5,1
11549046,26070302064125YGJHFLJOF2-01,MAC-KM5,MAC-KM5,1
11549046,26070302064125YGJHFLJOF2-DO,MAC-KM5,MAC-KM5,1
11549046,26070302064126RQDZCOLID9-01,MAC-KM5,MAC-KM5,1
11549046,26070302064126RQDZCOLID9-02,MAC-KM5,MAC-KM5,1
11549046,26070302064126RQDZCOLID9-DO,MAC-KM5,MAC-KM5,1
11549046,2607030210064768F7LANFN-01,MAC-CP5,MAC-CP5,1
11549046,2607030210064768F7LANFN-DO,MAC-CP5,MAC-CP5,1
11549046,26070302100647VICXHHVBCR-01,MAC-CP5,MAC-CP5,1
11549046,26070302100647VICXHHVBCR-DO,MAC-CP5,MAC-CP5,1
11549046,26070302110522BHT5J9PZPQ-01,MAC-KD5,MAC-KD5,1
11549046,26070302110522BHT5J9PZPQ-DO,MAC-KD5,MAC-KD5,1
11549046,26070302110522FA5RTQKDTQ-01,MAC-KD5,MAC-KD5,1
11549046,26070302110522FA5RTQKDTQ-DO,MAC-KD5,MAC-KD5,1
11549046,26070302110522Z4WKPMWGI-01,MAC-KD5,MAC-KD5,1
11549046,26070302110522Z4WKPMWGI-DO,MAC-KD5,MAC-KD5,1
11549046,26070302120814MN3K80DMP-01,MAC-KD5,MAC-KD5,1
11549046,26070302120814MN3K80DMP-DO,MAC-KD5,MAC-KD5,1
11549046,26070302120814WREJFDOP1-01,MAC-KD5,MAC-KD5,1
11549046,26070302120814WREJFDOP1-DO,MAC-KD5,MAC-KD5,1
11549046,26070302145595A4LQFYFG-01,MAC-KD5,MAC-KD5,1
11549046,26070302145595A4LQFYFG-02,MAC-KD5,MAC-KD5,1
11549046,26070302145595A4LQFYFG-DO,MAC-KD5,MAC-KD5,1
11549046,26070302154808LI45UAH3SF-01,MAC-KM5,MAC-KM5,1
11549046,26070302154808LI45UAH3SF-DO,MAC-KM5,MAC-KM5,1
11549046,26070302154808YOFXAVPK-01,MAC-KM5,MAC-KM5,1
11549046,26070302154808YOFXAVPK-02,MAC-KM5,MAC-KM5,1
11549046,26070302154808YOFXAVPK-DO,MAC-KM5,MAC-KM5,1
11549046,26070302173151CKALMPOWI-01,MAC-KD5,MAC-KD5,1
11549046,26070302173151CKALMPOWI-DO,MAC-KD5,MAC-KD5,1
11549046,26070302210988UVMX9PLYT3-01,MAC-KD5,MAC-KD5,1
11549046,26070302210988UVMX9PLYT3-DO,MAC-KD5,MAC-KD5,1
11549046,26070302210988Z5MBHKAFH-01,MAC-KD5,MAC-KD5,1
11549046,26070302210988Z5MBHKAFH-DO,MAC-KD5,MAC-KD5,1
11549046,260703022127305LNF9HGZ2-01,MAC-CP5,MAC-CP5,1
11549046,260703022127305LNF9HGZ2-DO,MAC-CP5,MAC-CP5,1
11549046,26070302212730N6CAQMZBFB-01,MAC-CP5,MAC-CP5,1
11549046,26070302212730N6CAQMZBFB-DO,MAC-CP5,MAC-CP5,1
11549046,2607030221300912EMQPTU-01,MAC-KD5,MAC-KD5,1
11549046,2607030221300912EMQPTU-DO,MAC-KD5,MAC-KD5,1
11549046,260703022135436BQPFDN9U-01,MAC-KD5,MAC-KD5,1
11549046,260703022135436BQPFDN9U-DO,MAC-KD5,MAC-KD5,1
11549046,260703022135437ZW8UVQUR-01,MAC-KD5,MAC-KD5,1
11549046,260703022135437ZW8UVQUR-DO,MAC-KD5,MAC-KD5,1
11549046,26070302213544NTQ5NFRKPY-01,MAC-KD5,MAC-KD5,1
11549046,26070302213544NTQ5NFRKPY-DO,MAC-KD5,MAC-KD5,1
11549046,26070302250271HNMLRIZJQV-01,MAC-KM5,MAC-KM5,1
11549046,26070302250271HNMLRIZJQV-DO,MAC-KM5,MAC-KM5,1
11549046,26070302250271OS7CPGAWQ-01,MAC-KM5,MAC-KM5,1
11549046,26070302250271OS7CPGAWQ-DO,MAC-KM5,MAC-KM5,1
11549046,26070302250271RMO0SLH8L-01,MAC-KM5,MAC-KM5,1
11549046,26070302250271RMO0SLH8L-DO,MAC-KM5,MAC-KM5,1
11549046,26070302250362IAMO4UHKQW-01,MAC-KM5,MAC-KM5,1
11549046,26070302250362IAMO4UHKQW-DO,MAC-KM5,MAC-KM5,1
11549046,26070302250362IDKHAZC6-01,MAC-KM5,MAC-KM5,1
11549046,26070302250362IDKHAZC6-DO,MAC-KM5,MAC-KM5,1
11549046,26070302252448IWRZLVYE-01,MAC-KD5,MAC-KD5,1
11549046,26070302252448IWRZLVYE-DO,MAC-KD5,MAC-KD5,1
11549046,26070302253986PUEBODDOS-01,MAC-KD5,MAC-KD5,1
11549046,26070302253986PUEBODDOS-DO,MAC-KD5,MAC-KD5,1
11549046,26070302260421YOQXOCZKY-01,MAC-KD5,MAC-KD5,1
11549046,26070302260421YOQXOCZKY-DO,MAC-KD5,MAC-KD5,1
11549046,260703022715675CIM0H1Z-01,MAC-KD5,MAC-KD5,1
11549046,260703022715675CIM0H1Z-DO,,MAC-KD5,1
11549046,26070302271567MYUHIAIKJ-01,MAC-KD5,MAC-KD5,1
11549046,26070302271567MYUHIAIKJ-DO,,MAC-KD5,1
11549046,26070302272005HM9VOY4JUP-01,MAC-KD5,MAC-KD5,1
11549046,26070302272005HM9VOY4JUP-DO,MAC-KD5,MAC-KD5,1
11549046,26070302272005T2IKASRAAM-01,MAC-KD5,MAC-KD5,1
11549046,26070302272005T2IKASRAAM-DO,MAC-KD5,MAC-KD5,1
11549046,26070302272005UR2OYFQEX-01,MAC-KD5,MAC-KD5,1
11549046,26070302272005UR2OYFQEX-DO,MAC-KD5,MAC-KD5,1
11549046,26070302272032KNY3TAGA-01,MAC-CB5,MAC-CB5,1
11549046,26070302272032KNY3TAGA-DO,MAC-CB5,MAC-CB5,1
11549046,26070302275971L4MIRVG9D-01,MAC-KM5,MAC-KM5,1
11549046,26070302275971L4MIRVG9D-DO,MAC-KM5,MAC-KM5,1
11549046,26070302275972EQP4DUWV8E-01,MAC-KM5,MAC-KM5,1
11549046,26070302275972EQP4DUWV8E-DO,MAC-KM5,MAC-KM5,1
11549046,26070302283092VWPVOFMPR-01,MAC-CP5,MAC-CP5,1
11549046,26070302283092VWPVOFMPR-DO,MAC-CP5,MAC-CP5,1
11549046,260703022846670HM4DE1CPI-01,MAC-KD5,MAC-KD5,1
11549046,260703022846670HM4DE1CPI-DO,MAC-KD5,MAC-KD5,1
11549046,260703022846674KTP1HI-01,MAC-KD5,MAC-KD5,1
11549046,260703022846674KTP1HI-02,MAC-KD5,MAC-KD5,1
11549046,260703022846674KTP1HI-DO,MAC-KD5,MAC-KD5,1
11549046,26070302284667K0SSY8RWX8-01,MAC-KD5,MAC-KD5,1
11549046,26070302284667K0SSY8RWX8-02,MAC-KD5,MAC-KD5,1
11549046,26070302284667K0SSY8RWX8-DO,MAC-KD5,MAC-KD5,1
11549046,26070302284667NF4G7BSRR-01,MAC-KD5,MAC-KD5,1
11549046,26070302284667NF4G7BSRR-DO,MAC-KD5,MAC-KD5,1
11549046,26070302284667OPWRX448ON-01,MAC-KD5,MAC-KD5,1
11549046,26070302284667OPWRX448ON-02,MAC-KD5,MAC-KD5,1
11549046,26070302284667OPWRX448ON-DO,MAC-KD5,MAC-KD5,1
11549046,26070302284667VMV28MHRP7-01,MAC-KD5,MAC-KD5,1
11549046,26070302284667VMV28MHRP7-02,MAC-KD5,MAC-KD5,1
11549046,26070302284667VMV28MHRP7-03,MAC-KD5,MAC-KD5,1
11549046,26070302284667VMV28MHRP7-DO,MAC-KD5,MAC-KD5,1
11549046,260703023154231UIOUI6HH-01,MAC-KD5,MAC-KD5,1
11549046,260703023154231UIOUI6HH-DO,MAC-KD5,MAC-KD5,1
11549046,26070302315423UILGEVI7BE-01,MAC-KD5,MAC-KD5,1
11549046,26070302315423UILGEVI7BE-DO,MAC-KD5,MAC-KD5,1
11549046,26070302315424G2QNKPURAB-01,MAC-KD5,MAC-KD5,1
11549046,26070302315424G2QNKPURAB-DO,MAC-KD5,MAC-KD5,1
11549046,26070302344127QJSPILUSQ-01,MAC-KD5,MAC-KD5,1
11549046,26070302344127QJSPILUSQ-DO,MAC-KD5,MAC-KD5,1
11549046,26070302344127VTXUP5OWGV-01,MAC-KD5,MAC-KD5,1
11549046,26070302344127VTXUP5OWGV-DO,MAC-KD5,MAC-KD5,1
11549046,260703023620325KGIYEJ7MB-01,MAC-KD5,MAC-KD5,1
11549046,260703023620325KGIYEJ7MB-DO,MAC-KD5,MAC-KD5,1
11549046,26070302362032VTHGRTFS6-01,MAC-KD5,MAC-KD5,1
11549046,26070302362032VTHGRTFS6-DO,MAC-KD5,MAC-KD5,1
11549046,260703023951134UEUUZH3M-01,MAC-KD5,MAC-KD5,1
11549046,260703023951134UEUUZH3M-DO,MAC-KD5,MAC-KD5,1
11549046,26070302395113LLF59VTS5-01,MAC-KD5,MAC-KD5,1
11549046,26070302395113LLF59VTS5-DO,MAC-KD5,MAC-KD5,1
11549046,26070302401500V7EF7TPZA-01,MAC-KD5,MAC-KD5,1
11549046,26070302401500V7EF7TPZA-DO,MAC-KD5,MAC-KD5,1
11549046,260703024024778TWKFNRFU-01,MAC-KM5,MAC-KM5,1
11549046,260703024024778TWKFNRFU-DO,MAC-KM5,MAC-KM5,1
11549046,26070302402477BU6WYLJCQF-01,MAC-KM5,MAC-KM5,1
11549046,26070302402477BU6WYLJCQF-DO,MAC-KM5,MAC-KM5,1
11549046,260703024320746BYM9TZW-01,MAC-CB5,MAC-CB5,1
11549046,260703024320746BYM9TZW-DO,,MAC-KD5,1
11549046,26070302432074E2HA6GU3A-01,MAC-CB5,MAC-CB5,1
11549046,26070302432074E2HA6GU3A-DO,,MAC-KD5,1
11549046,26070302442249DLIO1UZXV-01,MAC-KD5,MAC-KD5,1
11549046,26070302442249DLIO1UZXV-DO,MAC-KD5,MAC-KD5,1
11549046,26070302442834TGXGHJFPU-01,MAC-KM5,MAC-KM5,1
11549046,26070302442834TGXGHJFPU-DO,MAC-KM5,MAC-KM5,1
11549046,26070302454227ENRSSOA8P-01,MAC-KD5,MAC-KD5,1
11549046,26070302454227ENRSSOA8P-DO,MAC-KD5,MAC-KD5,1
11549046,26070302454227U7RLD36LX5-01,MAC-KD5,MAC-KD5,1
11549046,26070302454227U7RLD36LX5-DO,MAC-KD5,MAC-KD5,1
11549046,26070302500550CD5QRL6JX-01,MAC-CB5,MAC-CB5,1
11549046,26070302500550CD5QRL6JX-DO,MAC-CB5,MAC-CB5,1
11549046,26070302500770GDSMT7AN-01,MAC-KD5,MAC-KD5,1
11549046,26070302500770GDSMT7AN-DO,,MAC-KD5,1
11549046,26070302500770ZVD3A2OJFC-01,MAC-KD5,MAC-KD5,1
11549046,26070302500770ZVD3A2OJFC-02,MAC-KD5,MAC-KD5,1
11549046,26070302500770ZVD3A2OJFC-DO,MAC-KD5,MAC-KD5,1
11549046,26070302504246FD11G4ZK-01,MAC-KD5,MAC-KD5,1
11549046,26070302504246FD11G4ZK-DO,MAC-KD5,MAC-KD5,1
11549046,26070302504246HA5TWS1AR-01,MAC-KD5,MAC-KD5,1
11549046,26070302504246HA5TWS1AR-DO,MAC-KD5,MAC-KD5,1
11549046,260703025333734M9IDPIVM-01,MAC-KD5,MAC-KD5,1
11549046,260703025333734M9IDPIVM-DO,MAC-KD5,MAC-KD5,1
11549046,26070302533373DC9T9XP7ZC-01,MAC-KD5,MAC-KD5,1
11549046,26070302533373DC9T9XP7ZC-DO,MAC-KD5,MAC-KD5,1
11549046,26070302542480RTP2W16EW-01,MAC-KD5,MAC-KD5,1
11549046,26070302542480RTP2W16EW-DO,MAC-KD5,MAC-KD5,1
11549046,26070302553006HN1B4K0VE-01,MAC-KM5,MAC-KM5,1
11549046,26070302553006HN1B4K0VE-DO,MAC-KM5,MAC-KM5,1
11549046,26070302553343E3OK7X1SR-01,MAC-CB5,MAC-CB5,1
11549046,26070302553343E3OK7X1SR-DO,MAC-CB5,MAC-CB5,1
11549046,260703025556365CB5VI4WN-01,MAC-CP5,MAC-CP5,1
11549046,260703025556365CB5VI4WN-DO,MAC-CP5,MAC-CP5,1
11549046,26070302573205HLFBIPRK2-01,MAC-CB5,MAC-CB5,1
11549046,26070302573205HLFBIPRK2-DO,MAC-CB5,MAC-CB5,1
11549046,26070302580225HW398QMT0-01,MAC-KD5,MAC-KD5,1
11549046,26070302580225HW398QMT0-DO,MAC-KD5,MAC-KD5,1
11549046,26070302585962174UI4ZMIZ-01,MAC-KD5,MAC-KD5,1
11549046,26070302585962174UI4ZMIZ-02,MAC-KD5,MAC-KD5,1
11549046,26070302585962174UI4ZMIZ-DO,MAC-KD5,MAC-KD5,1
11549046,26070302585962C4N7NHGAY-01,MAC-KD5,MAC-KD5,1
11549046,26070302585962C4N7NHGAY-DO,MAC-KD5,MAC-KD5,1
11549046,260703025949449HA5GLSQ3K-01,MAC-KM5,MAC-KM5,1
11549046,260703025949449HA5GLSQ3K-DO,MAC-KM5,MAC-KM5,1
11549046,26070302594944KIYXKKPON-01,MAC-KM5,MAC-KM5,1
11549046,26070302594944KIYXKKPON-DO,MAC-KM5,MAC-KM5,1
11549046,26070303000811I0CI3IHPZ-01,MAC-KM5,MAC-KM5,1
11549046,26070303000811I0CI3IHPZ-DO,MAC-KM5,MAC-KM5,1
11549046,260703030225515BXSXVSVB-01,MAC-KM5,MAC-KM5,1
11549046,260703030225515BXSXVSVB-DO,MAC-KM5,MAC-KM5,1
11549046,260703030225523EVCOURRUB-01,MAC-KM5,MAC-KM5,1
11549046,260703030225523EVCOURRUB-DO,MAC-KM5,MAC-KM5,1
11549046,26070303022552PYLB3BEBTM-01,MAC-KM5,MAC-KM5,1
11549046,26070303022552PYLB3BEBTM-02,MAC-KM5,MAC-KM5,1
11549046,26070303022552PYLB3BEBTM-DO,MAC-KM5,MAC-KM5,1
11549046,26070303022552YOF0RHMIGQ-01,MAC-KM5,MAC-KM5,1
11549046,26070303022552YOF0RHMIGQ-DO,MAC-KM5,MAC-KM5,1
11549046,26070303024779TTF2KJV-01,MAC-CB5,MAC-CB5,1
11549046,26070303024779TTF2KJV-DO,MAC-CB5,MAC-CB5,1
11549046,26070303024779X0W6MDWWZ1-01,MAC-CB5,MAC-CB5,1
11549046,26070303024779X0W6MDWWZ1-02,MAC-CB5,MAC-CB5,1
11549046,26070303024779X0W6MDWWZ1-DO,MAC-CB5,MAC-CB5,1
11549046,26070303032293ZDTMKOTFC-01,MAC-KD5,MAC-KD5,1
11549046,26070303032293ZDTMKOTFC-DO,MAC-KD5,MAC-KD5,1
11549046,260703030401900QDLDY1VAV-01,MAC-CP5,MAC-CP5,1
11549046,260703030401900QDLDY1VAV-DO,MAC-CP5,MAC-CP5,1
11549046,26070303040190J7ZIER4AM1-01,MAC-CP5,MAC-CP5,1
11549046,26070303040190J7ZIER4AM1-DO,MAC-CP5,MAC-CP5,1
11549046,26070303040190YK2ATPX0K-01,MAC-CP5,MAC-CP5,1
11549046,26070303040190YK2ATPX0K-DO,MAC-CP5,MAC-CP5,1
11549046,26070303041417BZPXJKGK8-01,MAC-KD5,MAC-KD5,1
11549046,26070303041417BZPXJKGK8-DO,MAC-KD5,MAC-KD5,1
11549046,26070303042858OQBZZUT-01,MAC-KD5,MAC-KD5,1
11549046,26070303042858OQBZZUT-DO,MAC-KD5,MAC-KD5,1
11549046,260703030521214C6IKCGY-01,MAC-KM5,MAC-KM5,1
11549046,260703030521214C6IKCGY-DO,MAC-KM5,MAC-KM5,1
11549046,26070303090792W6JR6YIDJ5-01,MAC-KD5,MAC-KD5,1
11549046,26070303090792W6JR6YIDJ5-DO,MAC-KD5,MAC-KD5,1
11549046,26070303090792XBNLGGRDI-01,MAC-KD5,MAC-KD5,1
11549046,26070303090792XBNLGGRDI-DO,MAC-KD5,MAC-KD5,1
11549046,260703030923105Y3SVP37B-01,MAC-KD5,MAC-KD5,1
11549046,260703030923105Y3SVP37B-DO,MAC-KD5,MAC-KD5,1
11549046,26070303092311OWG0KJ52ZO-01,MAC-KD5,MAC-KD5,1
11549046,26070303092311OWG0KJ52ZO-02,MAC-KD5,MAC-KD5,1
11549046,26070303092311OWG0KJ52ZO-DO,MAC-KD5,MAC-KD5,1
11549046,26070303124654B0JTGI1F-01,MAC-CB5,MAC-CB5,1
11549046,26070303124654B0JTGI1F-DO,MAC-CB5,MAC-CB5,1
11549046,26070303124654EJQRCGSJWQ-01,MAC-CB5,MAC-CB5,1
11549046,26070303124654EJQRCGSJWQ-DO,MAC-CB5,MAC-CB5,1
11549046,26070303124654T81UUVOC0H-01,MAC-CB5,MAC-CB5,1
11549046,26070303124654T81UUVOC0H-02,MAC-CB5,MAC-CB5,1
11549046,26070303124654T81UUVOC0H-DO,MAC-CB5,MAC-CB5,1
11549046,26070303124654XIW50FAO7U-01,MAC-CB5,MAC-CB5,1
11549046,26070303124654XIW50FAO7U-02,MAC-CB5,MAC-CB5,1
11549046,26070303124654XIW50FAO7U-DO,MAC-CB5,MAC-CB5,1
11549046,26070303124654XXUZWYNMZ-01,MAC-CB5,MAC-CB5,1
11549046,26070303124654XXUZWYNMZ-DO,MAC-CB5,MAC-CB5,1
11549046,26070303133102AHM83SMZE-01,MAC-CB5,MAC-CB5,1
11549046,26070303133102AHM83SMZE-DO,MAC-CB5,MAC-CB5,1
11549046,26070303133102E2GPBV1ZB-01,MAC-CB5,MAC-CB5,1
11549046,26070303133102E2GPBV1ZB-02,MAC-CB5,MAC-CB5,1
11549046,26070303133102E2GPBV1ZB-DO,MAC-CB5,MAC-CB5,1
11549046,260703031331039XYHWAWHU-01,MAC-CB5,MAC-CB5,1
11549046,260703031331039XYHWAWHU-DO,MAC-CB5,MAC-CB5,1
11549046,26070303133103DU9JBGPAX2-01,MAC-CB5,MAC-CB5,1
11549046,26070303133103DU9JBGPAX2-DO,MAC-CB5,MAC-CB5,1
11549046,26070303133103HUWWPSA4LI-01,MAC-CB5,MAC-CB5,1
11549046,26070303133103HUWWPSA4LI-02,MAC-CB5,MAC-CB5,1
11549046,26070303133103HUWWPSA4LI-DO,MAC-CB5,MAC-CB5,1
11549046,26070303133103SVTNLFHMT-01,MAC-CB5,MAC-CB5,1
11549046,26070303133103SVTNLFHMT-DO,MAC-CB5,MAC-CB5,1
11549046,260703031409417FVMVPN7Q-01,MAC-KD5,MAC-KD5,1
11549046,260703031409417FVMVPN7Q-DO,MAC-KD5,MAC-KD5,1
11549046,26070303140941LT8H0NT24-01,MAC-KD5,MAC-KD5,1
11549046,26070303140941LT8H0NT24-DO,MAC-KD5,MAC-KD5,1
11549046,26070303173298YVZPAL1TG-01,MAC-KM5,MAC-KM5,1
11549046,26070303173298YVZPAL1TG-DO,MAC-KM5,MAC-KM5,1
11549046,260703031757184K1FVRBFP-01,MAC-CB5,MAC-CB5,1
11549046,260703031757184K1FVRBFP-DO,MAC-CB5,MAC-CB5,1
11549046,26070303175718TVQ8GB8FR-01,MAC-CB5,MAC-CB5,1
11549046,26070303175718TVQ8GB8FR-DO,MAC-CB5,MAC-CB5,1
11549046,26070303190533MCGHB0L0H-01,MAC-CB5,MAC-CB5,1
11549046,26070303190533MCGHB0L0H-DO,MAC-CB5,MAC-CB5,1
11549046,26070303190688AG40NIHBE-01,MAC-CB5,MAC-CB5,1
11549046,26070303190688AG40NIHBE-DO,MAC-CB5,MAC-CB5,1
11549046,26070303190688LFVOIQ118I-01,MAC-CB5,MAC-CB5,1
11549046,26070303190688LFVOIQ118I-DO,,MAC-KD5,1
11549046,2607030319363467IC8MOOID-01,MAC-KD5,MAC-KD5,1
11549046,2607030319363467IC8MOOID-DO,MAC-KD5,MAC-KD5,1
11549046,260703031936348UORPH3TW-01,MAC-KD5,MAC-KD5,1
11549046,260703031936348UORPH3TW-DO,MAC-KD5,MAC-KD5,1
11549046,26070303193634EUJJMTN5PY-01,MAC-KD5,MAC-KD5,1
11549046,26070303193634EUJJMTN5PY-DO,MAC-KD5,MAC-KD5,1
11549046,26070303193634VEVOUYLICG-01,MAC-KD5,MAC-KD5,1
11549046,26070303193634VEVOUYLICG-DO,MAC-KD5,MAC-KD5,1
11549046,260703032016004SMDPKGWP-01,MAC-KD5,MAC-KD5,1
11549046,260703032016004SMDPKGWP-DO,,MAC-KD5,1
11549046,26070303201600BYNQNTZKLD-01,MAC-KD5,MAC-KD5,1
11549046,26070303201600BYNQNTZKLD-DO,,MAC-KD5,1
11549046,26070303201600S1VXBOTQFS-01,MAC-KD5,MAC-KD5,1
11549046,26070303201600S1VXBOTQFS-DO,,MAC-KD5,1
11549046,26070303231067QTMRHEGZL-01,MAC-KD5,MAC-KD5,1
11549046,26070303231067QTMRHEGZL-DO,MAC-KD5,MAC-KD5,1
11549046,26070303242355FBW7OB1SN-01,MAC-CB5,MAC-CB5,1
11549046,26070303242355FBW7OB1SN-DO,MAC-CB5,MAC-CB5,1
11549046,26070303264559GHZIDKQJQ-01,MAC-CB5,MAC-CB5,1
11549046,26070303264559GHZIDKQJQ-DO,MAC-CB5,MAC-CB5,1
11549046,26070303264559KYLPR14DRN-01,MAC-CB5,MAC-CB5,1
11549046,26070303264559KYLPR14DRN-DO,MAC-CB5,MAC-CB5,1
11549046,2607030327522958QT6V2N-01,MAC-KD5,MAC-KD5,1
11549046,2607030327522958QT6V2N-DO,MAC-KD5,MAC-KD5,1
11549046,26070303315389BVTBNQKIG-01,MAC-KD5,MAC-KD5,1
11549046,26070303315389BVTBNQKIG-DO,MAC-KD5,MAC-KD5,1
11549046,26070303315389FNYXO7ONKR-01,MAC-KD5,MAC-KD5,1
11549046,26070303315389FNYXO7ONKR-DO,MAC-KD5,MAC-KD5,1
11549046,26070303331817RQOIGVXBU-01,MAC-KD5,MAC-KD5,1
11549046,26070303331817RQOIGVXBU-DO,MAC-KD5,MAC-KD5,1
11549046,26070303372557ESMDXTC5I-01,MAC-KD5,MAC-KD5,1
11549046,26070303372557ESMDXTC5I-DO,MAC-KD5,MAC-KD5,1
11549046,26070303375483VZGRQYAIL-01,MAC-KD5,MAC-KD5,1
11549046,26070303375483VZGRQYAIL-DO,MAC-KD5,MAC-KD5,1
11549046,26070303400447CC2Y4KMTU-01,MAC-CP5,MAC-CP5,1
11549046,26070303400447CC2Y4KMTU-DO,MAC-CP5,MAC-CP5,1
11549046,26070303400447GEURRWJTZB-01,MAC-CP5,MAC-CP5,1
11549046,26070303400447GEURRWJTZB-DO,MAC-CP5,MAC-CP5,1
11549046,26070303411325NJXNVKEKV-01,MAC-KD5,MAC-KD5,1
11549046,26070303411325NJXNVKEKV-DO,MAC-KD5,MAC-KD5,1
11549046,26070303414702WCLWVS8ZX-01,MAC-CP5,MAC-CP5,1
11549046,26070303414702WCLWVS8ZX-DO,MAC-CP5,MAC-CP5,1
11549046,260703034242490DJLGECMW-01,MAC-CB5,MAC-CB5,1
11549046,260703034242490DJLGECMW-DO,MAC-CB5,MAC-CB5,1
11549046,26070303424249BN4SOTLOO-01,MAC-CB5,MAC-CB5,1
11549046,26070303424249BN4SOTLOO-DO,MAC-CB5,MAC-CB5,1
11549046,26070303424249KSSWZDKIVQ-01,MAC-CB5,MAC-CB5,1
11549046,26070303424249KSSWZDKIVQ-DO,MAC-CB5,MAC-CB5,1
11549046,26070303424249SSEXCLVWAK-01,MAC-CB5,MAC-CB5,1
11549046,26070303424249SSEXCLVWAK-DO,MAC-CB5,MAC-CB5,1
11549046,26070303432251MRBKSMAJWK-01,MAC-CB5,MAC-CB5,1
11549046,26070303432251MRBKSMAJWK-DO,MAC-CB5,MAC-CB5,1
11549046,26070303432251RVDSLPVK-01,MAC-CB5,MAC-CB5,1
11549046,26070303432251RVDSLPVK-DO,MAC-CB5,MAC-CB5,1
11549046,26070303433531L0Q8BMFR3-01,MAC-CP5,MAC-CP5,1
11549046,26070303433531L0Q8BMFR3-DO,MAC-CP5,MAC-CP5,1
11549046,260703034348346ZDQUSHPQ-01,MAC-KD5,MAC-KD5,1
11549046,260703034348346ZDQUSHPQ-DO,,MAC-KD5,1
11549046,26070303445906YSX4RIDHH-01,MAC-KD5,MAC-KD5,1
11549046,26070303445906YSX4RIDHH-DO,MAC-KD5,MAC-KD5,1
11549046,26070303454900XSB63T2CU-01,MAC-KD5,MAC-KD5,1
11549046,26070303454900XSB63T2CU-DO,MAC-KD5,MAC-KD5,1
11549046,26070303491141WEXAOKLP-01,MAC-KM5,MAC-KM5,1
11549046,26070303491141WEXAOKLP-DO,MAC-KM5,MAC-KM5,1
11549046,26070303492065TBLVL7EH1-01,MAC-KD5,MAC-KD5,1
11549046,26070303492065TBLVL7EH1-DO,MAC-KD5,MAC-KD5,1
11549046,26070303492065XFB2BZWA7K-01,MAC-KD5,MAC-KD5,1
11549046,26070303492065XFB2BZWA7K-DO,MAC-KD5,MAC-KD5,1
11549046,26070303493282W2XSNNIKX-01,MAC-KD5,MAC-KD5,1
11549046,26070303493282W2XSNNIKX-DO,MAC-KD5,MAC-KD5,1
11549046,26070303493412NGTQFTAHDC-01,MAC-KD5,MAC-KD5,1
11549046,26070303493412NGTQFTAHDC-02,MAC-KD5,MAC-KD5,1
11549046,26070303493412NGTQFTAHDC-DO,MAC-KD5,MAC-KD5,1
11549046,26070303493412VWMM36D0-01,MAC-KD5,MAC-KD5,1
11549046,26070303493412VWMM36D0-DO,MAC-KD5,MAC-KD5,1
11549046,260703035228117BV9BP5CJ-01,MAC-CP5,MAC-CP5,1
11549046,260703035228117BV9BP5CJ-DO,MAC-CP5,MAC-CP5,1
11549046,26070303522811BLAWERAXXV-01,MAC-CP5,MAC-CP5,1
11549046,26070303522811BLAWERAXXV-DO,MAC-CP5,MAC-CP5,1
11549046,26070303523607TES25WF31-01,MAC-KD5,MAC-KD5,1
11549046,26070303523607TES25WF31-DO,MAC-KD5,MAC-KD5,1
11549046,26070303523607VGSG4B7FH-01,MAC-KD5,MAC-KD5,1
11549046,26070303523607VGSG4B7FH-DO,MAC-KD5,MAC-KD5,1
11549046,260703035320965DQGRQ2S3-01,MAC-KD5,MAC-KD5,1
11549046,260703035320965DQGRQ2S3-DO,MAC-KD5,MAC-KD5,1
11549046,26070303532096VLL0NBIIZM-01,MAC-KD5,MAC-KD5,1
11549046,26070303532096VLL0NBIIZM-DO,MAC-KD5,MAC-KD5,1
11549046,26070303532419SCXOVOFG-01,MAC-KD5,MAC-KD5,1
11549046,26070303532419SCXOVOFG-DO,MAC-KD5,MAC-KD5,1
11549046,26070303532419ZM1ZFQMGSO-01,MAC-KD5,MAC-KD5,1
11549046,26070303532419ZM1ZFQMGSO-DO,MAC-KD5,MAC-KD5,1
11549046,26070303550823FLIJVRL-01,MAC-KD5,MAC-KD5,1
11549046,26070303550823FLIJVRL-DO,MAC-KD5,MAC-KD5,1
11549046,260703035508633ZXIQ98MQ-01,MAC-CB5,MAC-CB5,1
11549046,260703035508633ZXIQ98MQ-DO,MAC-CB5,MAC-CB5,1
11549046,26070303550863ULUQ6QBUBH-01,MAC-CB5,MAC-CB5,1
11549046,26070303550863ULUQ6QBUBH-DO,MAC-CB5,MAC-CB5,1
11549046,26070303553659PXB7IOQUTW-01,MAC-CB5,MAC-CB5,1
11549046,26070303553659PXB7IOQUTW-DO,MAC-CB5,MAC-CB5,1
11549046,26070303553659WYDHUV0VI-01,MAC-CB5,MAC-CB5,1
11549046,26070303553659WYDHUV0VI-DO,MAC-CB5,MAC-CB5,1
11549046,26070303562309ELJUX6UHVY-01,MAC-CB5,MAC-CB5,1
11549046,26070303562309ELJUX6UHVY-DO,MAC-CB5,MAC-CB5,1
11549046,26070303562309Y7A545CXS-01,MAC-CB5,MAC-CB5,1
11549046,26070303562309Y7A545CXS-DO,MAC-CB5,MAC-CB5,1
11549046,26070303574871B9B4GP573-01,MAC-CB5,MAC-CB5,1
11549046,26070303574871B9B4GP573-02,MAC-CB5,MAC-CB5,1
11549046,26070303574871B9B4GP573-DO,MAC-CB5,MAC-CB5,1
11549046,26070303574871BLGNJBKCDQ-01,MAC-CB5,MAC-CB5,1
11549046,26070303574871BLGNJBKCDQ-DO,MAC-CB5,MAC-CB5,1
11549046,26070303574871KHTBDKBZ-01,MAC-CB5,MAC-CB5,1
11549046,26070303574871KHTBDKBZ-DO,MAC-CB5,MAC-CB5,1
11549046,26070303574871S77HKJNHAM-01,MAC-CB5,MAC-CB5,1
11549046,26070303574871S77HKJNHAM-02,MAC-CB5,MAC-CB5,1
11549046,26070303574871S77HKJNHAM-DO,MAC-CB5,MAC-CB5,1
11549046,260703035811446GYKTG01FW-01,MAC-KD5,MAC-KD5,1
11549046,260703035811446GYKTG01FW-DO,MAC-KD5,MAC-KD5,1
11549046,26070303581144FP0EKE6RL-01,MAC-KD5,MAC-KD5,1
11549046,26070303581144FP0EKE6RL-DO,MAC-KD5,MAC-KD5,1
11549046,26070303584242P3AEGVQWXK-01,MAC-KD5,MAC-KD5,1
11549046,26070303584242P3AEGVQWXK-DO,,MAC-KD5,1
11549046,26070303584242WBGNRSDB-01,MAC-KD5,MAC-KD5,1
11549046,26070303584242WBGNRSDB-DO,,MAC-KD5,1
11549046,26070303584970RUQLMZ4UZ-01,MAC-KD5,MAC-KD5,1
11549046,26070303584970RUQLMZ4UZ-DO,MAC-KD5,MAC-KD5,1
11549046,26070303591986DSTYXAOUHA-01,MAC-CB5,MAC-CB5,1
11549046,26070303591986DSTYXAOUHA-DO,MAC-CB5,MAC-CB5,1
11549046,26070303591986II1FJXKE-01,MAC-CB5,MAC-CB5,1
11549046,26070303591986II1FJXKE-DO,MAC-CB5,MAC-CB5,1
11549046,26070303592336Q5BRXAMF8-01,MAC-KD5,MAC-KD5,1
11549046,26070303592336Q5BRXAMF8-DO,MAC-KD5,MAC-KD5,1
11549046,26070303592336T9HD7WZLQH-01,MAC-KD5,MAC-KD5,1
11549046,26070303592336T9HD7WZLQH-DO,MAC-KD5,MAC-KD5,1
11549046,26070303592336V85V1IX4PX-01,MAC-KD5,MAC-KD5,1
11549046,26070303592336V85V1IX4PX-DO,MAC-KD5,MAC-KD5,1
11549046,26070303592720FFRLBIN0S-01,MAC-KM5,MAC-KM5,1
11549046,26070303592720FFRLBIN0S-DO,MAC-KM5,MAC-KM5,1
11549046,260703035942471L3UCP6GI-01,MAC-KD5,MAC-KD5,1
11549046,260703035942471L3UCP6GI-DO,MAC-KD5,MAC-KD5,1
11549046,26070303594247JGZOMRVRB-01,MAC-KD5,MAC-KD5,1
11549046,26070303594247JGZOMRVRB-DO,MAC-KD5,MAC-KD5,1
11549046,26070304011812OUQOE296N-01,MAC-KD5,MAC-KD5,1
11549046,26070304011812OUQOE296N-DO,MAC-KD5,MAC-KD5,1
11549046,26070304015054OLBLBFIZ6-01,MAC-KD5,MAC-KD5,1
11549046,26070304015054OLBLBFIZ6-DO,MAC-KD5,MAC-KD5,1
11549046,26070304015054WY4338ZBMB-01,MAC-KD5,MAC-KD5,1
11549046,26070304015054WY4338ZBMB-DO,MAC-KD5,MAC-KD5,1
11549046,26070304015694KZJX6UXM-01,MAC-CB5,MAC-CB5,1
11549046,26070304015694KZJX6UXM-DO,MAC-CB5,MAC-CB5,1
11549046,26070304020065TLRT5HF3M-01,MAC-CP5,MAC-CP5,1
11549046,26070304020065TLRT5HF3M-DO,MAC-CP5,MAC-CP5,1
11549046,26070304021734YLSXLLVTG-01,MAC-KD5,MAC-KD5,1
11549046,26070304021734YLSXLLVTG-DO,,MAC-KD5,1
11549046,260703040340657SE58WJE6H-01,MAC-KD5,MAC-KD5,1
11549046,260703040340657SE58WJE6H-DO,MAC-KD5,MAC-KD5,1
11549046,26070304034065O58IY3BCL-01,MAC-KD5,MAC-KD5,1
11549046,26070304034065O58IY3BCL-DO,MAC-KD5,MAC-KD5,1
11549046,26070304083578VLVOJQN5Q-01,MAC-KD5,MAC-KD5,1
11549046,26070304083578VLVOJQN5Q-02,MAC-KD5,MAC-KD5,1
11549046,26070304083578VLVOJQN5Q-DO,,MAC-KD5,1
11549046,26070304092978QRHZZGYI-01,MAC-KM5,MAC-KM5,1
11549046,26070304092978QRHZZGYI-DO,MAC-KM5,MAC-KM5,1
11549046,26070304274127MBIUGWZQM-01,MAC-CB5,MAC-CB5,1
11549046,26070304274127MBIUGWZQM-DO,MAC-CB5,MAC-CB5,1
11549046,260703042947902FDW7XDDYL-01,MAC-KD5,MAC-KD5,1
11549046,260703042947902FDW7XDDYL-DO,,MAC-KD5,1
11549046,26070304294790XRQGOXV2-01,MAC-KD5,MAC-KD5,1
11549046,26070304294790XRQGOXV2-DO,,MAC-KD5,1
11549046,26070304295376B5STGHLTA-01,MAC-KM5,MAC-KM5,1
11549046,26070304295376B5STGHLTA-DO,MAC-KM5,MAC-KM5,1
11549046,26070304295376ISF1SMUKEM-01,MAC-KM5,MAC-KM5,1
11549046,26070304295376ISF1SMUKEM-02,MAC-KM5,MAC-KM5,1
11549046,26070304295376ISF1SMUKEM-DO,MAC-KM5,MAC-KM5,1
11549046,26070304325569GXJFWPJ0-01,MAC-KD5,MAC-KD5,1
11549046,26070304325569GXJFWPJ0-DO,MAC-KD5,MAC-KD5,1
11549046,26070304325569NFZ40WGHH-01,MAC-KD5,MAC-KD5,1
11549046,26070304325569NFZ40WGHH-DO,MAC-KD5,MAC-KD5,1
11549046,26070304384354BAZRACOXG-01,MAC-KD5,MAC-KD5,1
11549046,26070304384354BAZRACOXG-DO,,MAC-KD5,1
11549046,26070304555032BENXNFVX-01,MAC-KM5,MAC-KM5,1
11549046,26070304555032BENXNFVX-02,MAC-KM5,MAC-KM5,1
11549046,26070304555032BENXNFVX-DO,MAC-KM5,MAC-KM5,1
11549046,26070304594183T01BRWY7Y-01,MAC-CP5,MAC-CP5,1
11549046,26070304594183T01BRWY7Y-02,MAC-CP5,MAC-CP5,1
11549046,26070304594183T01BRWY7Y-DO,MAC-CP5,MAC-CP5,1
11549046,26070305203479ZTHCSJB9T-01,MAC-CP5,MAC-CP5,1
11549046,26070305203479ZTHCSJB9T-02,MAC-CP5,MAC-CP5,1
11549046,26070305203479ZTHCSJB9T-DO,MAC-CP5,MAC-CP5,1
11549046,26070305262085TQ8NPYZ4-01,MAC-KD5,MAC-KD5,1
11549046,26070305262085TQ8NPYZ4-DO,MAC-KD5,MAC-KD5,1
11549046,26070305270697URC4B5BD-01,MAC-KM5,MAC-KM5,1
11549046,26070305270697URC4B5BD-DO,MAC-KM5,MAC-KM5,1
11549046,26070305270697XHQKCBPMZS-01,MAC-KM5,MAC-KM5,1
11549046,26070305270697XHQKCBPMZS-DO,MAC-KM5,MAC-KM5,1
11549046,26070305291811A32NUVTZJG-01,MAC-KD5,MAC-KD5,1
11549046,26070305291811A32NUVTZJG-DO,MAC-KD5,MAC-KD5,1
11549046,26070305291811LXYNNU7WF-01,MAC-KD5,MAC-KD5,1
11549046,26070305291811LXYNNU7WF-DO,MAC-KD5,MAC-KD5,1
11549046,26070305322453MG88RHI37-01,MAC-CP5,MAC-CP5,1
11549046,26070305322453MG88RHI37-DO,MAC-CP5,MAC-CP5,1
11549046,26070305354139825K2UKMHS-01,MAC-KD5,MAC-KD5,1
11549046,26070305354139825K2UKMHS-DO,MAC-KD5,MAC-KD5,1
11549046,26070305354139NFJNEQNJ-01,MAC-KD5,MAC-KD5,1
11549046,26070305354139NFJNEQNJ-DO,MAC-KD5,MAC-KD5,1
11549046,26070305482554BKFH6LNLR-01,MAC-KM5,MAC-KM5,1
11549046,26070305482554BKFH6LNLR-DO,MAC-KM5,MAC-KM5,1
11549046,26070305482554IVCKJAWKJY-01,MAC-KM5,MAC-KM5,1
11549046,26070305482554IVCKJAWKJY-DO,MAC-KM5,MAC-KM5,1
11549046,26070305482554T7UZVUQL1J-01,MAC-KM5,MAC-KM5,1
11549046,26070305482554T7UZVUQL1J-DO,MAC-KM5,MAC-KM5,1
11549046,26070306021543ABPDYKKH-01,MAC-CB5,MAC-CB5,1
11549046,26070306021543ABPDYKKH-DO,MAC-CB5,MAC-CB5,1
11549046,26070306045566FVDYYXDS7-01,MAC-KM5,MAC-KM5,1
11549046,26070306045566FVDYYXDS7-DO,MAC-KM5,MAC-KM5,1
11549046,26070306045566GNGCVRWQCE-01,MAC-KM5,MAC-KM5,1
11549046,26070306045566GNGCVRWQCE-DO,MAC-KM5,MAC-KM5,1
11549046,26070306082350DOQEBGOS8-01,MAC-KD5,MAC-KD5,1
11549046,26070306082350DOQEBGOS8-DO,MAC-KD5,MAC-KD5,1
11549046,26070306091723C5RC9XFWI-01,MAC-CP5,MAC-CP5,1
11549046,26070306091723C5RC9XFWI-DO,MAC-CP5,MAC-CP5,1
11549046,2607030610546123INKBVEB-01,MAC-KD5,MAC-KD5,1
11549046,2607030610546123INKBVEB-DO,MAC-KD5,MAC-KD5,1
11549046,26070306105461QHB1PTUC32-01,MAC-KD5,MAC-KD5,1
11549046,26070306105461QHB1PTUC32-DO,MAC-KD5,MAC-KD5,1
11549046,26070306110322OWDGASUGN6-01,MAC-KM5,MAC-KM5,1
11549046,26070306110322OWDGASUGN6-DO,MAC-KM5,MAC-KM5,1
11549046,26070306110322Z6JRBBNDB-01,MAC-KM5,MAC-KM5,1
11549046,26070306110322Z6JRBBNDB-DO,MAC-KM5,MAC-KM5,1
11549046,26070306122787J1AD6VJJ-01,MAC-CP5,MAC-CP5,1
11549046,26070306122787J1AD6VJJ-DO,MAC-CP5,MAC-CP5,1
11549046,26070306122787UYP0TOBV3V-01,MAC-CP5,MAC-CP5,1
11549046,26070306122787UYP0TOBV3V-DO,MAC-CP5,MAC-CP5,1
11549046,26070306183641FQDQVALPE-01,MAC-KD5,MAC-KD5,1
11549046,26070306183641FQDQVALPE-DO,MAC-KD5,MAC-KD5,1
11549046,26070306183641GUBJIE7OVB-01,MAC-KD5,MAC-KD5,1
11549046,26070306183641GUBJIE7OVB-DO,MAC-KD5,MAC-KD5,1
11549046,26070306183641R16VLRD-01,MAC-KD5,MAC-KD5,1
11549046,26070306183641R16VLRD-DO,MAC-KD5,MAC-KD5,1
11549046,260703061912812ESKUHIUK-01,MAC-CB5,MAC-CB5,1
11549046,260703061912812ESKUHIUK-DO,MAC-CB5,MAC-CB5,1
11549046,26070306335640GNIEC8UV-01,MAC-CB5,MAC-CB5,1
11549046,26070306335640GNIEC8UV-DO,MAC-CB5,MAC-CB5,1
11549046,26070306335640OY0CWRCHC-01,MAC-CB5,MAC-CB5,1
11549046,26070306335640OY0CWRCHC-DO,MAC-CB5,MAC-CB5,1
11549046,26070306374756UKQM5P5A1-01,MAC-KM5,MAC-KM5,1
11549046,26070306374756UKQM5P5A1-DO,MAC-KM5,MAC-KM5,1
11549046,26070306390990YDOX9JYVP-01,MAC-KM5,MAC-KM5,1
11549046,26070306390990YDOX9JYVP-DO,MAC-KM5,MAC-KD5,1
11549046,26070306443776BC5OXYBXLH-01,MAC-KD5,MAC-KD5,1
11549046,26070306443776BC5OXYBXLH-DO,MAC-KD5,MAC-KD5,1
11549046,26070306443776NNC8PWQUT-01,MAC-KD5,MAC-KD5,1
11549046,26070306443776NNC8PWQUT-DO,MAC-KD5,MAC-KD5,1
11549046,26070306443776TUUNMUNKB0-01,MAC-KD5,MAC-KD5,1
11549046,26070306443776TUUNMUNKB0-DO,MAC-KD5,MAC-KD5,1
11549046,26070306482550REC5WC0CW-01,MAC-KD5,MAC-KD5,1
11549046,26070306482550REC5WC0CW-DO,MAC-KD5,MAC-KD5,1
11549046,260703064934693MM3C0DRU-01,MAC-KD5,MAC-KD5,1
11549046,260703064934693MM3C0DRU-DO,MAC-KD5,MAC-KD5,1
11549046,26070306493469ZG6IGJOS4Y-01,MAC-KD5,MAC-KD5,1
11549046,26070306493469ZG6IGJOS4Y-DO,MAC-KD5,MAC-KD5,1
11549046,26070307001273J9TVTTCUQ-01,MAC-KD5,MAC-KD5,1
11549046,26070307001273J9TVTTCUQ-DO,MAC-KD5,MAC-KD5,1
11549046,26070307111628O8DYHOJHZ-01,MAC-CB5,MAC-CB5,1
11549046,26070307111628O8DYHOJHZ-DO,MAC-CB5,MAC-CB5,1
11549046,26070307112425IICPYJMSG-01,MAC-CB5,MAC-CB5,1
11549046,26070307112425IICPYJMSG-DO,MAC-CB5,MAC-CB5,1
11549046,26070307112828C541UO8VA-01,MAC-KD5,MAC-KD5,1
11549046,26070307112828C541UO8VA-DO,MAC-KD5,MAC-KD5,1
11549046,26070307122053QXIIHHYNW-01,MAC-KD5,MAC-KD5,1
11549046,26070307122053QXIIHHYNW-DO,MAC-KD5,MAC-KD5,1
11549046,26070307122053RGXUSXRX2Z-01,MAC-KD5,MAC-KD5,1
11549046,26070307122053RGXUSXRX2Z-02,MAC-KD5,MAC-KD5,1
11549046,26070307122053RGXUSXRX2Z-DO,MAC-KD5,MAC-KD5,1
11549046,26070307242493CYF8SXRB-01,MAC-CB5,MAC-CB5,1
11549046,26070307242493CYF8SXRB-DO,MAC-CB5,MAC-CB5,1
11549046,26070307242493FPQTG3KNX-01,MAC-CB5,MAC-CB5,1
11549046,26070307242493FPQTG3KNX-02,MAC-CB5,MAC-CB5,1
11549046,26070307242493FPQTG3KNX-03,MAC-CB5,MAC-CB5,1
11549046,26070307242493FPQTG3KNX-04,MAC-CB5,MAC-CB5,1
11549046,26070307242493FPQTG3KNX-05,MAC-CB5,MAC-CB5,1
11549046,26070307242493FPQTG3KNX-06,MAC-CB5,MAC-CB5,1
11549046,26070307242493FPQTG3KNX-DO,MAC-CB5,MAC-CB5,1
11549046,26070307264551XDXMVYTP-01,MAC-KM5,MAC-KM5,1
11549046,26070307264551XDXMVYTP-DO,MAC-KM5,MAC-KM5,1
11549046,26070307264552KXI2FPL6UI-01,MAC-KM5,MAC-KM5,1
11549046,26070307264552KXI2FPL6UI-DO,MAC-KM5,MAC-KM5,1
11549046,26070307284769DSVJNCKDP-01,MAC-KM5,MAC-KM5,1
11549046,26070307284769DSVJNCKDP-DO,MAC-KM5,MAC-KM5,1
11549046,26070307451463GKLYOKTAP-01,MAC-CB5,MAC-CB5,1
11549046,26070307451463GKLYOKTAP-DO,MAC-CB5,MAC-CB5,1
11549046,26070307451463NVPZKLIVP-01,MAC-CB5,MAC-CB5,1
11549046,26070307451463NVPZKLIVP-DO,MAC-CB5,MAC-CB5,1
11549046,26070307451464P09BOZZQ-01,MAC-CB5,MAC-CB5,1
11549046,26070307451464P09BOZZQ-DO,MAC-CB5,MAC-CB5,1
11549046,260703074836918SJVHIYS0-01,MAC-KD5,MAC-KD5,1
11549046,260703074836918SJVHIYS0-DO,,MAC-KD5,1
11549046,260703083535775NNPUXFXN-01,MAC-KD5,MAC-KD5,1
11549046,260703083535775NNPUXFXN-02,MAC-KD5,MAC-KD5,1
11549046,260703083535775NNPUXFXN-DO,,MAC-KD5,1
11549046,260703083535777JAW4GVZ-01,MAC-KD5,MAC-KD5,1
11549046,260703083535777JAW4GVZ-DO,,MAC-KD5,1
11549046,26070308354891WISGZANL-01,MAC-KD5,MAC-KD5,1
11549046,26070308354891WISGZANL-DO,MAC-KD5,MAC-KD5,1
11549046,26070308403802YBPCFDYP-01,MAC-KD5,MAC-KD5,1
11549046,26070308403802YBPCFDYP-DO,MAC-KD5,MAC-KD5,1
11549046,26070308482471ROOEWVQVD-01,MAC-KD5,MAC-KD5,1
11549046,26070308482471ROOEWVQVD-DO,MAC-KD5,MAC-KD5,1
11549046,260703085007762YTVTLXFN7-01,MAC-CB5,MAC-CB5,1
11549046,260703085007762YTVTLXFN7-DO,MAC-CB5,MAC-CB5,1
11549046,26070308500776DOAW3TSRW-01,MAC-CB5,MAC-CB5,1
11549046,26070308500776DOAW3TSRW-DO,MAC-CB5,MAC-CB5,1
11549046,26070308500776WI1J7Y2MNZ-01,MAC-CB5,MAC-CB5,1
11549046,26070308500776WI1J7Y2MNZ-DO,MAC-CB5,MAC-CB5,1
11549046,26070309011286E0AQ47ZVA-01,MAC-KD5,MAC-KD5,1
11549046,26070309011286E0AQ47ZVA-DO,,MAC-KD5,1
11549046,260703090310385QJT3YJGRQ-01,MAC-KD5,MAC-KD5,1
11549046,260703090310385QJT3YJGRQ-DO,,MAC-KD5,1
11549046,26070309031038ZE7NEHP4A-01,MAC-KD5,MAC-KD5,1
11549046,26070309031038ZE7NEHP4A-DO,,MAC-KD5,1
11549046,26070309050769L6LIBQYRN-01,MAC-KD5,MAC-KD5,1
11549046,26070309050769L6LIBQYRN-DO,,MAC-KD5,1
11549046,26070309240220PUFMMJSXNM-01,MAC-KM5,MAC-KM5,1
11549046,26070309240220PUFMMJSXNM-DO,MAC-KM5,MAC-KM5,1
11549046,26070309240220ZFF86CI3Q-01,MAC-KM5,MAC-KM5,1
11549046,26070309240220ZFF86CI3Q-DO,MAC-KM5,MAC-KM5,1
11549046,260703093101574QJ8Y2BBE-01,MAC-CB5,MAC-CB5,1
11549046,260703093101574QJ8Y2BBE-DO,MAC-CB5,MAC-CB5,1
11549046,26070309314327SEBL1NXES-01,MAC-KM5,MAC-KM5,1
11549046,26070309314327SEBL1NXES-DO,MAC-KM5,MAC-KM5,1
11549046,26070309343034MJXPXLIIH-01,MAC-KD5,MAC-KD5,1
11549046,26070309343034MJXPXLIIH-DO,MAC-KD5,MAC-KD5,1
11549046,26070309343034SO9BNAF89Y-01,MAC-KD5,MAC-KD5,1
11549046,26070309343034SO9BNAF89Y-DO,MAC-KD5,MAC-KD5,1
11549046,26070309413045VYIXOWDI0-01,MAC-KD5,MAC-KD5,1
11549046,26070309413045VYIXOWDI0-DO,MAC-KD5,MAC-KD5,1
11549046,26070309421422ZI1NI9RTC-01,MAC-CP5,MAC-CP5,1
11549046,26070309421422ZI1NI9RTC-DO,MAC-CP5,MAC-CP5,1
11549046,26070309421423DYEM0F9OOO-01,MAC-CP5,MAC-CP5,1
11549046,26070309421423DYEM0F9OOO-DO,MAC-CP5,MAC-CP5,1
11549046,26070309551600I0LOLZHB5-01,MAC-KD5,MAC-KD5,1
11549046,26070309551600I0LOLZHB5-DO,MAC-KD5,MAC-KD5,1
11549046,26070309551600KUJ6WSM7J1-01,MAC-KD5,MAC-KD5,1
11549046,26070309551600KUJ6WSM7J1-DO,MAC-KD5,MAC-KD5,1
11549046,26070309551600X1IT4WCXV2-01,MAC-KD5,MAC-KD5,1
11549046,26070309551600X1IT4WCXV2-DO,MAC-KD5,MAC-KD5,1
11549046,26070309585910E9PGQW8EGX-01,MAC-KD5,MAC-KD5,1
11549046,26070309585910E9PGQW8EGX-DO,MAC-KD5,MAC-KD5,1
11549046,26070309585910EVBUSU7Q-01,MAC-KD5,MAC-KD5,1
11549046,26070309585910EVBUSU7Q-DO,MAC-KD5,MAC-KD5,1
11549046,26070309591465JO1PAX2P-01,MAC-KD5,MAC-KD5,1
11549046,26070309591465JO1PAX2P-DO,MAC-KD5,MAC-KD5,1
11549046,26070310044236MJCTC4EDF-01,MAC-CB5,MAC-CB5,1
11549046,26070310044236MJCTC4EDF-DO,MAC-CB5,MAC-CB5,1
11549046,26070310051425V9DDH4N16-01,MAC-KD5,MAC-KD5,1
11549046,26070310051425V9DDH4N16-DO,MAC-KD5,MAC-KD5,1
11549046,26070310181993CJCNWWTOU-01,MAC-KD5,MAC-KD5,1
11549046,26070310181993CJCNWWTOU-DO,,MAC-KD5,1
11549046,26070310181993FXYGZKPWZZ-01,MAC-KD5,MAC-KD5,1
11549046,26070310181993FXYGZKPWZZ-DO,,MAC-KD5,1
11549046,26070310210650W2SPDQ0DWM-01,MAC-KD5,MAC-KD5,1
11549046,26070310210650W2SPDQ0DWM-DO,MAC-KD5,MAC-KD5,1
11549046,26070310210650XA7ZKPIRL-01,MAC-KD5,MAC-KD5,1
11549046,26070310210650XA7ZKPIRL-DO,MAC-KD5,MAC-KD5,1
11549046,26070310330566PRSWO7Y8O-01,MAC-KM5,MAC-KM5,1
11549046,26070310330566PRSWO7Y8O-DO,MAC-KM5,MAC-KM5,1
11549046,260703104020337QOUUHTWRC-01,MAC-KM5,MAC-KM5,1
11549046,260703104020337QOUUHTWRC-DO,MAC-KM5,MAC-KM5,1
11549046,26070310402033EZ6X4GXLB-01,MAC-KM5,MAC-KM5,1
11549046,26070310402033EZ6X4GXLB-DO,MAC-KM5,MAC-KM5,1
11549046,26070310402033XMALGX5YUF-01,MAC-KM5,MAC-KM5,1
11549046,26070310402033XMALGX5YUF-DO,MAC-KM5,MAC-KM5,1
11549046,26070310470700CUW4DTFQ-01,MAC-KD5,MAC-KD5,1
11549046,26070310470700CUW4DTFQ-DO,,MAC-KD5,1
11549046,26070311063375DAG3QNI1L-01,MAC-KD5,MAC-KD5,1
11549046,26070311063375DAG3QNI1L-DO,MAC-KD5,MAC-KD5,1
11549046,26070311063375JDIJEVCW0-01,MAC-KD5,MAC-KD5,1
11549046,26070311063375JDIJEVCW0-DO,MAC-KD5,MAC-KD5,1
11549046,26070311074762NB0M0HKYM-01,MAC-KM5,MAC-KM5,1
11549046,26070311074762NB0M0HKYM-DO,MAC-KM5,MAC-KM5,1
11549046,26070311074762SECR6KJ9RJ-01,MAC-KM5,MAC-KM5,1
11549046,26070311074762SECR6KJ9RJ-DO,MAC-KM5,MAC-KM5,1
11549046,26070311081470ZXLH7G6DE-01,MAC-KD5,MAC-KD5,1
11549046,26070311081470ZXLH7G6DE-DO,MAC-KD5,MAC-KD5,1
11549046,26070311190021NZ0PA8VXT-01,MAC-CB5,MAC-CB5,1
11549046,26070311190021NZ0PA8VXT-DO,,MAC-KD5,1
11549046,260703120107991TEAABZM0-01,MAC-KM5,MAC-KM5,1
11549046,260703120107991TEAABZM0-DO,MAC-KM5,MAC-KM5,1
11549046,260703121938838AGTNH8CI-01,MAC-KD5,MAC-KD5,1
11549046,260703121938838AGTNH8CI-DO,MAC-KD5,MAC-KD5,1
11549046,26070312193883M8MG418JB-01,MAC-KD5,MAC-KD5,1
11549046,26070312193883M8MG418JB-DO,MAC-KD5,MAC-KD5,1
11549046,260703121940520XWXFWNNX-01,MAC-CB5,MAC-CB5,1
11549046,260703121940520XWXFWNNX-DO,MAC-CB5,MAC-CB5,1
11549046,26070312301589GP5GB0L-01,MAC-KD5,MAC-KD5,1
11549046,26070312301589GP5GB0L-DO,MAC-KD5,MAC-KD5,1
11549046,26070312301589R7DGZH4RJ-01,MAC-KD5,MAC-KD5,1
11549046,26070312301589R7DGZH4RJ-DO,MAC-KD5,MAC-KD5,1
11549046,26070312324171BI5JYZQQZ-01,MAC-CB5,MAC-CB5,1
11549046,26070312324171BI5JYZQQZ-DO,MAC-CB5,MAC-CB5,1
11549046,26070312324171U1A4U04VVB-01,MAC-CB5,MAC-CB5,1
11549046,26070312324171U1A4U04VVB-DO,MAC-CB5,MAC-CB5,1
11549046,26070312343315DEPVXUC2H-01,MAC-KD5,MAC-KD5,1
11549046,26070312343315DEPVXUC2H-DO,,MAC-KD5,1
11549046,26070312352586RJFVPIY3E8-01,MAC-CB5,MAC-CB5,1
11549046,26070312352586RJFVPIY3E8-02,MAC-CB5,MAC-CB5,1
11549046,26070312352586RJFVPIY3E8-DO,MAC-CB5,MAC-CB5,1
11549046,26070312352586S3DM5YMZR-01,MAC-CB5,MAC-CB5,1
11549046,26070312352586S3DM5YMZR-DO,MAC-CB5,MAC-CB5,1
11549046,26070312352586WAYYO54YKK-01,MAC-CB5,MAC-CB5,1
11549046,26070312352586WAYYO54YKK-DO,MAC-CB5,MAC-CB5,1
11549046,26070312413956XDJHFIVAZ-01,MAC-KD5,MAC-KD5,1
11549046,26070312413956XDJHFIVAZ-DO,MAC-KD5,MAC-KD5,1
11549046,260703125013726CY5EGC31-01,MAC-KD5,MAC-KD5,1
11549046,260703125013726CY5EGC31-DO,MAC-KD5,MAC-KD5,1
11549046,260703125312291SWNTVFO-01,MAC-KM5,MAC-KM5,1
11549046,260703125312291SWNTVFO-DO,MAC-KM5,MAC-KD5,1
11549046,26070313181617IA9PGH3L-01,MAC-KD5,MAC-KD5,1
11549046,26070313181617IA9PGH3L-DO,MAC-KD5,MAC-KD5,1
11549046,26070313212686514SK31N6Z-01,MAC-CB5,MAC-CB5,1
11549046,26070313212686514SK31N6Z-DO,MAC-CB5,MAC-CB5,1
11549046,26070313212686S59NPC9CE-01,MAC-CB5,MAC-CB5,1
11549046,26070313212686S59NPC9CE-DO,MAC-CB5,MAC-CB5,1
11549046,26070313295435LA5PX62MG-01,MAC-CP5,MAC-CP5,1
11549046,26070313295435LA5PX62MG-DO,MAC-CP5,MAC-CP5,1
11549046,260703132954361C1GRFUFHS-01,MAC-CP5,MAC-CP5,1
11549046,260703132954361C1GRFUFHS-DO,MAC-CP5,MAC-CP5,1
11549046,26070313295436DVSVYYEEI-01,MAC-CP5,MAC-CP5,1
11549046,26070313295436DVSVYYEEI-DO,MAC-CP5,MAC-CP5,1
11549046,26070313373002U0X2PLZIZQ-01,MAC-CB5,MAC-CB5,1
11549046,26070313373002U0X2PLZIZQ-DO,MAC-CB5,MAC-CB5,1
11549046,26070313373002ZLIH7X98Q-01,MAC-CB5,MAC-CB5,1
11549046,26070313373002ZLIH7X98Q-DO,MAC-CB5,MAC-CB5,1
11549046,26070313482246TQ3APUK4O-01,MAC-KD5,MAC-KD5,1
11549046,26070313482246TQ3APUK4O-DO,,MAC-KD5,1
11549046,26070313500119CZ4N6QDHFB-01,MAC-KD5,MAC-KD5,1
11549046,26070313500119CZ4N6QDHFB-DO,,MAC-KD5,1
11549046,26070313500119F1UYLO0IJ-01,MAC-KD5,MAC-KD5,1
11549046,26070313500119F1UYLO0IJ-02,MAC-KD5,MAC-KD5,1
11549046,26070313500119F1UYLO0IJ-DO,,MAC-KD5,1
11549046,26070313500119UGPY37EBXV-01,MAC-KD5,MAC-KD5,1
11549046,26070313500119UGPY37EBXV-DO,,MAC-KD5,1
11549046,26070313500119WJDFCO87N-01,MAC-KD5,MAC-KD5,1
11549046,26070313500119WJDFCO87N-DO,,MAC-KD5,1
11549046,260703135001203MKXSOVO2Z-01,MAC-KD5,MAC-KD5,1
11549046,260703135001203MKXSOVO2Z-DO,,MAC-KD5,1
11549046,2607031354363046H6TNH1D-01,MAC-KD5,MAC-KD5,1
11549046,2607031354363046H6TNH1D-DO,MAC-KD5,MAC-KD5,1
11549046,260703135436305YHMWM4QPW-01,MAC-KD5,MAC-KD5,1
11549046,260703135436305YHMWM4QPW-DO,MAC-KD5,MAC-KD5,1
11549046,26070313594068R4D1UAS10-01,MAC-CB5,MAC-CB5,1
11549046,26070313594068R4D1UAS10-DO,MAC-CB5,MAC-CB5,1
11549046,26070313594069D8BFNPXKHA-01,MAC-CB5,MAC-CB5,1
11549046,26070313594069D8BFNPXKHA-DO,MAC-CB5,MAC-CB5,1
11549046,26070314022676RJ1KAJATQ-01,MAC-KD5,MAC-KD5,1
11549046,26070314022676RJ1KAJATQ-DO,MAC-KD5,MAC-KD5,1
11549046,260703140226773G9NTGURGM-01,MAC-KD5,MAC-KD5,1
11549046,260703140226773G9NTGURGM-DO,MAC-KD5,MAC-KD5,1
11549046,26070314022677DTYUSEMG3T-01,MAC-KD5,MAC-KD5,1
11549046,26070314022677DTYUSEMG3T-02,MAC-KD5,MAC-KD5,1
11549046,26070314022677DTYUSEMG3T-DO,MAC-KD5,MAC-KD5,1
11549046,26070314041613U9TKEJ1XB-01,MAC-CP5,MAC-CP5,1
11549046,26070314041613U9TKEJ1XB-DO,MAC-CP5,MAC-CP5,1
11549046,260703140416149THKBVUBLN-01,MAC-CP5,MAC-CP5,1
11549046,260703140416149THKBVUBLN-02,MAC-CP5,MAC-CP5,1
11549046,260703140416149THKBVUBLN-DO,MAC-CP5,MAC-CP5,1
11549046,260703140935952UANIDTIU-01,MAC-KM5,MAC-KM5,1
11549046,260703140935952UANIDTIU-DO,MAC-KM5,MAC-KM5,1
11549046,260703140958687AJ5YLX4V-01,MAC-KD5,MAC-KD5,1
11549046,260703140958687AJ5YLX4V-DO,,MAC-KD5,1
11549046,260703141916742QOEHJO169-01,MAC-KD5,MAC-KD5,1
11549046,260703141916742QOEHJO169-DO,MAC-KD5,MAC-KD5,1
11549046,26070314191674HHR5PJHBN-01,MAC-KD5,MAC-KD5,1
11549046,26070314191674HHR5PJHBN-DO,MAC-KD5,MAC-KD5,1
11549046,26070314342676A09VWVIN4-01,MAC-KD5,MAC-KD5,1
11549046,26070314342676A09VWVIN4-DO,MAC-KD5,MAC-KD5,1
11549046,260703143528858ISNTFMXT-01,MAC-KD5,MAC-KD5,1
11549046,260703143528858ISNTFMXT-DO,MAC-KD5,MAC-KD5,1
11549046,26070314352885UXLVSRWOIG-01,MAC-KD5,MAC-KD5,1
11549046,26070314352885UXLVSRWOIG-DO,MAC-KD5,MAC-KD5,1
11549046,26070314352885YIHGVLETQ-01,MAC-KD5,MAC-KD5,1
11549046,26070314352885YIHGVLETQ-DO,MAC-KD5,MAC-KD5,1
11549046,260703143603669N4PXVQKH-01,MAC-KD5,MAC-KD5,1
11549046,260703143603669N4PXVQKH-02,MAC-KD5,MAC-KD5,1
11549046,260703143603669N4PXVQKH-DO,MAC-KD5,MAC-KD5,1
11549046,26070314464715UHHUOLCSL-01,MAC-KD5,MAC-KD5,1
11549046,26070314464715UHHUOLCSL-DO,MAC-KD5,MAC-KD5,1
11549046,26070314464716FVERPEKYBD-01,MAC-KD5,MAC-KD5,1
11549046,26070314464716FVERPEKYBD-DO,MAC-KD5,MAC-KD5,1
11549046,26070315232519NSTOK3OYS-01,MAC-CP5,MAC-CP5,1
11549046,26070315232519NSTOK3OYS-DO,MAC-CP5,MAC-CP5,1
11549046,26070315232519UFH7NYKOFY-01,MAC-CP5,MAC-CP5,1
11549046,26070315232519UFH7NYKOFY-DO,MAC-CP5,MAC-CP5,1
11549046,26070315394712MVESDCHR4-01,MAC-CP5,MAC-CP5,1
11549046,26070315394712MVESDCHR4-DO,MAC-CP5,MAC-CP5,1
11549046,26070315394712ZG4WAKYJN-01,MAC-CP5,MAC-CP5,1
11549046,26070315394712ZG4WAKYJN-DO,MAC-CP5,MAC-CP5,1
11549046,26070315425328TMOCGVGCR-01,MAC-KD5,MAC-KD5,1
11549046,26070315425328TMOCGVGCR-DO,MAC-KD5,MAC-KD5,1
11549046,260703162141957V5OSXGX7-01,MAC-CB5,MAC-CB5,1
11549046,260703162141957V5OSXGX7-DO,MAC-CB5,MAC-CB5,1
11549046,26070316424557GJW3TIMIK-01,MAC-KM5,MAC-KM5,1
11549046,26070316424557GJW3TIMIK-DO,MAC-KM5,MAC-KM5,1
11549046,26070316465777RSXHQHZ7O-01,MAC-KD5,MAC-KD5,1
11549046,26070316465777RSXHQHZ7O-DO,MAC-KD5,MAC-KD5,1
11549046,26070316482176IPBFD82-01,MAC-KD5,MAC-KD5,1
11549046,26070316482176IPBFD82-DO,MAC-KD5,MAC-KD5,1
11549046,2607031724382110YOAWRD6-01,MAC-CP5,MAC-CP5,1
11549046,2607031724382110YOAWRD6-DO,MAC-CP5,MAC-CP5,1
11549046,26070317243822YIT4JLCBM-01,MAC-CP5,MAC-CP5,1
11549046,26070317243822YIT4JLCBM-DO,MAC-CP5,MAC-CP5,1
11549046,260703190021812EZYGE5UZ-01,MAC-CB5,MAC-CB5,1
11549046,260703190021812EZYGE5UZ-02,MAC-CB5,MAC-CB5,1
11549046,260703190021812EZYGE5UZ-DO,MAC-CB5,MAC-CB5,1
11549046,26070319002181K38OQVSIWY-01,MAC-CB5,MAC-CB5,1
11549046,26070319002181K38OQVSIWY-DO,MAC-CB5,MAC-CB5,1
11549046,26070319002181P74EVDBBZF-01,MAC-CB5,MAC-CB5,1
11549046,26070319002181P74EVDBBZF-02,MAC-CB5,MAC-CB5,1
11549046,26070319002181P74EVDBBZF-DO,MAC-CB5,MAC-CB5,1
11549046,26070319002181SVBDPNDAX-01,MAC-CB5,MAC-CB5,1
11549046,26070319002181SVBDPNDAX-DO,MAC-CB5,MAC-CB5,1
11549046,26070323305085VCLNEE6FW-01,MAC-KM5,MAC-KM5,1
11549046,26070323305085VCLNEE6FW-DO,MAC-KM5,MAC-KM5,1
11549046,26070323590356LPQTTYFYI-01,MAC-KM5,MAC-KM5,1
11549046,26070323590356LPQTTYFYI-DO,,MAC-KD5,1
11549046,26070400014763Q6QRZTWVH-01,MAC-KD5,MAC-KD5,1
11549046,26070400014763Q6QRZTWVH-DO,MAC-KD5,MAC-KD5,1
11549046,26070400014763ZZSJMJFKAK-01,MAC-KD5,MAC-KD5,1
11549046,26070400014763ZZSJMJFKAK-DO,MAC-KD5,MAC-KD5,1
11549046,26070400023291OD3MVDBDP-01,MAC-KM5,MAC-KM5,1
11549046,26070400023291OD3MVDBDP-DO,MAC-KM5,MAC-KM5,1
11549046,26070400233401NJWSNDSZ-01,MAC-CB5,MAC-CB5,1
11549046,26070400233401NJWSNDSZ-DO,MAC-CB5,MAC-CB5,1
11549046,26070400233401RFTBORWD6L-01,MAC-CB5,MAC-CB5,1
11549046,26070400233401RFTBORWD6L-DO,MAC-CB5,MAC-CB5,1
11549046,26070400264587JBRHCOPU-01,MAC-KD5,MAC-KD5,1
11549046,26070400264587JBRHCOPU-DO,MAC-KD5,MAC-KD5,1
11549046,26070400264587SDHD1INTLW-01,MAC-KD5,MAC-KD5,1
11549046,26070400264587SDHD1INTLW-DO,MAC-KD5,MAC-KD5,1
11549046,26070400323124UTJZAMIVV-01,MAC-KD5,MAC-KD5,1
11549046,26070400323124UTJZAMIVV-DO,,MAC-KD5,1
11549046,260704003539266C0IIZIXL-01,MAC-CB5,MAC-CB5,1
11549046,260704003539266C0IIZIXL-DO,MAC-CB5,MAC-CB5,1
11549046,26070400435831CFST95OS-01,MAC-CB5,MAC-CB5,1
11549046,26070400435831CFST95OS-DO,MAC-CB5,MAC-CB5,1
11549046,26070400435831P03AX4TXFA-01,MAC-CB5,MAC-CB5,1
11549046,26070400435831P03AX4TXFA-DO,MAC-CB5,MAC-CB5,1
11549046,26070400463371FLGTWDEP2-01,MAC-KD5,MAC-KD5,1
11549046,26070400463371FLGTWDEP2-DO,MAC-KD5,MAC-KD5,1
11549046,26070400475097EKUGZ9ECR-01,MAC-KD5,MAC-KD5,1
11549046,26070400475097EKUGZ9ECR-DO,MAC-KD5,MAC-KD5,1
11549046,26070400481778BWRJICBKD8-01,MAC-KD5,MAC-KD5,1
11549046,26070400481778BWRJICBKD8-DO,MAC-KD5,MAC-KD5,1
11549046,26070400481778CDGVNTACI-01,MAC-KD5,MAC-KD5,1
11549046,26070400481778CDGVNTACI-DO,MAC-KD5,MAC-KD5,1
11549046,26070400481778SGFDGSKAH-01,MAC-KD5,MAC-KD5,1
11549046,26070400481778SGFDGSKAH-DO,MAC-KD5,MAC-KD5,1
11549046,260704004826403ZQYPEWB-01,MAC-KM5,MAC-KM5,1
11549046,260704004826403ZQYPEWB-DO,MAC-KM5,MAC-KM5,1
11549046,26070400575478TQMQ7NEWBA-01,MAC-KD5,MAC-KD5,1
11549046,26070400575478TQMQ7NEWBA-DO,MAC-KD5,MAC-KD5,1
11549046,26070400575478W2CWGYQ6X-01,MAC-KD5,MAC-KD5,1
11549046,26070400575478W2CWGYQ6X-DO,MAC-KD5,MAC-KD5,1
11549046,26070401031506FY19AMH4-01,MAC-KD5,MAC-KD5,1
11549046,26070401031506FY19AMH4-DO,,MAC-KD5,1
11549046,26070401031506YDDPN7R70D-01,MAC-KD5,MAC-KD5,1
11549046,26070401031506YDDPN7R70D-DO,,MAC-KD5,1
11549046,260704010739261H9M6J294-01,MAC-KD5,MAC-KD5,1
11549046,260704010739261H9M6J294-DO,MAC-KD5,MAC-KD5,1
11549046,260704010739261YN1WQP2SN-01,MAC-KD5,MAC-KD5,1
11549046,260704010739261YN1WQP2SN-02,MAC-KD5,MAC-KD5,1
11549046,260704010739261YN1WQP2SN-DO,MAC-KD5,MAC-KD5,1
11549046,26070401073926MO2XP9OKN-01,MAC-KD5,MAC-KD5,1
11549046,26070401073926MO2XP9OKN-DO,MAC-KD5,MAC-KD5,1
11549046,26070401073926NSSQ1YXLWS-01,MAC-KD5,MAC-KD5,1
11549046,26070401073926NSSQ1YXLWS-DO,MAC-KD5,MAC-KD5,1
11549046,26070401094744EVU7TAONG-01,MAC-CP5,MAC-CP5,1
11549046,26070401094744EVU7TAONG-DO,MAC-CP5,MAC-CP5,1
11549046,26070401110102D2MWEGYR6-01,MAC-KD5,MAC-KD5,1
11549046,26070401110102D2MWEGYR6-DO,,MAC-KD5,1
11549046,26070401143858N5IJJORHDK-01,MAC-KD5,MAC-KD5,1
11549046,26070401143858N5IJJORHDK-DO,MAC-KD5,MAC-KD5,1
11549046,26070401143858SWEQCRWMSX-01,MAC-KD5,MAC-KD5,1
11549046,26070401143858SWEQCRWMSX-DO,MAC-KD5,MAC-KD5,1
11549046,26070401143858USBKAECTV-01,MAC-KD5,MAC-KD5,1
11549046,26070401143858USBKAECTV-DO,MAC-KD5,MAC-KD5,1
11549046,26070401145464CGQ4AC6XI-01,MAC-CB5,MAC-CB5,1
11549046,26070401145464CGQ4AC6XI-DO,,MAC-KD5,1
11549046,26070401145464OW8FSYGW98-01,MAC-CB5,MAC-CB5,1
11549046,26070401145464OW8FSYGW98-DO,MAC-CB5,MAC-CB5,1
11549046,26070401145464TYXQDAVVP-01,MAC-CB5,MAC-CB5,1
11549046,26070401145464TYXQDAVVP-02,MAC-CB5,MAC-CB5,1
11549046,26070401145464TYXQDAVVP-DO,MAC-CB5,MAC-CB5,1
11549046,26070401173628K51EEEDVGV-01,MAC-CP5,MAC-CP5,1
11549046,26070401173628K51EEEDVGV-DO,MAC-CP5,MAC-CP5,1
11549046,26070401173628LFJ5PNDQM-01,MAC-CP5,MAC-CP5,1
11549046,26070401173628LFJ5PNDQM-DO,MAC-CP5,MAC-CP5,1
11549046,26070401194609YOCYNQPMO-01,MAC-KD5,MAC-KD5,1
11549046,26070401194609YOCYNQPMO-DO,MAC-KD5,MAC-KD5,1
11549046,26070401194610SIC6IWVADF-01,MAC-KD5,MAC-KD5,1
11549046,26070401194610SIC6IWVADF-DO,MAC-KD5,MAC-KD5,1
11549046,26070401201786EXEPLNVKP0-01,MAC-KD5,MAC-KD5,1
11549046,26070401201786EXEPLNVKP0-DO,MAC-KD5,MAC-KD5,1
11549046,26070401201786OMC8K7PH-01,MAC-KD5,MAC-KD5,1
11549046,26070401201786OMC8K7PH-DO,MAC-KD5,MAC-KD5,1
11549046,26070401275235EUWJSAXZD-01,MAC-KD5,MAC-KD5,1
11549046,26070401275235EUWJSAXZD-DO,MAC-KD5,MAC-KD5,1
11549046,260704012925217MKGZKUCV-01,MAC-CB5,MAC-CB5,1
11549046,260704012925217MKGZKUCV-DO,MAC-CB5,MAC-CB5,1
11549046,26070401292521M56G1OJ5GV-01,MAC-CB5,MAC-CB5,1
11549046,26070401292521M56G1OJ5GV-DO,MAC-CB5,MAC-CB5,1
11549046,260704013038298YD9NUAFJ-01,MAC-KD5,MAC-KD5,1
11549046,260704013038298YD9NUAFJ-DO,MAC-KD5,MAC-KD5,1
11549046,26070401303829SJFIUEBQ2I-01,MAC-KD5,MAC-KD5,1
11549046,26070401303829SJFIUEBQ2I-DO,MAC-KD5,MAC-KD5,1
11549046,26070401382516D4S9KUKVR-01,MAC-KD5,MAC-KD5,1
11549046,26070401382516D4S9KUKVR-DO,MAC-KD5,MAC-KD5,1
11549046,2607040138289633EAU5K59-01,MAC-CB5,MAC-CB5,1
11549046,2607040138289633EAU5K59-DO,MAC-CB5,MAC-CB5,1
11549046,2607040139555757KMIHFUU-01,MAC-CP5,MAC-CP5,1
11549046,2607040139555757KMIHFUU-DO,MAC-CP5,MAC-CP5,1
11549046,26070401412434DTW7YDZI-01,MAC-KD5,MAC-KD5,1
11549046,26070401412434DTW7YDZI-DO,,MAC-KD5,1
11549046,260704014133547S58G51PY-01,MAC-KD5,MAC-KD5,1
11549046,260704014133547S58G51PY-DO,MAC-KD5,MAC-KD5,1
11549046,26070401464716FGKNZC3JM-01,MAC-KM5,MAC-KM5,1
11549046,26070401464716FGKNZC3JM-DO,MAC-KM5,MAC-KM5,1
11549046,26070401465187DWSKSHF9O-01,MAC-KD5,MAC-KD5,1
11549046,26070401465187DWSKSHF9O-DO,,MAC-KD5,1
11549046,26070401471125GLBNMMG85-01,MAC-KD5,MAC-KD5,1
11549046,26070401471125GLBNMMG85-DO,,MAC-KD5,1
11549046,26070401471125PW8I4XTHC-01,MAC-KD5,MAC-KD5,1
11549046,26070401471125PW8I4XTHC-DO,,MAC-KD5,1
11549046,2607040149020468MUL0C65D-01,MAC-KD5,MAC-KD5,1
11549046,2607040149020468MUL0C65D-DO,MAC-KD5,MAC-KD5,1
11549046,26070401490204MM0LZJ1JS-01,MAC-KD5,MAC-KD5,1
11549046,26070401490204MM0LZJ1JS-DO,MAC-KD5,MAC-KD5,1
11549046,26070401505517JXI3PYI1N-01,MAC-KD5,MAC-KD5,1
11549046,26070401505517JXI3PYI1N-DO,MAC-KD5,MAC-KD5,1
11549046,26070401505517YUM46S8G0P-01,MAC-KD5,MAC-KD5,1
11549046,26070401505517YUM46S8G0P-DO,MAC-KD5,MAC-KD5,1
11549046,26070401512027CQS8LLVEXR-01,MAC-KD5,MAC-KD5,1
11549046,26070401512027CQS8LLVEXR-02,MAC-KD5,MAC-KD5,1
11549046,26070401512027CQS8LLVEXR-DO,,MAC-KD5,1
11549046,26070401512027PW2XIKFPVZ-01,MAC-KD5,MAC-KD5,1
11549046,26070401512027PW2XIKFPVZ-DO,,MAC-KD5,1
11549046,26070401512027TDNVY3W-01,MAC-KD5,MAC-KD5,1
11549046,26070401512027TDNVY3W-DO,,MAC-KD5,1
11549046,26070401523101CU2BPS5VG-01,MAC-CP5,MAC-CP5,1
11549046,26070401523101CU2BPS5VG-DO,MAC-CP5,MAC-CP5,1
11549046,26070401590294F8WEXR03V-01,MAC-KM5,MAC-KM5,1
11549046,26070401590294F8WEXR03V-DO,MAC-KM5,MAC-KM5,1
11549046,26070401590325C6UD1XBFPR-01,MAC-CB5,MAC-CB5,1
11549046,26070401590325C6UD1XBFPR-DO,MAC-CB5,MAC-CB5,1
11549046,26070401590325M66MRIJSQU-01,MAC-CB5,MAC-CB5,1
11549046,26070401590325M66MRIJSQU-DO,MAC-CB5,MAC-CB5,1
11549046,26070401590325MTHXDFMESR-01,MAC-CB5,MAC-CB5,1
11549046,26070401590325MTHXDFMESR-DO,MAC-CB5,MAC-CB5,1
11549046,26070401590325QLMBZE3OV-01,MAC-CB5,MAC-CB5,1
11549046,26070401590325QLMBZE3OV-DO,MAC-CB5,MAC-CB5,1
11549046,26070401590325VNBNYPYKF-01,MAC-CB5,MAC-CB5,1
11549046,26070401590325VNBNYPYKF-DO,MAC-CB5,MAC-CB5,1
11549046,26070402024065G2WR0TMUK-01,MAC-CB5,MAC-CB5,1
11549046,26070402024065G2WR0TMUK-DO,MAC-CB5,MAC-CB5,1
11549046,260704020344171DO2E4VG4R-01,MAC-KD5,MAC-KD5,1
11549046,260704020344171DO2E4VG4R-DO,MAC-KD5,MAC-KD5,1
11549046,26070402034417RCVSQ14WX-01,MAC-KD5,MAC-KD5,1
11549046,26070402034417RCVSQ14WX-DO,MAC-KD5,MAC-KD5,1
11549046,260704020344180AN6JAUGPI-01,MAC-KD5,MAC-KD5,1
11549046,260704020344180AN6JAUGPI-02,MAC-KD5,MAC-KD5,1
11549046,260704020344180AN6JAUGPI-DO,MAC-KD5,MAC-KD5,1
11549046,26070402051531LAT8KJFBV-01,MAC-KD5,MAC-KD5,1
11549046,26070402051531LAT8KJFBV-DO,MAC-KD5,MAC-KD5,1
11549046,26070402061393I9KHWXXMQP-01,MAC-KD5,MAC-KD5,1
11549046,26070402061393I9KHWXXMQP-DO,MAC-KD5,MAC-KD5,1
11549046,26070402061393RRE9Z6BTWU-01,MAC-KD5,MAC-KD5,1
11549046,26070402061393RRE9Z6BTWU-DO,MAC-KD5,MAC-KD5,1
11549046,26070402110283UWI8IMTDH-01,MAC-CP5,MAC-CP5,1
11549046,26070402110283UWI8IMTDH-DO,MAC-CP5,MAC-CP5,1
11549046,26070402121736GM42MCTEZO-01,MAC-KM5,MAC-KM5,1
11549046,26070402121736GM42MCTEZO-DO,MAC-KM5,MAC-KM5,1
11549046,26070402121736JSTDRBJFV-01,MAC-KM5,MAC-KM5,1
11549046,26070402121736JSTDRBJFV-DO,MAC-KM5,MAC-KM5,1
11549046,26070402142161ENAAOH208-01,MAC-KM5,MAC-KM5,1
11549046,26070402142161ENAAOH208-DO,MAC-KM5,MAC-KM5,1
11549046,26070402142161VL4X1YAJ-01,MAC-KM5,MAC-KM5,1
11549046,26070402142161VL4X1YAJ-DO,MAC-KM5,MAC-KM5,1
11549046,260704021545020OQ8DOZ-01,MAC-KM5,MAC-KM5,1
11549046,260704021545020OQ8DOZ-DO,MAC-KM5,MAC-KM5,1
11549046,260704021545032DFFD5O6EA-01,MAC-KM5,MAC-KM5,1
11549046,260704021545032DFFD5O6EA-DO,MAC-KM5,MAC-KM5,1
11549046,26070402154503DPLW2FKXQJ-01,MAC-KM5,MAC-KM5,1
11549046,26070402154503DPLW2FKXQJ-DO,MAC-KM5,MAC-KM5,1
11549046,26070402154503S6DC1TZPMC-01,MAC-KM5,MAC-KM5,1
11549046,26070402154503S6DC1TZPMC-DO,MAC-KM5,MAC-KM5,1
11549046,26070402155742O41LKPMAGU-01,MAC-KD5,MAC-KD5,1
11549046,26070402155742O41LKPMAGU-DO,MAC-KD5,MAC-KD5,1
11549046,26070402155742TAMHX6WY-01,MAC-KD5,MAC-KD5,1
11549046,26070402155742TAMHX6WY-DO,MAC-KD5,MAC-KD5,1
11549046,26070402162078FDD6IVKXT-01,MAC-KM5,MAC-KM5,1
11549046,26070402162078FDD6IVKXT-DO,MAC-KM5,MAC-KM5,1
11549046,26070402170088KIDIC2LYN3-01,MAC-KD5,MAC-KD5,1
11549046,26070402170088KIDIC2LYN3-DO,MAC-KD5,MAC-KD5,1
11549046,26070402170088QJHDZAYFP-01,MAC-KD5,MAC-KD5,1
11549046,26070402170088QJHDZAYFP-DO,MAC-KD5,MAC-KD5,1
11549046,26070402181867ILS3TLJRF-01,MAC-KD5,MAC-KD5,1
11549046,26070402181867ILS3TLJRF-DO,MAC-KD5,MAC-KD5,1
11549046,26070402181868LQBFNON3XF-01,MAC-KD5,MAC-KD5,1
11549046,26070402181868LQBFNON3XF-DO,MAC-KD5,MAC-KD5,1
11549046,26070402190244UMNDT7R7O-01,MAC-KM5,MAC-KM5,1
11549046,26070402190244UMNDT7R7O-DO,MAC-KM5,MAC-KM5,1
11549046,26070402194451H5SUFNBJO-01,MAC-CP5,MAC-CP5,1
11549046,26070402194451H5SUFNBJO-DO,MAC-CP5,MAC-CP5,1
11549046,26070402194451Q51LKESQZ-01,MAC-CP5,MAC-CP5,1
11549046,26070402194451Q51LKESQZ-DO,MAC-CP5,MAC-CP5,1
11549046,26070402194451UZUJCJ7P1K-01,MAC-CP5,MAC-CP5,1
11549046,26070402194451UZUJCJ7P1K-02,MAC-CP5,MAC-CP5,1
11549046,26070402194451UZUJCJ7P1K-DO,MAC-CP5,MAC-CP5,1
11549046,26070402203763LE8E0QBRJ-01,MAC-KD5,MAC-KD5,1
11549046,26070402203763LE8E0QBRJ-DO,MAC-KD5,MAC-KD5,1
11549046,26070402214221L4DB9UVP-01,MAC-KM5,MAC-KM5,1
11549046,26070402214221L4DB9UVP-DO,MAC-KM5,MAC-KM5,1
11549046,26070402214221TJEBYXZF-01,MAC-KM5,MAC-KM5,1
11549046,26070402214221TJEBYXZF-DO,MAC-KM5,MAC-KM5,1
11549046,26070402221269GYS5LJO2-01,MAC-KD5,MAC-KD5,1
11549046,26070402221269GYS5LJO2-DO,MAC-KD5,MAC-KD5,1
11549046,26070402222839RABZUD0YM-01,MAC-CP5,MAC-CP5,1
11549046,26070402222839RABZUD0YM-02,MAC-CP5,MAC-CP5,1
11549046,26070402222839RABZUD0YM-DO,MAC-CP5,MAC-CP5,1
11549046,26070402230404FZIPKYEY-01,MAC-CB5,MAC-CB5,1
11549046,26070402230404FZIPKYEY-DO,MAC-CB5,MAC-CB5,1
11549046,26070402232074KJTNMBPY-01,MAC-KM5,MAC-KM5,1
11549046,26070402232074KJTNMBPY-DO,MAC-KM5,MAC-KM5,1
11549046,26070402241605AGLLASRE-01,MAC-CB5,MAC-CB5,1
11549046,26070402241605AGLLASRE-DO,MAC-CB5,MAC-CB5,1
11549046,26070402241605SL2EAMVNE-01,MAC-CB5,MAC-CB5,1
11549046,26070402241605SL2EAMVNE-DO,MAC-CB5,MAC-CB5,1
11549046,260704022425163IVLVWKI-01,MAC-KD5,MAC-KD5,1
11549046,260704022425163IVLVWKI-DO,MAC-KD5,MAC-KD5,1
11549046,260704022425174PLIC37HCD-01,MAC-KD5,MAC-KD5,1
11549046,260704022425174PLIC37HCD-DO,MAC-KD5,MAC-KD5,1
11549046,26070402242517GLRYV7TZUP-01,MAC-KD5,MAC-KD5,1
11549046,26070402242517GLRYV7TZUP-DO,MAC-KD5,MAC-KD5,1
11549046,26070402242517WLBQGHK6F-01,MAC-KD5,MAC-KD5,1
11549046,26070402242517WLBQGHK6F-DO,MAC-KD5,MAC-KD5,1
11549046,26070402242610VAUCRW91I-01,MAC-KD5,MAC-KD5,1
11549046,26070402242610VAUCRW91I-DO,MAC-KD5,MAC-KD5,1
11549046,26070402242611CQT9EBRQTR-01,MAC-KD5,MAC-KD5,1
11549046,26070402242611CQT9EBRQTR-DO,MAC-KD5,MAC-KD5,1
11549046,26070402243475WA5U2EVAH-01,MAC-CP5,MAC-CP5,1
11549046,26070402243475WA5U2EVAH-DO,MAC-CP5,MAC-CP5,1
11549046,26070402251101OVWD9A5B8-01,MAC-KM5,MAC-KM5,1
11549046,26070402251101OVWD9A5B8-DO,MAC-KM5,MAC-KM5,1
11549046,26070402272674I3EUG0VJE-01,MAC-KM5,MAC-KM5,1
11549046,26070402272674I3EUG0VJE-DO,MAC-KM5,MAC-KM5,1
11549046,26070402295091ALZYJMKU-01,MAC-KD5,MAC-KD5,1
11549046,26070402295091ALZYJMKU-DO,,MAC-KD5,1
11549046,26070402300551WDCIXHC7V-01,MAC-KD5,MAC-KD5,1
11549046,26070402300551WDCIXHC7V-02,MAC-KD5,MAC-KD5,1
11549046,26070402300551WDCIXHC7V-DO,MAC-KD5,MAC-KD5,1
11549046,26070402343709G3YAWIZMZ-01,MAC-KD5,MAC-KD5,1
11549046,26070402343709G3YAWIZMZ-DO,MAC-KD5,MAC-KD5,1
11549046,26070402343709S3ZXOASI83-01,MAC-KD5,MAC-KD5,1
11549046,26070402343709S3ZXOASI83-DO,MAC-KD5,MAC-KD5,1
11549046,26070402381501IMUIL6SXU-01,MAC-KD5,MAC-KD5,1
11549046,26070402381501IMUIL6SXU-02,MAC-KD5,MAC-KD5,1
11549046,26070402381501IMUIL6SXU-DO,MAC-KD5,MAC-KD5,1
11549046,26070402381501JQHJ6CEEX-01,MAC-KD5,MAC-KD5,1
11549046,26070402381501JQHJ6CEEX-DO,MAC-KD5,MAC-KD5,1
11549046,26070402381501L8BP9WO9-01,MAC-KD5,MAC-KD5,1
11549046,26070402381501L8BP9WO9-02,MAC-KD5,MAC-KD5,1
11549046,26070402381501L8BP9WO9-DO,MAC-KD5,MAC-KD5,1
11549046,2607040238364024NP2VG7M-01,MAC-KD5,MAC-KD5,1
11549046,2607040238364024NP2VG7M-DO,MAC-KD5,MAC-KD5,1
11549046,26070402383640CVPFL6KNJ-01,MAC-KD5,MAC-KD5,1
11549046,26070402383640CVPFL6KNJ-DO,MAC-KD5,MAC-KD5,1
11549046,260704024009175VLHN9PN-01,MAC-KD5,MAC-KD5,1
11549046,260704024009175VLHN9PN-DO,MAC-KD5,MAC-KD5,1
11549046,26070402404348IVQSTVZWG-01,MAC-KD5,MAC-KD5,1
11549046,26070402404348IVQSTVZWG-DO,MAC-KD5,MAC-KD5,1
11549046,26070402415279WHWTPSPL-01,MAC-KD5,MAC-KD5,1
11549046,26070402415279WHWTPSPL-DO,MAC-KD5,MAC-KD5,1
11549046,26070402415279ZMFR3OPVBW-01,MAC-KD5,MAC-KD5,1
11549046,26070402415279ZMFR3OPVBW-DO,MAC-KD5,MAC-KD5,1
11549046,2607040243531577M8GOR-01,MAC-KD5,MAC-KD5,1
11549046,2607040243531577M8GOR-DO,MAC-KD5,MAC-KD5,1
11549046,26070402435315IREEJR7YFK-01,MAC-KD5,MAC-KD5,1
11549046,26070402435315IREEJR7YFK-DO,MAC-KD5,MAC-KD5,1
11549046,26070402435610BNGUVEKXMQ-01,MAC-KD5,MAC-KD5,1
11549046,26070402435610BNGUVEKXMQ-DO,,MAC-KD5,1
11549046,26070402435610LQHHGY4J0-01,MAC-KD5,MAC-KD5,1
11549046,26070402435610LQHHGY4J0-DO,,MAC-KD5,1
11549046,26070402435610RF8B6ZBI9X-01,MAC-KD5,MAC-KD5,1
11549046,26070402435610RF8B6ZBI9X-DO,,MAC-KD5,1
11549046,2607040249295114MQ7H3Q-01,MAC-CB5,MAC-CB5,1
11549046,2607040249295114MQ7H3Q-DO,MAC-CB5,MAC-CB5,1
11549046,26070402535290P6FALRD6Q-01,MAC-KD5,MAC-KD5,1
11549046,26070402535290P6FALRD6Q-DO,MAC-KD5,MAC-KD5,1
11549046,26070402562638AEMXKWDRS-01,MAC-KD5,MAC-KD5,1
11549046,26070402562638AEMXKWDRS-DO,,MAC-KD5,1
11549046,260704025708240TWZYKZO-01,MAC-KD5,MAC-KD5,1
11549046,260704025708240TWZYKZO-DO,,MAC-KD5,1
11549046,26070402591648I2OWUEDUG-01,MAC-CB5,MAC-CB5,1
11549046,26070402591648I2OWUEDUG-DO,MAC-CB5,MAC-CB5,1
11549046,260704030620032EYZ7HB1-01,MAC-KM5,MAC-KM5,1
11549046,260704030620032EYZ7HB1-DO,MAC-KM5,MAC-KM5,1
11549046,260704030620038HOXCIVXDJ-01,MAC-KM5,MAC-KM5,1
11549046,260704030620038HOXCIVXDJ-DO,MAC-KM5,MAC-KM5,1
11549046,26070403071226NWSCP5DAJ-01,MAC-KD5,MAC-KD5,1
11549046,26070403071226NWSCP5DAJ-DO,MAC-KD5,MAC-KD5,1
11549046,26070403071226V09KFF2E2-01,MAC-KD5,MAC-KD5,1
11549046,26070403071226V09KFF2E2-DO,MAC-KD5,MAC-KD5,1
11549046,260704030835695KUQHUGXX-01,MAC-KD5,MAC-KD5,1
11549046,260704030835695KUQHUGXX-02,MAC-KD5,MAC-KD5,1
11549046,260704030835695KUQHUGXX-DO,,MAC-KD5,1
11549046,26070403083569H4GTSGBR-01,MAC-KD5,MAC-KD5,1
11549046,26070403083569H4GTSGBR-DO,,MAC-KD5,1
11549046,26070403151235K34HZW0ZA-01,MAC-CP5,MAC-CP5,1
11549046,26070403151235K34HZW0ZA-DO,MAC-CP5,MAC-CP5,1
11549046,260704031648809JTFLG0M3-01,MAC-CB5,MAC-CB5,1
11549046,260704031648809JTFLG0M3-DO,MAC-CB5,MAC-CB5,1
11549046,26070403164880WTRZSMVZN0-01,MAC-CB5,MAC-CB5,1
11549046,26070403164880WTRZSMVZN0-DO,MAC-CB5,MAC-CB5,1
11549046,26070403171132NA0EZ1D9R-01,MAC-CP5,MAC-CP5,1
11549046,26070403171132NA0EZ1D9R-DO,MAC-CP5,MAC-CP5,1
11549046,26070403171132VE59LZJL8A-01,MAC-CP5,MAC-CP5,1
11549046,26070403171132VE59LZJL8A-DO,MAC-CP5,MAC-CP5,1
11549046,26070403191854L92ZXNTVU-01,MAC-KM5,MAC-KM5,1
11549046,26070403191854L92ZXNTVU-DO,MAC-KM5,MAC-KM5,1
11549046,26070403191854VMRKUFNX-01,MAC-KM5,MAC-KM5,1
11549046,26070403191854VMRKUFNX-02,MAC-KM5,MAC-KM5,1
11549046,26070403191854VMRKUFNX-DO,MAC-KM5,MAC-KM5,1
11549046,26070403191854W1RKKLBZYW-01,MAC-KM5,MAC-KM5,1
11549046,26070403191854W1RKKLBZYW-DO,MAC-KM5,MAC-KM5,1
11549046,26070403201641FOVTAFQWM-01,MAC-CB5,MAC-CB5,1
11549046,26070403201641FOVTAFQWM-DO,MAC-CB5,MAC-CB5,1
11549046,26070403201641JPU54OQNN-01,MAC-CB5,MAC-CB5,1
11549046,26070403201641JPU54OQNN-DO,MAC-CB5,MAC-CB5,1
11549046,26070403201641MPWQKH3Z9V-01,MAC-CB5,MAC-CB5,1
11549046,26070403201641MPWQKH3Z9V-DO,MAC-CB5,MAC-CB5,1
11549046,26070403202933YDIKB5Y7-01,MAC-CB5,MAC-CB5,1
11549046,26070403202933YDIKB5Y7-DO,MAC-CB5,MAC-CB5,1
11549046,26070403204358M8VUACXTL-01,MAC-KD5,MAC-KD5,1
11549046,26070403204358M8VUACXTL-DO,MAC-KD5,MAC-KD5,1
11549046,260704032340205HXUXMWST5-01,MAC-CP5,MAC-CP5,1
11549046,260704032340205HXUXMWST5-DO,MAC-CP5,MAC-CP5,1
11549046,26070403234020K1UIDETFW2-01,MAC-CP5,MAC-CP5,1
11549046,26070403234020K1UIDETFW2-DO,MAC-CP5,MAC-CP5,1
11549046,26070403234020LZMIPZPS9-01,MAC-CP5,MAC-CP5,1
11549046,26070403234020LZMIPZPS9-DO,MAC-CP5,MAC-CP5,1
11549046,26070403252173RGTZH7MNG-01,MAC-KD5,MAC-KD5,1
11549046,26070403252173RGTZH7MNG-DO,MAC-KD5,MAC-KD5,1
11549046,26070403280747JLV6HJ3CU9-01,MAC-KD5,MAC-KD5,1
11549046,26070403280747JLV6HJ3CU9-DO,MAC-KD5,MAC-KD5,1
11549046,26070403280747RVFD2WEJS-01,MAC-KD5,MAC-KD5,1
11549046,26070403280747RVFD2WEJS-DO,MAC-KD5,MAC-KD5,1
11549046,26070403292735E15RI0YTS-01,MAC-KM5,MAC-KM5,1
11549046,26070403292735E15RI0YTS-DO,MAC-KM5,MAC-KM5,1
11549046,26070403294226N4724KGGP-01,MAC-CP5,MAC-CP5,1
11549046,26070403294226N4724KGGP-DO,MAC-CP5,MAC-CP5,1
11549046,260704032942272NM0LLDEUZ-01,MAC-CP5,MAC-CP5,1
11549046,260704032942272NM0LLDEUZ-DO,MAC-CP5,MAC-CP5,1
11549046,26070403294227AIYIILNVVX-01,MAC-CP5,MAC-CP5,1
11549046,26070403294227AIYIILNVVX-DO,MAC-CP5,MAC-CP5,1
11549046,260704033051578UCMNSLT1-01,MAC-CP5,MAC-CP5,1
11549046,260704033051578UCMNSLT1-DO,MAC-CP5,MAC-CP5,1
11549046,2607040331117249HAR41G8A-01,MAC-CB5,MAC-CB5,1
11549046,2607040331117249HAR41G8A-DO,MAC-CB5,MAC-CB5,1
11549046,26070403311172LC5C40L6L-01,MAC-CB5,MAC-CB5,1
11549046,26070403311172LC5C40L6L-DO,MAC-CB5,MAC-CB5,1
11549046,26070403311172ZAOQDTIUG-01,MAC-CB5,MAC-CB5,1
11549046,26070403311172ZAOQDTIUG-DO,MAC-CB5,MAC-CB5,1
11549046,26070403332180Y7B18LF7N-01,MAC-CP5,MAC-CP5,1
11549046,26070403332180Y7B18LF7N-DO,MAC-CP5,MAC-CP5,1
11549046,26070403333927HCX801EYK-01,MAC-KD5,MAC-KD5,1
11549046,26070403333927HCX801EYK-DO,MAC-KD5,MAC-KD5,1
11549046,26070403333927WHVFUQBEQK-01,MAC-KD5,MAC-KD5,1
11549046,26070403333927WHVFUQBEQK-DO,MAC-KD5,MAC-KD5,1
11549046,260704033507733DQIND9-01,MAC-CB5,MAC-CB5,1
11549046,260704033507733DQIND9-DO,MAC-CB5,MAC-CB5,1
11549046,260704033612643EMWLQZOJ-01,MAC-CB5,MAC-CB5,1
11549046,260704033612643EMWLQZOJ-DO,MAC-CB5,MAC-CB5,1
11549046,260704033612647HJBLCEA-01,MAC-CB5,MAC-CB5,1
11549046,260704033612647HJBLCEA-DO,MAC-CB5,MAC-CB5,1
11549046,26070403374820IESB30PXJ-01,MAC-KM5,MAC-KM5,1
11549046,26070403374820IESB30PXJ-DO,MAC-KM5,MAC-KM5,1
11549046,26070403390192EXI742UI-01,MAC-KD5,MAC-KD5,1
11549046,26070403390192EXI742UI-DO,MAC-KD5,MAC-KD5,1
11549046,26070403430560V7WO46H-01,MAC-KD5,MAC-KD5,1
11549046,26070403430560V7WO46H-DO,MAC-KD5,MAC-KD5,1
11549046,26070403432609PNFVSIWEE-01,MAC-CP5,MAC-CP5,1
11549046,26070403432609PNFVSIWEE-DO,MAC-CP5,MAC-CP5,1
11549046,260704034326106WH7ULDADA-01,MAC-CP5,MAC-CP5,1
11549046,260704034326106WH7ULDADA-02,MAC-CP5,MAC-CP5,1
11549046,260704034326106WH7ULDADA-03,MAC-CP5,MAC-CP5,1
11549046,260704034326106WH7ULDADA-04,MAC-CP5,MAC-CP5,1
11549046,260704034326106WH7ULDADA-05,MAC-CP5,MAC-CP5,1
11549046,260704034326106WH7ULDADA-DO,MAC-CP5,MAC-CP5,1
11549046,26070403452557JGEWKKOPL-01,MAC-KD5,MAC-KD5,1
11549046,26070403452557JGEWKKOPL-DO,MAC-KD5,MAC-KD5,1
11549046,260704034609923CN3ISBR8E-01,MAC-KD5,MAC-KD5,1
11549046,260704034609923CN3ISBR8E-DO,,MAC-KD5,1
11549046,26070403460992BQX1JXETC-01,MAC-KD5,MAC-KD5,1
11549046,26070403460992BQX1JXETC-DO,,MAC-KD5,1
11549046,26070403460992KDUG3ZZZAE-01,MAC-KD5,MAC-KD5,1
11549046,26070403460992KDUG3ZZZAE-DO,,MAC-KD5,1
11549046,26070403460992XBS306AGC-01,MAC-KD5,MAC-KD5,1
11549046,26070403460992XBS306AGC-DO,MAC-KD5,MAC-KD5,1
11549046,26070403461270AVR3HRILA-01,MAC-CB5,MAC-CB5,1
11549046,26070403461270AVR3HRILA-DO,MAC-CB5,MAC-CB5,1
11549046,260704034811651L1UFTFHS-01,MAC-KD5,MAC-KD5,1
11549046,260704034811651L1UFTFHS-DO,MAC-KD5,MAC-KD5,1
11549046,26070403481165TPYSYUOVD-01,MAC-KD5,MAC-KD5,1
11549046,26070403481165TPYSYUOVD-DO,MAC-KD5,MAC-KD5,1
11549046,26070403481166RTHSJJDSMR-01,MAC-KD5,MAC-KD5,1
11549046,26070403481166RTHSJJDSMR-DO,MAC-KD5,MAC-KD5,1
11549046,26070403481166VI7SMIHSZM-01,MAC-KD5,MAC-KD5,1
11549046,26070403481166VI7SMIHSZM-DO,MAC-KD5,MAC-KD5,1
11549046,26070403481755BB8ZLYYEE-01,MAC-KD5,MAC-KD5,1
11549046,26070403481755BB8ZLYYEE-DO,MAC-KD5,MAC-KD5,1
11549046,26070403501203B2OOZTHHIU-01,MAC-KD5,MAC-KD5,1
11549046,26070403501203B2OOZTHHIU-DO,MAC-KD5,MAC-KD5,1
11549046,26070403501203HV1AB2LCL-01,MAC-KD5,MAC-KD5,1
11549046,26070403501203HV1AB2LCL-DO,MAC-KD5,MAC-KD5,1
11549046,26070403515425APMUIWAJ-01,MAC-KD5,MAC-KD5,1
11549046,26070403515425APMUIWAJ-DO,MAC-KD5,MAC-KD5,1
11549046,26070403520766EI73YQAH-01,MAC-KD5,MAC-KD5,1
11549046,26070403520766EI73YQAH-DO,MAC-KD5,MAC-KD5,1
11549046,26070403532193CN5MAMR-01,MAC-KD5,MAC-KD5,1
11549046,26070403532193CN5MAMR-DO,MAC-KD5,MAC-KD5,1
11549046,26070403532193TQVISDI9-01,MAC-KD5,MAC-KD5,1
11549046,26070403532193TQVISDI9-DO,MAC-KD5,MAC-KD5,1
11549046,26070403540771O31AXKNAPJ-01,MAC-KD5,MAC-KD5,1
11549046,26070403540771O31AXKNAPJ-DO,MAC-KD5,MAC-KD5,1
11549046,26070403540771U1FVXIZGU-01,MAC-KD5,MAC-KD5,1
11549046,26070403540771U1FVXIZGU-DO,MAC-KD5,MAC-KD5,1
11549046,26070403540772QIU2IAB1UR-01,MAC-KD5,MAC-KD5,1
11549046,26070403540772QIU2IAB1UR-DO,MAC-KD5,MAC-KD5,1
11549046,26070403543723MYAGSTXYE9-01,MAC-KD5,MAC-KD5,1
11549046,26070403543723MYAGSTXYE9-DO,MAC-KD5,MAC-KD5,1
11549046,26070403544260DBD27HKG-01,MAC-KD5,MAC-KD5,1
11549046,26070403544260DBD27HKG-DO,MAC-KD5,MAC-KD5,1
11549046,26070403551999AYZWG2Z9B-01,MAC-KD5,MAC-KD5,1
11549046,26070403551999AYZWG2Z9B-02,MAC-KD5,MAC-KD5,1
11549046,26070403551999AYZWG2Z9B-DO,MAC-KD5,MAC-KD5,1
11549046,26070403551999G4LW5WSB7V-01,MAC-KD5,MAC-KD5,1
11549046,26070403551999G4LW5WSB7V-DO,MAC-KD5,MAC-KD5,1
11549046,26070403551999GQ60INCBKZ-01,MAC-KD5,MAC-KD5,1
11549046,26070403551999GQ60INCBKZ-DO,MAC-KD5,MAC-KD5,1
11549046,260704035530812JWNOODX1-01,MAC-KM5,MAC-KM5,1
11549046,260704035530812JWNOODX1-DO,MAC-KM5,MAC-KD5,1
11549046,26070403561218JWX90YZ0RY-01,MAC-CP5,MAC-CP5,1
11549046,26070403561218JWX90YZ0RY-DO,MAC-CP5,MAC-CP5,1
11549046,26070403561218MWMSM3HZVF-01,MAC-CP5,MAC-CP5,1
11549046,26070403561218MWMSM3HZVF-DO,MAC-CP5,MAC-CP5,1
11549046,26070403561218VMBIVD2AW-01,MAC-CP5,MAC-CP5,1
11549046,26070403561218VMBIVD2AW-DO,MAC-CP5,MAC-CP5,1
11549046,2607040356464182IROXLHK-01,MAC-KD5,MAC-KD5,1
11549046,2607040356464182IROXLHK-DO,MAC-KD5,MAC-KD5,1
11549046,26070403564641KC3TWQK8Y-01,MAC-KD5,MAC-KD5,1
11549046,26070403564641KC3TWQK8Y-DO,MAC-KD5,MAC-KD5,1
11549046,26070403564641R6VCII4TKC-01,MAC-KD5,MAC-KD5,1
11549046,26070403564641R6VCII4TKC-DO,MAC-KD5,MAC-KD5,1
11549046,260704035754010H99GJI27-01,MAC-KM5,MAC-KM5,1
11549046,260704035754010H99GJI27-DO,MAC-KM5,MAC-KM5,1
11549046,26070403575401QTLCWIQI-01,MAC-KM5,MAC-KM5,1
11549046,26070403575401QTLCWIQI-DO,MAC-KM5,MAC-KM5,1
11549046,26070403582618ZQDW6WPFQ-01,MAC-KD5,MAC-KD5,1
11549046,26070403582618ZQDW6WPFQ-DO,MAC-KD5,MAC-KD5,1
11549046,260704035909575QMO3Q5QD-01,MAC-CB5,MAC-CB5,1
11549046,260704035909575QMO3Q5QD-02,MAC-CB5,MAC-CB5,1
11549046,260704035909575QMO3Q5QD-DO,MAC-CB5,MAC-CB5,1
11549046,26070403594178CJ5WKKTHV-01,MAC-KM5,MAC-KM5,1
11549046,26070403594178CJ5WKKTHV-DO,MAC-KM5,MAC-KM5,1
11549046,26070403594178HCQ8ZVYTJF-01,MAC-KM5,MAC-KM5,1
11549046,26070403594178HCQ8ZVYTJF-DO,MAC-KM5,MAC-KM5,1
11549046,26070404013139LWPK0OEOJI-01,MAC-KM5,MAC-KM5,1
11549046,26070404013139LWPK0OEOJI-DO,MAC-KM5,MAC-KD5,1
11549046,26070404013139TMCLGPWG9-01,MAC-KM5,MAC-KM5,1
11549046,26070404013139TMCLGPWG9-DO,MAC-KM5,MAC-KD5,1
11549046,26070404013140NCPRKNCLVF-01,MAC-KM5,MAC-KM5,1
11549046,26070404013140NCPRKNCLVF-DO,MAC-KM5,MAC-KD5,1
11549046,26070404020633JVTGIIFI-01,MAC-KD5,MAC-KD5,1
11549046,26070404020633JVTGIIFI-DO,,MAC-KD5,1
11549046,26070404030846CG4IFZQSB-01,MAC-KD5,MAC-KD5,1
11549046,26070404030846CG4IFZQSB-DO,MAC-KD5,MAC-KD5,1
11549046,26070404030846SJQYXM8OEB-01,MAC-KD5,MAC-KD5,1
11549046,26070404030846SJQYXM8OEB-DO,MAC-KD5,MAC-KD5,1
11549046,26070404030846WZQ0V9USFA-01,MAC-KD5,MAC-KD5,1
11549046,26070404030846WZQ0V9USFA-DO,MAC-KD5,MAC-KD5,1
11549046,26070404030846Y9N0K8ZCO-01,MAC-KD5,MAC-KD5,1
11549046,26070404030846Y9N0K8ZCO-DO,MAC-KD5,MAC-KD5,1
11549046,260704041032588TMBTNARDG-01,MAC-KD5,MAC-KD5,1
11549046,260704041032588TMBTNARDG-DO,,MAC-KD5,1
11549046,26070404103258EMHXP6CIN1-01,MAC-KD5,MAC-KD5,1
11549046,26070404103258EMHXP6CIN1-DO,,MAC-KD5,1
11549046,26070404103258GFSEBPOUE-01,MAC-KD5,MAC-KD5,1
11549046,26070404103258GFSEBPOUE-DO,,MAC-KD5,1
11549046,260704041211909GVCA9M3O-01,MAC-KD5,MAC-KD5,1
11549046,260704041211909GVCA9M3O-DO,,MAC-KD5,1
11549046,26070404164118VKTBPJVHF-01,MAC-KD5,MAC-KD5,1
11549046,26070404164118VKTBPJVHF-DO,,MAC-KD5,1
11549046,26070404172390RLOGWRGX-01,MAC-CP5,MAC-CP5,1
11549046,26070404172390RLOGWRGX-DO,MAC-CP5,MAC-CP5,1
11549046,26070404175249QOB7NEIFJ-01,MAC-KM5,MAC-KM5,1
11549046,26070404175249QOB7NEIFJ-DO,MAC-KM5,MAC-KD5,1
11549046,26070404251161MOR2R9YALB-01,MAC-KD5,MAC-KD5,1
11549046,26070404251161MOR2R9YALB-DO,MAC-KD5,MAC-KD5,1
11549046,26070404251161YRROYKGJU-01,MAC-KD5,MAC-KD5,1
11549046,26070404251161YRROYKGJU-DO,MAC-KD5,MAC-KD5,1
11549046,26070404253933P5BFTY1HF-01,MAC-KD5,MAC-KD5,1
11549046,26070404253933P5BFTY1HF-DO,,MAC-KD5,1
11549046,260704043117236GFP3CSIH9-01,MAC-CB5,MAC-CB5,1
11549046,260704043117236GFP3CSIH9-DO,MAC-CB5,MAC-CB5,1
11549046,26070404311723K8BS5T0GU-01,MAC-CB5,MAC-CB5,1
11549046,26070404311723K8BS5T0GU-DO,MAC-CB5,MAC-CB5,1
11549046,260704043122308MWUXGEKEU-01,MAC-KD5,MAC-KD5,1
11549046,260704043122308MWUXGEKEU-02,MAC-KD5,MAC-KD5,1
11549046,260704043122308MWUXGEKEU-DO,MAC-KD5,MAC-KD5,1
11549046,26070404312230E9FNKSMVY-01,MAC-KD5,MAC-KD5,1
11549046,26070404312230E9FNKSMVY-DO,MAC-KD5,MAC-KD5,1
11549046,26070404322020YC0UT3S1W-01,MAC-KM5,MAC-KM5,1
11549046,26070404322020YC0UT3S1W-DO,MAC-KM5,MAC-KD5,1
11549046,26070404441213OPAPHJZ4O-01,MAC-KM5,MAC-KM5,1
11549046,26070404441213OPAPHJZ4O-DO,MAC-KM5,MAC-KD5,1
11549046,26070404505583QLBDGR4OEV-01,MAC-KM5,MAC-KM5,1
11549046,26070404505583QLBDGR4OEV-DO,,MAC-KD5,1
11549046,26070404505583VII25MFQQ-01,MAC-KM5,MAC-KM5,1
11549046,26070404505583VII25MFQQ-DO,,MAC-KD5,1
11549046,26070404573566AT8VLOTJF-01,MAC-KM5,MAC-KM5,1
11549046,26070404573566AT8VLOTJF-DO,MAC-KM5,MAC-KD5,1
11549046,26070404573566N1WGNGFDGN-01,MAC-KM5,MAC-KM5,1
11549046,26070404573566N1WGNGFDGN-DO,MAC-KM5,MAC-KD5,1
11549046,26070405042292OM9Z39TR-01,MAC-CP5,MAC-CP5,1
11549046,26070405042292OM9Z39TR-DO,MAC-CP5,MAC-CP5,1
11549046,26070405044651PJ8BDUTFJ-01,MAC-KD5,MAC-KD5,1
11549046,26070405044651PJ8BDUTFJ-DO,MAC-KD5,MAC-KD5,1
11549046,26070405044651TEUBYZKMVJ-01,MAC-KD5,MAC-KD5,1
11549046,26070405044651TEUBYZKMVJ-DO,MAC-KD5,MAC-KD5,1
11549046,260704050808131HNMVV2ZB-01,MAC-KM5,MAC-KM5,1
11549046,260704050808131HNMVV2ZB-DO,,MAC-KD5,1
11549046,26070405080813EOSJ3TA5N-01,MAC-KM5,MAC-KM5,1
11549046,26070405080813EOSJ3TA5N-DO,,MAC-KD5,1
11549046,26070405080813GIUTSCYPY-01,MAC-KM5,MAC-KM5,1
11549046,26070405080813GIUTSCYPY-DO,,MAC-KD5,1
11549046,26070405092921K4DJ8XJR-01,MAC-KD5,MAC-KD5,1
11549046,26070405092921K4DJ8XJR-DO,MAC-KD5,MAC-KD5,1
11549046,26070405092921R6UMRUKD0-01,MAC-KD5,MAC-KD5,1
11549046,26070405092921R6UMRUKD0-DO,MAC-KD5,MAC-KD5,1
11549046,26070405092921TCBX7FTF7D-01,MAC-KD5,MAC-KD5,1
11549046,26070405092921TCBX7FTF7D-DO,MAC-KD5,MAC-KD5,1
11549046,26070405123931KVYXRHKO6-01,MAC-KD5,MAC-KD5,1
11549046,26070405123931KVYXRHKO6-DO,,MAC-KD5,1
11549046,26070405155025FMG0F3GKM-01,MAC-KM5,MAC-KM5,1
11549046,26070405155025FMG0F3GKM-DO,MAC-KM5,MAC-KD5,1
11549046,26070405155935FW4YR9E2D-01,MAC-KD5,MAC-KD5,1
11549046,26070405155935FW4YR9E2D-DO,,MAC-KD5,1
11549046,2607040518461404OLKBDUC-01,MAC-KD5,MAC-KD5,1
11549046,2607040518461404OLKBDUC-DO,,MAC-KD5,1
11549046,26070405184614CPSBJDMFOF-01,MAC-KD5,MAC-KD5,1
11549046,26070405184614CPSBJDMFOF-DO,,MAC-KD5,1
11549046,260704052106006U3UWKWPML-01,MAC-KD5,MAC-KD5,1
11549046,260704052106006U3UWKWPML-DO,MAC-KD5,MAC-KD5,1
11549046,26070405210600YFQ1NDU7DA-01,MAC-KD5,MAC-KD5,1
11549046,26070405210600YFQ1NDU7DA-DO,MAC-KD5,MAC-KD5,1
11549046,26070405231420NV7Y72LLS-01,MAC-KM5,MAC-KM5,1
11549046,26070405231420NV7Y72LLS-DO,,MAC-KD5,1
11549046,26070405253454QMWL00P4X-01,MAC-CP5,MAC-CP5,1
11549046,26070405253454QMWL00P4X-DO,MAC-CP5,MAC-CP5,1
11549046,26070405351690LNNXMYBML-01,MAC-CB5,MAC-CB5,1
11549046,26070405351690LNNXMYBML-DO,MAC-CB5,MAC-CB5,1
11549046,26070405425560RNPYMLXHT-01,MAC-KM5,MAC-KM5,1
11549046,26070405425560RNPYMLXHT-DO,MAC-KM5,MAC-KD5,1
11549046,26070405532810C2WLAHSYQ-01,MAC-KD5,MAC-KD5,1
11549046,26070405532810C2WLAHSYQ-DO,,MAC-KD5,1
11549046,26070405532810MICDX6N2HX-01,MAC-KD5,MAC-KD5,1
11549046,26070405532810MICDX6N2HX-DO,,MAC-KD5,1
11549046,260704060650410XTU68TD-01,MAC-KD5,MAC-KD5,1
11549046,260704060650410XTU68TD-DO,MAC-KD5,MAC-KD5,1
11549046,260704064613824IKV1VIJDB-01,MAC-KD5,MAC-KD5,1
11549046,260704064613824IKV1VIJDB-DO,MAC-KD5,MAC-KD5,1
11549046,26070406461382VJYXX1VSOI-01,MAC-KD5,MAC-KD5,1
11549046,26070406461382VJYXX1VSOI-DO,MAC-KD5,MAC-KD5,1
11549046,26070406484498GBNWFKO8N-01,MAC-KD5,MAC-KD5,1
11549046,26070406484498GBNWFKO8N-DO,,MAC-KD5,1
11549046,26070406485996FRMH6ER6W-01,MAC-KD5,MAC-KD5,1
11549046,26070406485996FRMH6ER6W-DO,,MAC-KD5,1
11549046,26070406485996GJP4HYVWTU-01,MAC-KD5,MAC-KD5,1
11549046,26070406485996GJP4HYVWTU-02,MAC-KD5,MAC-KD5,1
11549046,26070406485996GJP4HYVWTU-DO,,MAC-KD5,1
11549046,26070407003506THXPBRRIA-01,MAC-KD5,MAC-KD5,1
11549046,26070407003506THXPBRRIA-DO,,MAC-KD5,1
11549046,26070407003506TZRAWXLW9T-01,MAC-KD5,MAC-KD5,1
11549046,26070407003506TZRAWXLW9T-DO,,MAC-KD5,1
11549046,26070407003506YUTBHRTSBD-01,MAC-KD5,MAC-KD5,1
11549046,26070407003506YUTBHRTSBD-DO,,MAC-KD5,1
11549046,26070407053348BUWTEBONL-01,MAC-KD5,MAC-KD5,1
11549046,26070407053348BUWTEBONL-DO,,MAC-KD5,1
11549046,26070407210499S0RBYB4MY-01,MAC-KD5,MAC-KD5,1
11549046,26070407210499S0RBYB4MY-DO,,MAC-KD5,1
11549046,26070407275757XXKPMIEAQC-01,MAC-KD5,MAC-KD5,1
11549046,26070407275757XXKPMIEAQC-DO,,MAC-KD5,1
11549046,260704072904931ZFOX8OBO-01,MAC-CB5,MAC-CB5,1
11549046,260704072904931ZFOX8OBO-DO,,MAC-KD5,1
11549046,260704072904934PGFPRIDVK-01,MAC-CB5,MAC-CB5,1
11549046,260704072904934PGFPRIDVK-DO,,MAC-KD5,1
11549046,260704074143982AAOKJ2W-01,MAC-KD5,MAC-KD5,1
11549046,260704074143982AAOKJ2W-DO,,MAC-KD5,1
11549046,2607040749016489HG7TTNE6-01,MAC-CB5,MAC-CB5,1
11549046,2607040749016489HG7TTNE6-DO,MAC-CB5,MAC-CB5,1
11549046,26070407490164KIQZOZNB-01,MAC-CB5,MAC-CB5,1
11549046,26070407490164KIQZOZNB-DO,MAC-CB5,MAC-CB5,1
11549046,26070407490164XP1SX1H3-01,MAC-CB5,MAC-CB5,1
11549046,26070407490164XP1SX1H3-DO,MAC-CB5,MAC-CB5,1
11549046,26070407510865RQ7RHD9W-01,MAC-CB5,MAC-CB5,1
11549046,26070407510865RQ7RHD9W-DO,MAC-CB5,MAC-CB5,1
11549046,260704075925906X0TZH5M9-01,MAC-KD5,MAC-KD5,1
11549046,260704075925906X0TZH5M9-DO,,MAC-KD5,1
11549046,26070407592590WX6GAXQSOO-01,MAC-KD5,MAC-KD5,1
11549046,26070407592590WX6GAXQSOO-DO,,MAC-KD5,1
11549046,26070407592590XNUGLE7E0-01,MAC-KD5,MAC-KD5,1
11549046,26070407592590XNUGLE7E0-DO,,MAC-KD5,1
11549046,26070408101159FTZW7MZR6-01,MAC-CB5,MAC-CB5,1
11549046,26070408101159FTZW7MZR6-DO,MAC-CB5,MAC-CB5,1
11549046,26070408101159KJYZR7ARTF-01,MAC-CB5,MAC-CB5,1
11549046,26070408101159KJYZR7ARTF-DO,MAC-CB5,MAC-CB5,1
11549046,260704083533666BHQPVFDJC-01,MAC-CB5,MAC-CB5,1
11549046,260704083533666BHQPVFDJC-DO,MAC-CB5,MAC-CB5,1
11549046,2607040835336686AFDJBJ7I-01,MAC-CB5,MAC-CB5,1
11549046,2607040835336686AFDJBJ7I-DO,MAC-CB5,MAC-CB5,1
11549046,26070408353366BLQQ9APZON-01,MAC-CB5,MAC-CB5,1
11549046,26070408353366BLQQ9APZON-DO,MAC-CB5,MAC-CB5,1
11549046,26070408353366D8I208QT6-01,MAC-CB5,MAC-CB5,1
11549046,26070408353366D8I208QT6-02,MAC-CB5,MAC-CB5,1
11549046,26070408353366D8I208QT6-DO,MAC-CB5,MAC-CB5,1
11549046,26070408353366DBFGGUGMCU-01,MAC-CB5,MAC-CB5,1
11549046,26070408353366DBFGGUGMCU-DO,MAC-CB5,MAC-CB5,1
11549046,26070408353366HXV6X6XXQF-01,MAC-CB5,MAC-CB5,1
11549046,26070408353366HXV6X6XXQF-02,MAC-CB5,MAC-CB5,1
11549046,26070408353366HXV6X6XXQF-DO,MAC-CB5,MAC-CB5,1
11549046,26070408353366LG4T5L2BOB-01,MAC-CB5,MAC-CB5,1
11549046,26070408353366LG4T5L2BOB-02,MAC-CB5,MAC-CB5,1
11549046,26070408353366LG4T5L2BOB-DO,MAC-CB5,MAC-CB5,1
11549046,26070408353366ZEOUSOC28D-01,MAC-CB5,MAC-CB5,1
11549046,26070408353366ZEOUSOC28D-DO,MAC-CB5,MAC-CB5,1
11549046,26070408431308DULHQFSCN-01,MAC-CB5,MAC-CB5,1
11549046,26070408431308DULHQFSCN-DO,,MAC-KD5,1
11549046,260704085450993P8JAXZUJ-01,MAC-KD5,MAC-KD5,1
11549046,260704085450993P8JAXZUJ-DO,,MAC-KD5,1
11549046,26070409272641KQVTNAENJ-01,MAC-KD5,MAC-KD5,1
11549046,26070409272641KQVTNAENJ-DO,,MAC-KD5,1
11549046,2607040927264258XBETQ4J-01,MAC-KD5,MAC-KD5,1
11549046,2607040927264258XBETQ4J-DO,,MAC-KD5,1
11549046,2607040938526901CX44FFUD-01,MAC-KD5,MAC-KD5,1
11549046,2607040938526901CX44FFUD-DO,,MAC-KD5,1
11549046,26070409385269AU1HKWXWU-01,MAC-KD5,MAC-KD5,1
11549046,26070409385269AU1HKWXWU-DO,,MAC-KD5,1
11549046,26070409385269BPB2AO7LFG-01,MAC-KD5,MAC-KD5,1
11549046,26070409385269BPB2AO7LFG-02,MAC-KD5,MAC-KD5,1
11549046,26070409385269BPB2AO7LFG-DO,,MAC-KD5,1
11549046,26070409385269SFLHPKMHPR-01,MAC-KD5,MAC-KD5,1
11549046,26070409385269SFLHPKMHPR-DO,,MAC-KD5,1
11549046,26070409402868HCYCKD94Y0-01,MAC-KD5,MAC-KD5,1
11549046,26070409402868HCYCKD94Y0-DO,,MAC-KD5,1
11549046,26070409402868UA9WJFEXS6-01,MAC-KD5,MAC-KD5,1
11549046,26070409402868UA9WJFEXS6-DO,,MAC-KD5,1
11549046,260704095128450BOBBFBDX-01,MAC-KD5,MAC-KD5,1
11549046,260704095128450BOBBFBDX-DO,,MAC-KD5,1
11549046,260704100343188X3QYZAT3-01,MAC-KD5,MAC-KD5,1
11549046,260704100343188X3QYZAT3-DO,,MAC-KD5,1
11549046,26070410320840QCYLNNSXD-01,MAC-KD5,MAC-KD5,1
11549046,26070410320840QCYLNNSXD-DO,MAC-KD5,MAC-KD5,1
11549046,2607041103410336O2PM0Q8-01,MAC-KD5,MAC-KD5,1
11549046,2607041103410336O2PM0Q8-DO,,MAC-KD5,1
11549046,26070411034103HQLFTSK3U-01,MAC-KD5,MAC-KD5,1
11549046,26070411034103HQLFTSK3U-DO,,MAC-KD5,1
11549046,26070411151768FT7FPGT1V-01,MAC-KD5,MAC-KD5,1
11549046,26070411151768FT7FPGT1V-DO,,MAC-KD5,1
11549046,26070411151768YHAGGDBW9P-01,MAC-KD5,MAC-KD5,1
11549046,26070411151768YHAGGDBW9P-DO,,MAC-KD5,1
11549046,260704113636466IJBLINO-01,MAC-KM5,MAC-KM5,1
11549046,260704113636466IJBLINO-DO,MAC-KM5,MAC-KD5,1
11549046,260704113753386PAIVBEKOO-01,MAC-CP5,MAC-CP5,1
11549046,260704113753386PAIVBEKOO-DO,MAC-CP5,MAC-CP5,1
11549046,260704113753386SBALFHKG-01,MAC-CP5,MAC-CP5,1
11549046,260704113753386SBALFHKG-DO,MAC-CP5,MAC-CP5,1
11549046,26070411592766LZKS6IK2-01,MAC-KD5,MAC-KD5,1
11549046,26070411592766LZKS6IK2-DO,MAC-KD5,MAC-KD5,1
11549046,26070412191907QIUHL04GF-01,MAC-CB5,MAC-CB5,1
11549046,26070412191907QIUHL04GF-DO,MAC-CB5,MAC-CB5,1
11549046,26070412191907QMOLTERLZ-01,MAC-CB5,MAC-CB5,1
11549046,26070412191907QMOLTERLZ-DO,MAC-CB5,MAC-CB5,1
11549046,26070412292182SNY36RQRN-01,MAC-CB5,MAC-CB5,1
11549046,26070412292182SNY36RQRN-DO,MAC-CB5,MAC-CB5,1
11549046,26070412355819IRAXUO0CH-01,MAC-CB5,MAC-CB5,1
11549046,26070412355819IRAXUO0CH-DO,MAC-CB5,MAC-CB5,1
11549046,26070412385159CNAN553NI-01,MAC-CP5,MAC-CP5,1
11549046,26070412385159CNAN553NI-DO,MAC-CP5,MAC-CP5,1
11549046,26070412503333HER2KFO73-01,MAC-CB5,MAC-CB5,1
11549046,26070412503333HER2KFO73-DO,MAC-CB5,MAC-CB5,1
11549046,260704125053681JK7CJI5F-01,MAC-KD5,MAC-KD5,1
11549046,260704125053681JK7CJI5F-DO,,MAC-KD5,1
11549046,26070412540964IVWEDGP2DH-01,MAC-CB5,MAC-CB5,1
11549046,26070412540964IVWEDGP2DH-DO,MAC-CB5,MAC-CB5,1
11549046,26070412540964R0APV8XB6K-01,MAC-CB5,MAC-CB5,1
11549046,26070412540964R0APV8XB6K-DO,MAC-CB5,MAC-CB5,1
11549046,26070412540964VVIQFOAW9-01,MAC-CB5,MAC-CB5,1
11549046,26070412540964VVIQFOAW9-DO,MAC-CB5,MAC-CB5,1
11549046,26070413075847B59WHENSV-01,MAC-CB5,MAC-CB5,1
11549046,26070413075847B59WHENSV-DO,MAC-CB5,MAC-CB5,1
11549046,26070413075847FP7S8VFPX-01,MAC-CB5,MAC-CB5,1
11549046,26070413075847FP7S8VFPX-DO,MAC-CB5,MAC-CB5,1
11549046,26070413133712OJDINY2TW-01,MAC-KD5,MAC-KD5,1
11549046,26070413133712OJDINY2TW-DO,,MAC-KD5,1
11549046,26070413192476ENWQFVNIW-01,MAC-KD5,MAC-KD5,1
11549046,26070413192476ENWQFVNIW-DO,,MAC-KD5,1
11549046,260704134951543VATB7PM4D-01,MAC-KD5,MAC-KD5,1
11549046,260704134951543VATB7PM4D-02,MAC-KD5,MAC-KD5,1
11549046,260704134951543VATB7PM4D-DO,,MAC-KD5,1
11549046,26070413495154VSS2ZIYQR-01,MAC-KD5,MAC-KD5,1
11549046,26070413495154VSS2ZIYQR-DO,,MAC-KD5,1
11549046,26070413574002WTTVU45-01,MAC-KD5,MAC-KD5,1
11549046,26070413574002WTTVU45-DO,,MAC-KD5,1
11549046,26070414020325O4VK1G9A-01,MAC-CB5,MAC-CB5,1
11549046,26070414020325O4VK1G9A-DO,MAC-CB5,MAC-CB5,1
11549046,26070414132457BK9HA3RH-01,MAC-KD5,MAC-KD5,1
11549046,26070414132457BK9HA3RH-DO,,MAC-KD5,1
11549046,26070414132457NT8XKQWJAG-01,MAC-KD5,MAC-KD5,1
11549046,26070414132457NT8XKQWJAG-02,MAC-KD5,MAC-KD5,1
11549046,26070414132457NT8XKQWJAG-DO,,MAC-KD5,1
11549046,260704143425401SEJQWOSXN-01,MAC-KD5,MAC-KD5,1
11549046,260704143425401SEJQWOSXN-DO,,MAC-KD5,1
11549046,26070414342540SCWXQMES4-01,MAC-KD5,MAC-KD5,1
11549046,26070414342540SCWXQMES4-DO,,MAC-KD5,1
11549046,26070414391229DUZHOY06E-01,MAC-KM5,MAC-KM5,1
11549046,26070414391229DUZHOY06E-DO,MAC-KM5,MAC-KD5,1
11549046,26070414515392I1U3RW9M-01,MAC-CP5,MAC-CP5,1
11549046,26070414515392I1U3RW9M-DO,MAC-CP5,MAC-CP5,1
11549046,26070416511187MJDMTRGD-01,MAC-KD5,MAC-KD5,1
11549046,26070416511187MJDMTRGD-DO,,MAC-KD5,1
11549046,26070416511187WY2WUOFJT-01,MAC-KD5,MAC-KD5,1
11549046,26070416511187WY2WUOFJT-DO,,MAC-KD5,1
11549046,26070416583918VEVWFZ9AX-01,MAC-KM5,MAC-KM5,1
11549046,26070416583918VEVWFZ9AX-DO,MAC-KM5,MAC-KD5,1
11549046,260704172102983VKSGDTP-01,MAC-KM5,MAC-KM5,1
11549046,260704172102983VKSGDTP-02,MAC-KM5,MAC-KM5,1
11549046,260704172102983VKSGDTP-DO,MAC-KM5,MAC-KD5,1
11549046,2607041742448719VVFZIVK-01,MAC-CP5,MAC-CP5,1
11549046,2607041742448719VVFZIVK-DO,MAC-CP5,MAC-CP5,1
11549046,26070417424487FASHDRVPH-01,MAC-CP5,MAC-CP5,1
11549046,26070417424487FASHDRVPH-DO,MAC-CP5,MAC-CP5,1
11549046,26070418125007WUALPJY0-01,MAC-KD5,MAC-KD5,1
11549046,26070418125007WUALPJY0-DO,,MAC-KD5,1
11549046,26070422450893BZTEFQTCBT-01,MAC-KM5,MAC-KM5,1
11549046,26070422450893BZTEFQTCBT-DO,,MAC-KD5,1
11549046,26070422450893SLS28T56-01,MAC-KM5,MAC-KM5,1
11549046,26070422450893SLS28T56-DO,,MAC-KD5,1
11549046,26070423254172MDIRTKGIY-01,MAC-KD5,MAC-KD5,1
11549046,26070423254172MDIRTKGIY-DO,,MAC-KD5,1
11549046,26070423491945PNVDNGB94-01,MAC-KD5,MAC-KD5,1
11549046,26070423491945PNVDNGB94-DO,,MAC-KD5,1
11549046,26070500004970WG1A3T2N-01,MAC-KD5,MAC-KD5,1
11549046,26070500004970WG1A3T2N-DO,,MAC-KD5,1
11549046,26070500122516IHYE2HV69V-01,MAC-KD5,MAC-KD5,1
11549046,26070500122516IHYE2HV69V-DO,,MAC-KD5,1
11549046,26070500122516MXBD2E8MQ-01,MAC-KD5,MAC-KD5,1
11549046,26070500122516MXBD2E8MQ-DO,,MAC-KD5,1
11549046,26070500122516YMSXTZ3I5-01,MAC-KD5,MAC-KD5,1
11549046,26070500122516YMSXTZ3I5-DO,,MAC-KD5,1
11549046,26070500173488OJ7QDG9U-01,MAC-CB5,MAC-CB5,1
11549046,26070500173488OJ7QDG9U-DO,MAC-CB5,MAC-CB5,1
11549046,26070500214730AFTU0DJJX-01,MAC-KD5,MAC-KD5,1
11549046,26070500214730AFTU0DJJX-DO,,MAC-KD5,1
11549046,260705002248873KZ98FJW7L-01,MAC-CB5,MAC-CB5,1
11549046,260705002248873KZ98FJW7L-DO,MAC-CB5,MAC-CB5,1
11549046,26070500224887GJPRLS9YL-01,MAC-CB5,MAC-CB5,1
11549046,26070500224887GJPRLS9YL-DO,MAC-CB5,MAC-KD5,1
11549046,26070500285181DTBJGWIIQ-01,MAC-KD5,MAC-KD5,1
11549046,26070500285181DTBJGWIIQ-DO,,MAC-KD5,1
11549046,26070500291069EGVPAVPJQ-01,MAC-KM5,MAC-KM5,1
11549046,26070500291069EGVPAVPJQ-DO,,MAC-KD5,1
11549046,26070500321481X0QSY3NQD-01,MAC-KD5,MAC-KD5,1
11549046,26070500321481X0QSY3NQD-DO,,MAC-KD5,1
11549046,26070500374982VV1KWUPH-01,MAC-KD5,MAC-KD5,1
11549046,26070500374982VV1KWUPH-DO,,MAC-KD5,1
11549046,26070500374983K4ZWWQJS3H-01,MAC-KD5,MAC-KD5,1
11549046,26070500374983K4ZWWQJS3H-DO,,MAC-KD5,1
11549046,260705003858630UZMU4NUC-01,MAC-KD5,MAC-KD5,1
11549046,260705003858630UZMU4NUC-DO,,MAC-KD5,1
11549046,26070500385863Q8RYYXDZZV-01,MAC-KD5,MAC-KD5,1
11549046,26070500385863Q8RYYXDZZV-DO,,MAC-KD5,1
11549046,26070500410518G1YADSLUA-01,MAC-KD5,MAC-KD5,1
11549046,26070500410518G1YADSLUA-DO,MAC-KD5,MAC-KD5,1
11549046,26070500410518S3KP5TC4P-01,MAC-KD5,MAC-KD5,1
11549046,26070500410518S3KP5TC4P-DO,MAC-KD5,MAC-KD5,1
11549046,26070500454687DECDPSAHE-01,MAC-KD5,MAC-KD5,1
11549046,26070500454687DECDPSAHE-DO,,MAC-KD5,1
11549046,26070500460418DJZIKWXC9-01,MAC-CB5,MAC-CB5,1
11549046,26070500460418DJZIKWXC9-DO,MAC-CB5,MAC-CB5,1
11549046,26070500460419KAKGZRG56-01,MAC-CB5,MAC-CB5,1
11549046,26070500460419KAKGZRG56-DO,MAC-CB5,MAC-CB5,1
11549046,26070500484328ANFURUDIM-01,MAC-CB5,MAC-CB5,1
11549046,26070500484328ANFURUDIM-DO,MAC-CB5,MAC-CB5,1
11549046,26070500484328N98FTZUAB6-01,MAC-CB5,MAC-CB5,1
11549046,26070500484328N98FTZUAB6-DO,MAC-CB5,MAC-CB5,1
11549046,26070500484575PJYYOA9UZ-01,MAC-KM5,MAC-KM5,1
11549046,26070500484575PJYYOA9UZ-DO,,MAC-KD5,1
11549046,26070500511525LN5ULXRJ-01,MAC-CB5,MAC-CB5,1
11549046,26070500511525LN5ULXRJ-DO,MAC-CB5,MAC-CB5,1
11549046,26070500522251N0ZM0DBW8-01,MAC-CB5,MAC-CB5,1
11549046,26070500522251N0ZM0DBW8-DO,MAC-CB5,MAC-CB5,1
11549046,26070501050897APRELDSN-01,MAC-KD5,MAC-KD5,1
11549046,26070501050897APRELDSN-DO,MAC-KD5,MAC-KD5,1
11549046,260705010508982L7ACAQCG2-01,MAC-KD5,MAC-KD5,1
11549046,260705010508982L7ACAQCG2-DO,MAC-KD5,MAC-KD5,1
11549046,26070501050898VHJZY0IP9D-01,MAC-KD5,MAC-KD5,1
11549046,26070501050898VHJZY0IP9D-DO,MAC-KD5,MAC-KD5,1
11549046,26070501134659YAISKRXOB-01,MAC-CB5,MAC-CB5,1
11549046,26070501134659YAISKRXOB-DO,MAC-CB5,MAC-CB5,1
11549046,26070501175169LAJD7LR-01,MAC-KD5,MAC-KD5,1
11549046,26070501175169LAJD7LR-DO,,MAC-KD5,1
11549046,26070501223129OHIJSCGKFH-01,MAC-KD5,MAC-KD5,1
11549046,26070501223129OHIJSCGKFH-DO,MAC-KD5,MAC-KD5,1
11549046,26070501223129RB76UNGI8-01,MAC-KD5,MAC-KD5,1
11549046,26070501223129RB76UNGI8-DO,MAC-KD5,MAC-KD5,1
11549046,260705012341991LZNKAWXE-01,MAC-CB5,MAC-CB5,1
11549046,260705012341991LZNKAWXE-DO,MAC-CB5,MAC-CB5,1
11549046,260705012341993UIOGIZRE-01,MAC-CB5,MAC-CB5,1
11549046,260705012341993UIOGIZRE-DO,MAC-CB5,MAC-CB5,1
11549046,26070501234199EVQZLUJAF-01,MAC-CB5,MAC-CB5,1
11549046,26070501234199EVQZLUJAF-DO,MAC-CB5,MAC-CB5,1
11549046,26070501234199IFAZ5W7VKE-01,MAC-CB5,MAC-CB5,1
11549046,26070501234199IFAZ5W7VKE-DO,MAC-CB5,MAC-CB5,1
11549046,260705012455542EKYAPRK0E-01,MAC-KD5,MAC-KD5,1
11549046,260705012455542EKYAPRK0E-DO,,MAC-KD5,1
11549046,26070501245554F9DJMJHN-01,MAC-KD5,MAC-KD5,1
11549046,26070501245554F9DJMJHN-DO,,MAC-KD5,1
11549046,26070501245554US2B8UZF1-01,MAC-KD5,MAC-KD5,1
11549046,26070501245554US2B8UZF1-DO,,MAC-KD5,1
11549046,2607050134422332MQ20LI3-01,MAC-KD5,MAC-KD5,1
11549046,2607050134422332MQ20LI3-DO,,MAC-KD5,1
11549046,26070501344223RAOMIIOOE-01,MAC-KD5,MAC-KD5,1
11549046,26070501344223RAOMIIOOE-DO,,MAC-KD5,1
11549046,260705013558357MAW2GRP0-01,MAC-CB5,MAC-CB5,1
11549046,260705013558357MAW2GRP0-DO,,MAC-KD5,1
11549046,26070501355835AUMYH49G23-01,MAC-CB5,MAC-CB5,1
11549046,26070501355835AUMYH49G23-DO,,MAC-KD5,1
11549046,26070501355835DSJ4EUWP0R-01,MAC-CB5,MAC-CB5,1
11549046,26070501355835DSJ4EUWP0R-02,MAC-CB5,MAC-CB5,1
11549046,26070501355835DSJ4EUWP0R-DO,,MAC-KD5,1
11549046,26070501355835P6V3EWZ6UW-01,MAC-CB5,MAC-CB5,1
11549046,26070501355835P6V3EWZ6UW-DO,,MAC-KD5,1
11549046,260705014139586H3BUWK-01,MAC-CB5,MAC-CB5,1
11549046,260705014139586H3BUWK-DO,MAC-CB5,MAC-CB5,1
11549046,26070501413958FYZYVWB7ZO-01,MAC-CB5,MAC-CB5,1
11549046,26070501413958FYZYVWB7ZO-DO,MAC-CB5,MAC-CB5,1
11549046,26070501413958LFIR8ERMIH-01,MAC-CB5,MAC-CB5,1
11549046,26070501413958LFIR8ERMIH-DO,MAC-CB5,MAC-CB5,1
11549046,26070501413958TW4DGTYIJ4-01,MAC-CB5,MAC-CB5,1
11549046,26070501413958TW4DGTYIJ4-02,MAC-CB5,MAC-CB5,1
11549046,26070501413958TW4DGTYIJ4-DO,MAC-CB5,MAC-CB5,1
11549046,26070501450117QWU5AF4MJ-01,MAC-CB5,MAC-CB5,1
11549046,26070501450117QWU5AF4MJ-DO,MAC-CB5,MAC-CB5,1
11549046,26070501450117U7BGHYNBX-01,MAC-CB5,MAC-CB5,1
11549046,26070501450117U7BGHYNBX-DO,MAC-CB5,MAC-CB5,1
11549046,26070501531766HX7FYIQB-01,MAC-KD5,MAC-KD5,1
11549046,26070501531766HX7FYIQB-DO,MAC-KD5,MAC-KD5,1
11549046,26070501560334S7CXU4N4U-01,MAC-KD5,MAC-KD5,1
11549046,26070501560334S7CXU4N4U-DO,MAC-KD5,MAC-KD5,1
11549046,26070501560335NZE8M0BL42-01,MAC-KD5,MAC-KD5,1
11549046,26070501560335NZE8M0BL42-DO,MAC-KD5,MAC-KD5,1
11549046,26070501592404QVLASRUNAL-01,MAC-KD5,MAC-KD5,1
11549046,26070501592404QVLASRUNAL-DO,,MAC-KD5,1
11549046,26070501592404YLAMDBCLN-01,MAC-KD5,MAC-KD5,1
11549046,26070501592404YLAMDBCLN-DO,,MAC-KD5,1
11549046,26070501592404YWZTTKMIRR-01,MAC-KD5,MAC-KD5,1
11549046,26070501592404YWZTTKMIRR-DO,,MAC-KD5,1
11549046,260705020605105KVUDKFYI-01,MAC-KD5,MAC-KD5,1
11549046,260705020605105KVUDKFYI-DO,,MAC-KD5,1
11549046,26070502060510ET9X5GHEKJ-01,MAC-KD5,MAC-KD5,1
11549046,26070502060510ET9X5GHEKJ-DO,,MAC-KD5,1
11549046,26070502100137AKPO2YP1T-01,MAC-CB5,MAC-CB5,1
11549046,26070502100137AKPO2YP1T-DO,MAC-CB5,MAC-CB5,1
11549046,260705021001386HRFV1EBRW-01,MAC-CB5,MAC-CB5,1
11549046,260705021001386HRFV1EBRW-02,MAC-CB5,MAC-CB5,1
11549046,260705021001386HRFV1EBRW-DO,,MAC-KD5,1
11549046,26070502140953HCIXVA4TK-01,MAC-KD5,MAC-KD5,1
11549046,26070502140953HCIXVA4TK-DO,MAC-KD5,MAC-KD5,1
11549046,26070502140953XCBGHY2T3-01,MAC-KD5,MAC-KD5,1
11549046,26070502140953XCBGHY2T3-DO,MAC-KD5,MAC-KD5,1
11549046,26070502155375KDVLJR2S0-01,MAC-KD5,MAC-KD5,1
11549046,26070502155375KDVLJR2S0-DO,MAC-KD5,MAC-KD5,1
11549046,26070502155375KUP83SULAZ-01,MAC-KD5,MAC-KD5,1
11549046,26070502155375KUP83SULAZ-DO,MAC-KD5,MAC-KD5,1
11549046,260705022736185XCNSLWU3-01,MAC-KD5,MAC-KD5,1
11549046,260705022736185XCNSLWU3-DO,MAC-KD5,MAC-KD5,1
11549046,260705022850442Y1G7ZRFL-01,MAC-KM5,MAC-KM5,1
11549046,260705022850442Y1G7ZRFL-DO,,MAC-KD5,1
11549046,26070502285044DSMVOB6IIR-01,MAC-KM5,MAC-KM5,1
11549046,26070502285044DSMVOB6IIR-DO,,MAC-KD5,1
11549046,26070502285044P2HRCHMGZ5-01,MAC-KM5,MAC-KM5,1
11549046,26070502285044P2HRCHMGZ5-DO,,MAC-KD5,1
11549046,26070502285044RQIIPOMOV-01,MAC-KM5,MAC-KM5,1
11549046,26070502285044RQIIPOMOV-DO,,MAC-KD5,1
11549046,26070502372798ELI5HWPES-01,MAC-CP5,MAC-CP5,1
11549046,26070502372798ELI5HWPES-DO,MAC-CP5,MAC-CP5,1
11549046,26070502372798JVVDV6L6HW-01,MAC-CP5,MAC-CP5,1
11549046,26070502372798JVVDV6L6HW-02,MAC-CP5,MAC-CP5,1
11549046,26070502372798JVVDV6L6HW-03,MAC-CP5,MAC-CP5,1
11549046,26070502372798JVVDV6L6HW-DO,MAC-CP5,MAC-CP5,1
11549046,26070502372798L0YBU1YILG-01,MAC-CP5,MAC-CP5,1
11549046,26070502372798L0YBU1YILG-DO,MAC-CP5,MAC-CP5,1
11549046,26070502372798ZCQRSJG3LZ-01,MAC-CP5,MAC-CP5,1
11549046,26070502372798ZCQRSJG3LZ-02,MAC-CP5,MAC-CP5,1
11549046,26070502372798ZCQRSJG3LZ-DO,MAC-CP5,MAC-CP5,1
11549046,260705023751436ZUHN931Q-01,MAC-CP5,MAC-CP5,1
11549046,260705023751436ZUHN931Q-DO,MAC-CP5,MAC-CP5,1
11549046,260705023751438XHFNCT1FM-01,MAC-CP5,MAC-CP5,1
11549046,260705023751438XHFNCT1FM-DO,MAC-CP5,MAC-CP5,1
11549046,2607050239556438B1E1LSXX-01,MAC-KM5,MAC-KM5,1
11549046,2607050239556438B1E1LSXX-DO,,MAC-KD5,1
11549046,26070502395564G9JMUFVR8V-01,MAC-KM5,MAC-KM5,1
11549046,26070502395564G9JMUFVR8V-02,MAC-KM5,MAC-KM5,1
11549046,26070502395564G9JMUFVR8V-DO,,MAC-KD5,1
11549046,26070502395564TDSPJBAPZR-01,MAC-KM5,MAC-KM5,1
11549046,26070502395564TDSPJBAPZR-DO,,MAC-KD5,1
11549046,26070502395564YQMQOONWE-01,MAC-KM5,MAC-KM5,1
11549046,26070502395564YQMQOONWE-DO,,MAC-KD5,1
11549046,260705024249184FSABHLIHV-01,MAC-KM5,MAC-KM5,1
11549046,260705024249184FSABHLIHV-DO,MAC-KM5,MAC-KD5,1
11549046,26070502424918UUV0VOQFE-01,MAC-KM5,MAC-KM5,1
11549046,26070502424918UUV0VOQFE-DO,MAC-KM5,MAC-KD5,1
11549046,26070502445027EPPMYTO8D-01,MAC-CB5,MAC-CB5,1
11549046,26070502445027EPPMYTO8D-DO,MAC-CB5,MAC-CB5,1
11549046,26070502445027XPMSA9IJT-01,MAC-CB5,MAC-CB5,1
11549046,26070502445027XPMSA9IJT-DO,MAC-CB5,MAC-CB5,1
11549046,26070502445027Y7416G1OYP-01,MAC-CB5,MAC-CB5,1
11549046,26070502445027Y7416G1OYP-DO,MAC-CB5,MAC-CB5,1
11549046,26070502474331M03BYPUGN-01,MAC-KD5,MAC-KD5,1
11549046,26070502474331M03BYPUGN-DO,MAC-KD5,MAC-KD5,1
11549046,26070502474332PXPWNCV9D-01,MAC-KD5,MAC-KD5,1
11549046,26070502474332PXPWNCV9D-DO,MAC-KD5,MAC-KD5,1
11549046,260705025023404UUGKVFDM-01,MAC-KD5,MAC-KD5,1
11549046,260705025023404UUGKVFDM-DO,,MAC-KD5,1
11549046,26070502502340GYQS4IWMBN-01,MAC-KD5,MAC-KD5,1
11549046,26070502502340GYQS4IWMBN-02,MAC-KD5,MAC-KD5,1
11549046,26070502502340GYQS4IWMBN-DO,,MAC-KD5,1
11549046,26070502533593JYP6JFOPS-01,MAC-KD5,MAC-KD5,1
11549046,26070502533593JYP6JFOPS-DO,,MAC-KD5,1
11549046,26070502533593L0SY9IIEU5-01,MAC-KD5,MAC-KD5,1
11549046,26070502533593L0SY9IIEU5-DO,,MAC-KD5,1
11549046,260705025546870OXH9KDO8F-01,MAC-KD5,MAC-KD5,1
11549046,260705025546870OXH9KDO8F-DO,,MAC-KD5,1
11549046,26070502554687FUUQAVA5WA-01,MAC-KD5,MAC-KD5,1
11549046,26070502554687FUUQAVA5WA-DO,,MAC-KD5,1
11549046,26070502554687MNHM3FGJ7-01,MAC-KD5,MAC-KD5,1
11549046,26070502554687MNHM3FGJ7-DO,,MAC-KD5,1
11549046,26070502554687XPV0ZXPKO-01,MAC-KD5,MAC-KD5,1
11549046,26070502554687XPV0ZXPKO-DO,,MAC-KD5,1
11549046,26070502573324FVBSIFYSS-01,MAC-KD5,MAC-KD5,1
11549046,26070502573324FVBSIFYSS-DO,,MAC-KD5,1
11549046,26070502594515U1DMJMBIN-01,MAC-KD5,MAC-KD5,1
11549046,26070502594515U1DMJMBIN-DO,,MAC-KD5,1
11549046,26070502595516BUXMK7KLQ-01,MAC-KD5,MAC-KD5,1
11549046,26070502595516BUXMK7KLQ-DO,MAC-KD5,MAC-KD5,1
11549046,26070502595516TXV4CCBF-01,MAC-KD5,MAC-KD5,1
11549046,26070502595516TXV4CCBF-DO,MAC-KD5,MAC-KD5,1
11549046,26070502595516ZAY12IMVT-01,MAC-KD5,MAC-KD5,1
11549046,26070502595516ZAY12IMVT-DO,MAC-KD5,MAC-KD5,1
11549046,26070503024011RCAEELOZ3-01,MAC-KM5,MAC-KM5,1
11549046,26070503024011RCAEELOZ3-DO,MAC-KM5,MAC-KD5,1
11549046,26070503024011TCE72LA6E-01,MAC-KM5,MAC-KM5,1
11549046,26070503024011TCE72LA6E-DO,MAC-KM5,MAC-KD5,1
11549046,26070503171608S3TPMNHMN-01,MAC-CB5,MAC-CB5,1
11549046,26070503171608S3TPMNHMN-DO,MAC-CB5,MAC-CB5,1
11549046,26070503180033SRVOFLTLM-01,MAC-CB5,MAC-CB5,1
11549046,26070503180033SRVOFLTLM-DO,MAC-CB5,MAC-CB5,1
11549046,26070503181142DYNSSBLVS-01,MAC-KM5,MAC-KM5,1
11549046,26070503181142DYNSSBLVS-DO,MAC-KM5,MAC-KD5,1
11549046,26070503195979K1GM5PQVE4-01,MAC-CP5,MAC-CP5,1
11549046,26070503195979K1GM5PQVE4-02,MAC-CP5,MAC-CP5,1
11549046,26070503195979K1GM5PQVE4-DO,MAC-CP5,MAC-CP5,1
11549046,26070503195979RCPNKFPR4-01,MAC-CP5,MAC-CP5,1
11549046,26070503195979RCPNKFPR4-DO,MAC-CP5,MAC-CP5,1
11549046,26070503235981FMNSOJWNVX-01,MAC-CB5,MAC-CB5,1
11549046,26070503235981FMNSOJWNVX-DO,,MAC-KD5,1
11549046,26070503235981GYHNO7GGD-01,MAC-CB5,MAC-CB5,1
11549046,26070503235981GYHNO7GGD-DO,,MAC-KD5,1
11549046,26070503254081C35OH016-01,MAC-CP5,MAC-CP5,1
11549046,26070503254081C35OH016-DO,MAC-CP5,MAC-CP5,1
11549046,26070503254081VYJXY5XMW-01,MAC-CP5,MAC-CP5,1
11549046,26070503254081VYJXY5XMW-DO,MAC-CP5,MAC-CP5,1
11549046,26070503260704AI57ZKEXS-01,MAC-KD5,MAC-KD5,1
11549046,26070503260704AI57ZKEXS-DO,MAC-KD5,MAC-KD5,1
11549046,26070503265868ZFO1JRDQ8-01,MAC-KD5,MAC-KD5,1
11549046,26070503265868ZFO1JRDQ8-DO,,MAC-KD5,1
11549046,26070503320987ISAKPZNHLE-01,MAC-KM5,MAC-KM5,1
11549046,26070503320987ISAKPZNHLE-DO,MAC-KM5,MAC-KD5,1
11549046,26070503320987ZUECA3HPU-01,MAC-KM5,MAC-KM5,1
11549046,26070503320987ZUECA3HPU-DO,MAC-KM5,MAC-KD5,1
11549046,26070503361878BHIYK81FBH-01,MAC-KD5,MAC-KD5,1
11549046,26070503361878BHIYK81FBH-DO,,MAC-KD5,1
11549046,26070503361878HTZHZCPJ7J-01,MAC-KD5,MAC-KD5,1
11549046,26070503361878HTZHZCPJ7J-DO,,MAC-KD5,1
11549046,26070503382205BFYLIWFAL-01,MAC-KD5,MAC-KD5,1
11549046,26070503382205BFYLIWFAL-02,MAC-KD5,MAC-KD5,1
11549046,26070503382205BFYLIWFAL-DO,,MAC-KD5,1
11549046,26070503382205BRSYZKDXIJ-01,MAC-KD5,MAC-KD5,1
11549046,26070503382205BRSYZKDXIJ-02,MAC-KD5,MAC-KD5,1
11549046,26070503382205BRSYZKDXIJ-DO,,MAC-KD5,1
11549046,26070503382206C0KJFKTP4-01,MAC-KD5,MAC-KD5,1
11549046,26070503382206C0KJFKTP4-02,MAC-KD5,MAC-KD5,1
11549046,26070503382206C0KJFKTP4-DO,,MAC-KD5,1
11549046,2607050338340978JTAB1XUC-01,MAC-KD5,MAC-KD5,1
11549046,2607050338340978JTAB1XUC-DO,,MAC-KD5,1
11549046,26070503383409KDYVFFVMJB-01,MAC-KD5,MAC-KD5,1
11549046,26070503383409KDYVFFVMJB-DO,,MAC-KD5,1
11549046,260705034406573RGKHCEBKE-01,MAC-CB5,MAC-CB5,1
11549046,260705034406573RGKHCEBKE-DO,MAC-CB5,MAC-CB5,1
11549046,26070503440657PRZLKOGR3-01,MAC-CB5,MAC-CB5,1
11549046,26070503440657PRZLKOGR3-DO,MAC-CB5,MAC-CB5,1
11549046,26070503460267UMGECCNCL-01,MAC-CB5,MAC-CB5,1
11549046,26070503460267UMGECCNCL-DO,MAC-CB5,MAC-CB5,1
11549046,260705034611383SYZOYQLV-01,MAC-KM5,MAC-KM5,1
11549046,260705034611383SYZOYQLV-DO,MAC-KM5,MAC-KD5,1
11549046,26070503475092TAK6CHMPC-01,MAC-KD5,MAC-KD5,1
11549046,26070503475092TAK6CHMPC-DO,,MAC-KD5,1
11549046,26070503484514F8B5YUCS2-01,MAC-KD5,MAC-KD5,1
11549046,26070503484514F8B5YUCS2-DO,,MAC-KD5,1
11549046,26070503484514WLKOU0I1AP-01,MAC-KD5,MAC-KD5,1
11549046,26070503484514WLKOU0I1AP-DO,,MAC-KD5,1
11549046,26070503494375JTOLSUFCG-01,MAC-KD5,MAC-KD5,1
11549046,26070503494375JTOLSUFCG-DO,MAC-KD5,MAC-KD5,1
11549046,260705035144520HVQYVIAH-01,MAC-KD5,MAC-KD5,1
11549046,260705035144520HVQYVIAH-DO,,MAC-KD5,1
11549046,26070503514452IGCZPH8SYL-01,MAC-KD5,MAC-KD5,1
11549046,26070503514452IGCZPH8SYL-DO,,MAC-KD5,1
11549046,260705035458126RX8FS7UIB-01,MAC-CP5,MAC-CP5,1
11549046,260705035458126RX8FS7UIB-DO,MAC-CP5,MAC-CP5,1
11549046,26070503545812SBQE277IDK-01,MAC-CP5,MAC-CP5,1
11549046,26070503545812SBQE277IDK-DO,MAC-CP5,MAC-CP5,1
11549046,26070503545812SKKV7O8E-01,MAC-CP5,MAC-CP5,1
11549046,26070503545812SKKV7O8E-DO,MAC-CP5,MAC-CP5,1
11549046,26070503564782SYKVK5CTV-01,MAC-KD5,MAC-KD5,1
11549046,26070503564782SYKVK5CTV-DO,,MAC-KD5,1
11549046,26070503564782Y5DFYY1QRN-01,MAC-KD5,MAC-KD5,1
11549046,26070503564782Y5DFYY1QRN-DO,,MAC-KD5,1
11549046,26070503565251IHBLBOJE8-01,MAC-KM5,MAC-KM5,1
11549046,26070503565251IHBLBOJE8-02,MAC-KM5,MAC-KM5,1
11549046,26070503565251IHBLBOJE8-DO,MAC-KM5,MAC-KD5,1
